dispatch_id,route_id,hub_id,dispatch_timestamp,route_class,distance_miles,stop_count,door_open_minutes,transit_duration_hours,cargo_type,pallet_payload,dispatch_status
DSP-10001,RT-ALLE-LOC-01,ALLENTOWN_PA,2025-01-02T16:17:00Z,LOCAL_URBAN,128.5,8,94,8.51,PHARMA_GDP,24,COMPLETED
DSP-10002,RT-HUB_-REG-02,HUB_N,01/02/2025 13:42,REGIONAL_DISTRIB,261.4,4,61,7.56,PHARMA_GDP,26,COMPLETED
DSP-10003,RT-ALLE-REG-03,ALLENTOWN_PA,2025-01-02 18:21:00,REGIONAL_DISTRIB,269.9,6,63,8.43,PERISHABLE_FOOD,26,COMPLETED
DSP-10004,RT-HUB_-LOC-04,HUB_01,2025-01-02T11:24:00Z,LOCAL_URBAN,113.9,9,86,8.18,PHARMA_GDP,24,COMPLETED
DSP-10005,RT-HUB_-REG-05,HUB_01,01/03/2025 07:05,REGIONAL_DISTRIB,292.8,6,58,8.97,PERISHABLE_FOOD,26,COMPLETED
DSP-10006,RT-ALLE-REG-06,ALLENTOWN_PA,2025-01-03 15:44:00,REGIONAL_DISTRIB,298.8,6,61,9.11,PERISHABLE_FOOD,26,COMPLETED
DSP-10007,RT-HUB_-LIN-07,HUB_N,2025-01-03T07:53:00Z,LINEHAUL_CORRIDOR,462.0,2,28,9.55,PERISHABLE_FOOD,26,COMPLETED
DSP-10008,RT-ALLE-LOC-08,ALLENTOWN_PA,01/03/2025 07:59,LOCAL_URBAN,133.4,7,90,8.4,PERISHABLE_FOOD,24,COMPLETED
DSP-10009,RT-ALLE-REG-09,ALLENTOWN_PA,2025-01-04 09:22:00,REGIONAL_DISTRIB,269.9,5,81,8.09,PERISHABLE_FOOD,26,COMPLETED
DSP-10010,RT-HUB_-LOC-10,HUB_01,2025-01-04T15:59:00Z,LOCAL_URBAN,111.7,9,93,8.08,PERISHABLE_FOOD,25,COMPLETED
DSP-10011,RT-HUB_-LOC-11,HUB_N,01/04/2025 10:44,LOCAL_URBAN,124.0,9,107,8.64,PERISHABLE_FOOD,25,COMPLETED
DSP-10012,RT-HUB_-REG-12,HUB_N,2025-01-04 18:13:00,REGIONAL_DISTRIB,264.1,4,82,7.62,PHARMA_GDP,26,COMPLETED
DSP-10013,RT-HUB_-LOC-13,HUB_N,2025-01-05T06:13:00Z,LOCAL_URBAN,124.9,10,113,9.01,PHARMA_GDP,26,COMPLETED
DSP-10014,RT-ALLE-LIN-14,ALLENTOWN_PA,01/05/2025 07:59,LINEHAUL_CORRIDOR,455.1,3,30,9.75,PHARMA_GDP,26,VOID_TEST
DSP-10015,RT-ALLE-LIN-15,ALLENTOWN_PA,2025-01-05 15:49:00,LINEHAUL_CORRIDOR,425.8,3,25,9.19,PERISHABLE_FOOD,26,COMPLETED
DSP-10016,RT-ALLE-REG-16,ALLENTOWN_PA,2025-01-05T14:50:00Z,REGIONAL_DISTRIB,266.9,4,72,7.69,PERISHABLE_FOOD,26,COMPLETED
DSP-10017,RT-HUB_-LIN-17,HUB_N,01/06/2025 07:16,LINEHAUL_CORRIDOR,462.7,2,27,9.56,PHARMA_GDP,26,COMPLETED
DSP-10018,RT-HUB_-LIN-18,HUB_N,2025-01-06 10:03:00,LINEHAUL_CORRIDOR,442.0,1,24,8.83,PERISHABLE_FOOD,26,COMPLETED
DSP-10019,RT-HUB_-LIN-19,HUB_01,2025-01-06T16:11:00Z,LINEHAUL_CORRIDOR,465.7,3,26,9.96,PERISHABLE_FOOD,26,COMPLETED
DSP-10020,RT-ALLE-REG-20,ALLENTOWN_PA,01/06/2025 14:44,REGIONAL_DISTRIB,271.2,4,65,7.79,PHARMA_GDP,26,VOID_TEST
DSP-10021,RT-ALLE-REG-21,ALLENTOWN_PA,2025-01-07 10:12:00,REGIONAL_DISTRIB,270.3,4,82,7.77,PHARMA_GDP,26,COMPLETED
DSP-10022,RT-ALLE-LOC-22,ALLENTOWN_PA,2025-01-07T08:36:00Z,LOCAL_URBAN,133.4,10,95,9.4,PERISHABLE_FOOD,25,COMPLETED
DSP-10023,RT-HUB_-LOC-23,HUB_01,01/07/2025 11:21,LOCAL_URBAN,120.3,7,86,7.8,PHARMA_GDP,26,COMPLETED
DSP-10024,RT-HUB_-LOC-24,HUB_N,2025-01-07 09:25:00,LOCAL_URBAN,123.4,8,107,8.28,PHARMA_GDP,25,COMPLETED
DSP-10025,RT-HUB_-REG-25,HUB_01,2025-01-08T07:29:00Z,REGIONAL_DISTRIB,298.5,4,56,8.44,PERISHABLE_FOOD,26,COMPLETED
DSP-10026,RT-HUB_-LOC-26,HUB_N,01/08/2025 11:30,LOCAL_URBAN,122.1,8,105,8.22,PERISHABLE_FOOD,24,COMPLETED
DSP-10027,RT-HUB_-LIN-27,HUB_01,2025-01-08 07:42:00,LINEHAUL_CORRIDOR,457.1,2,33,9.46,PERISHABLE_FOOD,26,COMPLETED
DSP-10028,RT-HUB_-REG-28,HUB_N,2025-01-08T14:28:00Z,REGIONAL_DISTRIB,284.4,6,65,8.77,PHARMA_GDP,26,COMPLETED
DSP-10029,RT-HUB_-LOC-29,HUB_N,01/09/2025 08:55,LOCAL_URBAN,122.7,8,84,8.24,PERISHABLE_FOOD,26,COMPLETED
DSP-10030,RT-ALLE-LOC-30,ALLENTOWN_PA,2025-01-09 13:50:00,LOCAL_URBAN,124.9,7,106,8.01,PERISHABLE_FOOD,26,COMPLETED
DSP-10031,RT-HUB_-REG-31,HUB_N,2025-01-09T12:50:00Z,REGIONAL_DISTRIB,274.1,5,67,8.19,PHARMA_GDP,26,COMPLETED
DSP-10032,RT-HUB_-LOC-32,HUB_N,01/09/2025 09:38,LOCAL_URBAN,125.5,7,84,8.04,PERISHABLE_FOOD,26,COMPLETED
DSP-10033,RT-HUB_-LIN-33,HUB_N,2025-01-10 15:21:00,LINEHAUL_CORRIDOR,432.2,1,34,8.64,PERISHABLE_FOOD,26,COMPLETED
DSP-10034,RT-HUB_-REG-34,HUB_N,2025-01-10T09:37:00Z,REGIONAL_DISTRIB,285.0,6,58,8.79,PERISHABLE_FOOD,26,COMPLETED
DSP-10035,RT-ALLE-REG-35,ALLENTOWN_PA,01/10/2025 16:10,REGIONAL_DISTRIB,272.3,6,61,8.48,PERISHABLE_FOOD,26,COMPLETED
DSP-10036,RT-ALLE-REG-36,ALLENTOWN_PA,2025-01-10 05:30:00,REGIONAL_DISTRIB,300.7,4,57,8.49,PERISHABLE_FOOD,26,COMPLETED
DSP-10037,RT-HUB_-REG-37,HUB_N,2025-01-11T13:30:00Z,REGIONAL_DISTRIB,271.8,6,69,8.47,PERISHABLE_FOOD,26,COMPLETED
DSP-10038,RT-ALLE-LIN-38,ALLENTOWN_PA,01/11/2025 07:32,LINEHAUL_CORRIDOR,442.7,2,38,9.18,PERISHABLE_FOOD,26,COMPLETED
DSP-10039,RT-HUB_-LIN-39,HUB_N,2025-01-11 15:17:00,LINEHAUL_CORRIDOR,422.6,1,23,8.46,PHARMA_GDP,26,COMPLETED
DSP-10040,RT-HUB_-LIN-40,HUB_N,2025-01-11T18:29:00Z,LINEHAUL_CORRIDOR,468.6,1,33,9.34,PHARMA_GDP,26,COMPLETED
DSP-10041,RT-ALLE-LIN-01,ALLENTOWN_PA,01/12/2025 12:25,LINEHAUL_CORRIDOR,458.6,2,25,9.49,PERISHABLE_FOOD,26,COMPLETED
DSP-10042,RT-HUB_-LOC-02,HUB_01,2025-01-12 08:31:00,LOCAL_URBAN,130.4,10,102,9.26,PHARMA_GDP,24,COMPLETED
DSP-10043,RT-HUB_-LOC-03,HUB_01,2025-01-12T16:23:00Z,LOCAL_URBAN,131.6,9,102,8.98,PERISHABLE_FOOD,25,COMPLETED
DSP-10044,RT-HUB_-LOC-04,HUB_N,01/12/2025 11:52,LOCAL_URBAN,134.3,8,96,8.77,PHARMA_GDP,26,COMPLETED
DSP-10045,RT-HUB_-LOC-05,HUB_01,2025-01-13 09:32:00,LOCAL_URBAN,134.6,7,104,8.45,PERISHABLE_FOOD,24,COMPLETED
DSP-10046,RT-HUB_-REG-06,HUB_N,2025-01-13T10:57:00Z,REGIONAL_DISTRIB,296.3,6,78,9.05,PERISHABLE_FOOD,26,COMPLETED
DSP-10047,RT-ALLE-LIN-07,ALLENTOWN_PA,01/13/2025 13:49,LINEHAUL_CORRIDOR,447.4,3,23,9.6,PERISHABLE_FOOD,26,COMPLETED
DSP-10048,RT-HUB_-LOC-08,HUB_01,2025-01-13 16:17:00,LOCAL_URBAN,117.4,8,92,8.0,PERISHABLE_FOOD,25,COMPLETED
DSP-10049,RT-ALLE-REG-09,ALLENTOWN_PA,2025-01-14T18:07:00Z,REGIONAL_DISTRIB,278.3,4,64,7.96,PHARMA_GDP,26,COMPLETED
DSP-10050,RT-HUB_-REG-10,HUB_01,01/14/2025 15:35,REGIONAL_DISTRIB,279.9,4,71,8.0,PERISHABLE_FOOD,26,COMPLETED
DSP-10051,RT-ALLE-REG-11,ALLENTOWN_PA,2025-01-14 07:31:00,REGIONAL_DISTRIB,275.1,4,76,7.88,PHARMA_GDP,26,COMPLETED
DSP-10052,RT-HUB_-REG-12,HUB_01,2025-01-14T17:14:00Z,REGIONAL_DISTRIB,294.6,5,68,8.68,PERISHABLE_FOOD,26,COMPLETED
DSP-10053,RT-HUB_-LOC-13,HUB_01,01/15/2025 08:21,LOCAL_URBAN,126.4,7,86,8.08,PERISHABLE_FOOD,24,COMPLETED
DSP-10054,RT-ALLE-REG-14,ALLENTOWN_PA,2025-01-15 16:03:00,REGIONAL_DISTRIB,285.1,4,69,8.12,PHARMA_GDP,26,COMPLETED
DSP-10055,RT-ALLE-LOC-15,ALLENTOWN_PA,2025-01-15T13:27:00Z,LOCAL_URBAN,128.9,10,112,9.19,PERISHABLE_FOOD,26,COMPLETED
DSP-10056,RT-HUB_-REG-16,HUB_01,01/15/2025 15:45,REGIONAL_DISTRIB,293.8,6,63,9.0,PERISHABLE_FOOD,26,COMPLETED
DSP-10057,RT-HUB_-REG-17,HUB_N,2025-01-16 07:39:00,REGIONAL_DISTRIB,270.6,5,65,8.11,PERISHABLE_FOOD,26,COMPLETED
DSP-10058,RT-ALLE-LOC-18,ALLENTOWN_PA,2025-01-16T11:33:00Z,LOCAL_URBAN,115.3,10,106,8.57,PHARMA_GDP,25,COMPLETED
DSP-10059,RT-HUB_-LOC-19,HUB_01,01/16/2025 10:18,LOCAL_URBAN,129.2,7,104,8.21,PERISHABLE_FOOD,25,COMPLETED
DSP-10060,RT-HUB_-REG-20,HUB_01,2025-01-16 09:57:00,REGIONAL_DISTRIB,293.1,6,83,8.98,PHARMA_GDP,26,COMPLETED
DSP-10061,RT-HUB_-LOC-21,HUB_01,2025-01-17T15:04:00Z,LOCAL_URBAN,127.0,10,90,9.11,PERISHABLE_FOOD,24,COMPLETED
DSP-10062,RT-HUB_-REG-22,HUB_01,01/17/2025 07:33,REGIONAL_DISTRIB,289.8,4,75,8.23,PERISHABLE_FOOD,26,COMPLETED
DSP-10063,RT-HUB_-LOC-23,HUB_01,2025-01-17 10:23:00,LOCAL_URBAN,118.2,10,97,8.71,PERISHABLE_FOOD,25,COMPLETED
DSP-10064,RT-HUB_-REG-24,HUB_N,2025-01-17T17:31:00Z,REGIONAL_DISTRIB,262.3,5,62,7.91,PERISHABLE_FOOD,26,COMPLETED
DSP-10065,RT-HUB_-REG-25,HUB_N,01/18/2025 14:43,REGIONAL_DISTRIB,288.0,4,59,8.19,PERISHABLE_FOOD,26,COMPLETED
DSP-10066,RT-HUB_-REG-26,HUB_01,2025-01-18 18:22:00,REGIONAL_DISTRIB,267.6,6,85,8.37,PERISHABLE_FOOD,26,COMPLETED
DSP-10067,RT-HUB_-LOC-27,HUB_01,2025-01-18T08:34:00Z,LOCAL_URBAN,110.6,9,104,8.03,PHARMA_GDP,26,COMPLETED
DSP-10068,RT-ALLE-LOC-28,ALLENTOWN_PA,01/18/2025 17:32,LOCAL_URBAN,127.4,9,87,8.79,PERISHABLE_FOOD,26,COMPLETED
DSP-10069,RT-HUB_-REG-29,HUB_01,2025-01-19 12:36:00,REGIONAL_DISTRIB,263.1,6,65,8.26,PHARMA_GDP,26,COMPLETED
DSP-10070,RT-HUB_-REG-30,HUB_01,2025-01-19T15:21:00Z,REGIONAL_DISTRIB,297.3,6,59,9.08,PERISHABLE_FOOD,26,COMPLETED
DSP-10071,RT-HUB_-REG-31,HUB_01,01/19/2025 06:47,REGIONAL_DISTRIB,297.2,6,63,9.08,PHARMA_GDP,26,COMPLETED
DSP-10072,RT-HUB_-REG-32,HUB_N,2025-01-19 10:41:00,REGIONAL_DISTRIB,285.6,6,67,8.8,PHARMA_GDP,26,COMPLETED
DSP-10073,RT-HUB_-REG-33,HUB_01,2025-01-20T13:42:00Z,REGIONAL_DISTRIB,275.3,6,77,8.55,PERISHABLE_FOOD,26,COMPLETED
DSP-10074,RT-ALLE-LOC-34,ALLENTOWN_PA,01/20/2025 13:20,LOCAL_URBAN,123.9,8,110,8.3,PERISHABLE_FOOD,25,COMPLETED
DSP-10075,RT-HUB_-LOC-35,HUB_01,2025-01-20 10:57:00,LOCAL_URBAN,127.3,9,103,8.79,PERISHABLE_FOOD,26,COMPLETED
DSP-10076,RT-ALLE-LOC-36,ALLENTOWN_PA,2025-01-20T16:42:00Z,LOCAL_URBAN,127.6,9,99,8.8,PHARMA_GDP,24,COMPLETED
DSP-10077,RT-ALLE-REG-37,ALLENTOWN_PA,01/21/2025 10:16,REGIONAL_DISTRIB,294.3,4,61,8.34,PHARMA_GDP,26,COMPLETED
DSP-10078,RT-ALLE-REG-38,ALLENTOWN_PA,2025-01-21 09:30:00,REGIONAL_DISTRIB,304.1,4,64,8.57,PHARMA_GDP,26,COMPLETED
DSP-10079,RT-HUB_-LOC-39,HUB_N,2025-01-21T07:25:00Z,LOCAL_URBAN,134.4,9,88,9.11,PERISHABLE_FOOD,25,VOID_TEST
DSP-10080,RT-HUB_-REG-40,HUB_01,01/21/2025 07:22,REGIONAL_DISTRIB,279.8,4,85,8.0,PHARMA_GDP,26,COMPLETED
DSP-10081,RT-HUB_-LOC-01,HUB_01,2025-01-22 09:35:00,LOCAL_URBAN,125.7,7,89,8.05,PHARMA_GDP,26,COMPLETED
DSP-10082,RT-HUB_-REG-02,HUB_N,2025-01-22T13:28:00Z,REGIONAL_DISTRIB,278.7,6,80,8.64,PERISHABLE_FOOD,26,COMPLETED
DSP-10083,RT-ALLE-LIN-03,ALLENTOWN_PA,01/22/2025 17:43,LINEHAUL_CORRIDOR,428.3,3,21,9.24,PERISHABLE_FOOD,26,COMPLETED
DSP-10084,RT-HUB_-REG-04,HUB_01,2025-01-22 11:58:00,REGIONAL_DISTRIB,267.1,4,72,7.69,PHARMA_GDP,26,COMPLETED
DSP-10085,RT-HUB_-LOC-05,HUB_01,2025-01-23T10:20:00Z,LOCAL_URBAN,115.8,9,109,8.26,PHARMA_GDP,24,COMPLETED
DSP-10086,RT-ALLE-REG-06,ALLENTOWN_PA,01/23/2025 10:22,REGIONAL_DISTRIB,302.0,5,58,8.86,PERISHABLE_FOOD,26,COMPLETED
DSP-10087,RT-HUB_-LOC-07,HUB_N,2025-01-23 10:14:00,LOCAL_URBAN,117.7,9,108,8.35,PHARMA_GDP,26,COMPLETED
DSP-10088,RT-HUB_-REG-08,HUB_01,2025-01-23T16:50:00Z,REGIONAL_DISTRIB,282.2,4,74,8.05,PHARMA_GDP,26,COMPLETED
DSP-10089,RT-HUB_-LOC-09,HUB_N,01/24/2025 13:03,LOCAL_URBAN,134.0,7,97,8.42,PERISHABLE_FOOD,24,COMPLETED
DSP-10090,RT-HUB_-LOC-10,HUB_01,2025-01-24 10:50:00,LOCAL_URBAN,124.6,10,85,9.0,PERISHABLE_FOOD,25,COMPLETED
DSP-10091,RT-HUB_-LOC-11,HUB_N,2025-01-24T05:59:00Z,LOCAL_URBAN,127.3,9,105,8.79,PERISHABLE_FOOD,26,COMPLETED
DSP-10092,RT-HUB_-LOC-12,HUB_01,01/24/2025 16:25,LOCAL_URBAN,134.3,10,112,9.44,PERISHABLE_FOOD,24,COMPLETED
DSP-10093,RT-HUB_-LOC-13,HUB_01,2025-01-25 10:05:00,LOCAL_URBAN,123.0,10,108,8.92,PERISHABLE_FOOD,24,COMPLETED
DSP-10094,RT-HUB_-LOC-14,HUB_01,2025-01-25T17:45:00Z,LOCAL_URBAN,127.5,7,81,8.13,PERISHABLE_FOOD,26,COMPLETED
DSP-10095,RT-HUB_-REG-15,HUB_01,01/25/2025 12:37,REGIONAL_DISTRIB,284.9,4,62,8.12,PERISHABLE_FOOD,26,COMPLETED
DSP-10096,RT-HUB_-REG-16,HUB_N,2025-01-25 12:45:00,REGIONAL_DISTRIB,292.2,6,77,8.96,PHARMA_GDP,26,COMPLETED
DSP-10097,RT-HUB_-LOC-17,HUB_N,2025-01-26T11:29:00Z,LOCAL_URBAN,133.0,8,84,8.71,PHARMA_GDP,25,COMPLETED
DSP-10098,RT-HUB_-REG-18,HUB_01,01/26/2025 07:58,REGIONAL_DISTRIB,272.7,5,81,8.16,PERISHABLE_FOOD,26,COMPLETED
DSP-10099,RT-HUB_-LOC-19,HUB_01,2025-01-26 16:45:00,LOCAL_URBAN,129.1,10,109,9.2,PERISHABLE_FOOD,24,COMPLETED
DSP-10100,RT-HUB_-LIN-20,HUB_N,2025-01-26T12:12:00Z,LINEHAUL_CORRIDOR,434.6,2,35,9.02,PERISHABLE_FOOD,26,COMPLETED
DSP-10101,RT-ALLE-LIN-21,ALLENTOWN_PA,01/27/2025 07:25,LINEHAUL_CORRIDOR,439.7,1,24,8.79,PERISHABLE_FOOD,26,COMPLETED
DSP-10102,RT-HUB_-REG-22,HUB_N,2025-01-27 07:00:00,REGIONAL_DISTRIB,280.6,6,59,8.68,PHARMA_GDP,26,COMPLETED
DSP-10103,RT-HUB_-LOC-23,HUB_01,2025-01-27T11:50:00Z,LOCAL_URBAN,127.3,7,101,8.12,PERISHABLE_FOOD,26,COMPLETED
DSP-10104,RT-HUB_-LIN-24,HUB_01,01/27/2025 09:17,LINEHAUL_CORRIDOR,412.2,1,27,8.26,PERISHABLE_FOOD,26,COMPLETED
DSP-10105,RT-HUB_-REG-25,HUB_N,2025-01-28 05:32:00,REGIONAL_DISTRIB,291.7,4,69,8.28,PHARMA_GDP,26,COMPLETED
DSP-10106,RT-HUB_-LOC-26,HUB_N,2025-01-28T16:20:00Z,LOCAL_URBAN,119.4,8,95,8.09,PERISHABLE_FOOD,26,COMPLETED
DSP-10107,RT-HUB_-LOC-27,HUB_N,01/28/2025 08:59,LOCAL_URBAN,131.8,8,111,8.66,PERISHABLE_FOOD,24,COMPLETED
DSP-10108,RT-HUB_-LOC-28,HUB_01,2025-01-28 06:58:00,LOCAL_URBAN,110.2,10,98,8.34,PERISHABLE_FOOD,24,COMPLETED
DSP-10109,RT-ALLE-LOC-29,ALLENTOWN_PA,2025-01-29T12:24:00Z,LOCAL_URBAN,134.1,9,109,9.1,PERISHABLE_FOOD,24,COMPLETED
DSP-10110,RT-HUB_-LOC-30,HUB_N,01/29/2025 11:47,LOCAL_URBAN,119.0,9,98,8.41,PHARMA_GDP,26,VOID_TEST
DSP-10111,RT-ALLE-REG-31,ALLENTOWN_PA,2025-01-29 18:21:00,REGIONAL_DISTRIB,303.8,6,78,9.23,PERISHABLE_FOOD,26,COMPLETED
DSP-10112,RT-HUB_-LOC-32,HUB_01,2025-01-29T15:32:00Z,LOCAL_URBAN,114.8,9,88,8.22,PERISHABLE_FOOD,26,COMPLETED
DSP-10113,RT-HUB_-LOC-33,HUB_01,01/30/2025 16:56,LOCAL_URBAN,119.1,8,85,8.08,PERISHABLE_FOOD,25,COMPLETED
DSP-10114,RT-HUB_-REG-34,HUB_N,2025-01-30 07:46:00,REGIONAL_DISTRIB,299.4,5,71,8.8,PERISHABLE_FOOD,26,COMPLETED
DSP-10115,RT-HUB_-LIN-35,HUB_01,2025-01-30T08:18:00Z,LINEHAUL_CORRIDOR,427.7,2,23,8.89,PERISHABLE_FOOD,26,COMPLETED
DSP-10116,RT-ALLE-REG-36,ALLENTOWN_PA,01/30/2025 05:46,REGIONAL_DISTRIB,304.1,6,66,9.24,PHARMA_GDP,26,COMPLETED
DSP-10117,RT-HUB_-LOC-37,HUB_01,2025-01-31 07:13:00,LOCAL_URBAN,128.7,9,104,8.85,PERISHABLE_FOOD,25,COMPLETED
DSP-10118,RT-HUB_-REG-38,HUB_N,2025-01-31T16:22:00Z,REGIONAL_DISTRIB,302.4,5,84,8.87,PERISHABLE_FOOD,26,COMPLETED
DSP-10119,RT-ALLE-LOC-39,ALLENTOWN_PA,01/31/2025 12:37,LOCAL_URBAN,120.2,8,82,8.13,PERISHABLE_FOOD,25,COMPLETED
DSP-10120,RT-ALLE-LOC-40,ALLENTOWN_PA,2025-01-31 07:23:00,LOCAL_URBAN,121.3,10,89,8.85,PERISHABLE_FOOD,26,COMPLETED
DSP-10121,RT-HUB_-LIN-01,HUB_01,2025-02-01T09:24:00Z,LINEHAUL_CORRIDOR,426.8,3,31,9.21,PHARMA_GDP,26,COMPLETED
DSP-10122,RT-ALLE-LOC-02,ALLENTOWN_PA,02/01/2025 07:24,LOCAL_URBAN,132.5,9,83,9.02,PHARMA_GDP,24,COMPLETED
DSP-10123,RT-HUB_-REG-03,HUB_N,2025-02-01 08:38:00,REGIONAL_DISTRIB,288.9,6,55,8.88,PHARMA_GDP,26,COMPLETED
DSP-10124,RT-HUB_-LOC-04,HUB_N,2025-02-01T11:19:00Z,LOCAL_URBAN,129.1,8,93,8.53,PERISHABLE_FOOD,24,COMPLETED
DSP-10125,RT-ALLE-LOC-05,ALLENTOWN_PA,02/02/2025 07:12,LOCAL_URBAN,131.5,8,88,8.64,PERISHABLE_FOOD,24,COMPLETED
DSP-10126,RT-HUB_-LOC-06,HUB_N,2025-02-02 05:38:00,LOCAL_URBAN,129.7,8,100,8.56,PHARMA_GDP,25,COMPLETED
DSP-10127,RT-ALLE-LOC-07,ALLENTOWN_PA,2025-02-02T13:02:00Z,LOCAL_URBAN,111.6,10,103,8.41,PERISHABLE_FOOD,24,COMPLETED
DSP-10128,RT-ALLE-LOC-08,ALLENTOWN_PA,02/02/2025 06:00,LOCAL_URBAN,129.6,9,109,8.89,PERISHABLE_FOOD,24,COMPLETED
DSP-10129,RT-HUB_-REG-09,HUB_01,2025-02-03 14:39:00,REGIONAL_DISTRIB,282.1,5,57,8.38,PERISHABLE_FOOD,26,COMPLETED
DSP-10130,RT-HUB_-REG-10,HUB_01,2025-02-03T13:02:00Z,REGIONAL_DISTRIB,286.3,6,65,8.82,PHARMA_GDP,26,COMPLETED
DSP-10131,RT-HUB_-REG-11,HUB_N,02/03/2025 11:58,REGIONAL_DISTRIB,265.1,6,75,8.31,PERISHABLE_FOOD,26,COMPLETED
DSP-10132,RT-HUB_-LOC-12,HUB_01,2025-02-03 15:46:00,LOCAL_URBAN,121.3,10,86,8.85,PHARMA_GDP,25,COMPLETED
DSP-10133,RT-HUB_-REG-13,HUB_N,2025-02-04T07:17:00Z,REGIONAL_DISTRIB,281.3,4,81,8.03,PHARMA_GDP,26,COMPLETED
DSP-10134,RT-HUB_-REG-14,HUB_N,02/04/2025 11:52,REGIONAL_DISTRIB,286.4,6,72,8.82,PHARMA_GDP,26,COMPLETED
DSP-10135,RT-HUB_-LIN-15,HUB_01,2025-02-04 15:02:00,LINEHAUL_CORRIDOR,453.3,2,39,9.38,PHARMA_GDP,26,COMPLETED
DSP-10136,RT-ALLE-REG-16,ALLENTOWN_PA,2025-02-04T17:47:00Z,REGIONAL_DISTRIB,298.1,5,82,8.76,PERISHABLE_FOOD,26,COMPLETED
DSP-10137,RT-HUB_-REG-17,HUB_01,02/05/2025 15:29,REGIONAL_DISTRIB,303.9,6,74,9.24,PERISHABLE_FOOD,26,COMPLETED
DSP-10138,RT-ALLE-LOC-18,ALLENTOWN_PA,2025-02-05 08:06:00,LOCAL_URBAN,114.5,9,101,8.2,PHARMA_GDP,24,COMPLETED
DSP-10139,RT-HUB_-LOC-19,HUB_N,2025-02-05T11:56:00Z,LOCAL_URBAN,125.8,7,85,8.05,PERISHABLE_FOOD,24,COMPLETED
DSP-10140,RT-HUB_-LOC-20,HUB_N,02/05/2025 06:13,LOCAL_URBAN,128.0,7,83,8.15,PHARMA_GDP,26,COMPLETED
DSP-10141,RT-HUB_-REG-21,HUB_01,2025-02-06 10:57:00,REGIONAL_DISTRIB,281.9,5,68,8.38,PHARMA_GDP,26,COMPLETED
DSP-10142,RT-ALLE-REG-22,ALLENTOWN_PA,2025-02-06T14:33:00Z,REGIONAL_DISTRIB,281.9,6,64,8.71,PHARMA_GDP,26,VOID_TEST
DSP-10143,RT-HUB_-LIN-23,HUB_01,02/06/2025 13:17,LINEHAUL_CORRIDOR,456.0,2,29,9.44,PHARMA_GDP,26,COMPLETED
DSP-10144,RT-HUB_-LOC-24,HUB_N,2025-02-06 05:57:00,LOCAL_URBAN,127.6,9,84,8.8,PHARMA_GDP,26,COMPLETED
DSP-10145,RT-HUB_-LIN-25,HUB_N,2025-02-07T09:37:00Z,LINEHAUL_CORRIDOR,444.5,3,32,9.55,PERISHABLE_FOOD,26,COMPLETED
DSP-10146,RT-HUB_-LOC-26,HUB_01,02/07/2025 08:57,LOCAL_URBAN,133.7,10,103,9.41,PHARMA_GDP,24,COMPLETED
DSP-10147,RT-ALLE-LOC-27,ALLENTOWN_PA,2025-02-07 07:02:00,LOCAL_URBAN,131.8,9,94,8.99,PHARMA_GDP,24,COMPLETED
DSP-10148,RT-ALLE-REG-28,ALLENTOWN_PA,2025-02-07T08:36:00Z,REGIONAL_DISTRIB,300.8,5,66,8.83,PERISHABLE_FOOD,26,COMPLETED
DSP-10149,RT-HUB_-LOC-29,HUB_N,02/08/2025 12:59,LOCAL_URBAN,113.8,7,91,7.51,PERISHABLE_FOOD,26,COMPLETED
DSP-10150,RT-ALLE-LOC-30,ALLENTOWN_PA,2025-02-08 12:58:00,LOCAL_URBAN,133.1,9,100,9.05,PHARMA_GDP,24,COMPLETED
DSP-10151,RT-HUB_-REG-31,HUB_01,2025-02-08T05:53:00Z,REGIONAL_DISTRIB,275.8,4,64,7.9,PERISHABLE_FOOD,26,COMPLETED
DSP-10152,RT-HUB_-REG-32,HUB_N,02/08/2025 13:07,REGIONAL_DISTRIB,304.0,4,74,8.57,PERISHABLE_FOOD,26,COMPLETED
DSP-10153,RT-ALLE-LIN-33,ALLENTOWN_PA,2025-02-09 13:39:00,LINEHAUL_CORRIDOR,437.0,3,40,9.4,PHARMA_GDP,26,COMPLETED
DSP-10154,RT-HUB_-LOC-34,HUB_01,2025-02-09T05:45:00Z,LOCAL_URBAN,132.5,9,85,9.02,PERISHABLE_FOOD,24,COMPLETED
DSP-10155,RT-HUB_-REG-35,HUB_01,02/09/2025 12:19,REGIONAL_DISTRIB,287.4,5,66,8.51,PERISHABLE_FOOD,26,COMPLETED
DSP-10156,RT-ALLE-LOC-36,ALLENTOWN_PA,2025-02-09 15:54:00,LOCAL_URBAN,125.8,9,84,8.72,PHARMA_GDP,26,COMPLETED
DSP-10157,RT-ALLE-LIN-37,ALLENTOWN_PA,2025-02-10T10:49:00Z,LINEHAUL_CORRIDOR,467.9,3,24,10.0,PHARMA_GDP,26,COMPLETED
DSP-10158,RT-ALLE-REG-38,ALLENTOWN_PA,02/10/2025 16:20,REGIONAL_DISTRIB,265.8,6,85,8.33,PHARMA_GDP,26,COMPLETED
DSP-10159,RT-HUB_-REG-39,HUB_N,2025-02-10 16:12:00,REGIONAL_DISTRIB,297.3,6,76,9.08,PERISHABLE_FOOD,26,COMPLETED
DSP-10160,RT-HUB_-LOC-40,HUB_01,2025-02-10T08:44:00Z,LOCAL_URBAN,117.7,8,101,8.02,PERISHABLE_FOOD,25,COMPLETED
DSP-10161,RT-HUB_-LOC-01,HUB_N,02/11/2025 13:32,LOCAL_URBAN,131.1,7,112,8.29,PERISHABLE_FOOD,26,COMPLETED
DSP-10162,RT-ALLE-LOC-02,ALLENTOWN_PA,2025-02-11 18:27:00,LOCAL_URBAN,119.4,8,91,8.09,PERISHABLE_FOOD,26,COMPLETED
DSP-10163,RT-HUB_-LOC-03,HUB_01,2025-02-11T17:58:00Z,LOCAL_URBAN,119.1,8,108,8.08,PERISHABLE_FOOD,26,COMPLETED
DSP-10164,RT-HUB_-LOC-04,HUB_N,02/11/2025 12:59,LOCAL_URBAN,130.2,10,92,9.25,PHARMA_GDP,26,COMPLETED
DSP-10165,RT-HUB_-REG-05,HUB_01,2025-02-12 09:33:00,REGIONAL_DISTRIB,278.8,4,81,7.97,PHARMA_GDP,26,COMPLETED
DSP-10166,RT-HUB_-REG-06,HUB_01,2025-02-12T17:40:00Z,REGIONAL_DISTRIB,264.6,6,82,8.3,PHARMA_GDP,26,COMPLETED
DSP-10167,RT-ALLE-LOC-07,ALLENTOWN_PA,02/12/2025 11:33,LOCAL_URBAN,120.9,8,108,8.16,PERISHABLE_FOOD,24,COMPLETED
DSP-10168,RT-HUB_-LOC-08,HUB_01,2025-02-12 17:11:00,LOCAL_URBAN,134.9,9,94,9.13,PHARMA_GDP,24,COMPLETED
DSP-10169,RT-HUB_-LOC-09,HUB_N,2025-02-13T13:09:00Z,LOCAL_URBAN,117.2,10,88,8.66,PERISHABLE_FOOD,25,VOID_TEST
DSP-10170,RT-HUB_-LOC-10,HUB_N,02/13/2025 13:57,LOCAL_URBAN,115.4,8,115,7.91,PERISHABLE_FOOD,26,COMPLETED
DSP-10171,RT-HUB_-LOC-11,HUB_01,2025-02-13 12:34:00,LOCAL_URBAN,113.0,8,106,7.8,PERISHABLE_FOOD,26,COMPLETED
DSP-10172,RT-HUB_-REG-12,HUB_01,2025-02-13T09:57:00Z,REGIONAL_DISTRIB,260.7,6,73,8.21,PHARMA_GDP,26,VOID_TEST
DSP-10173,RT-HUB_-LOC-13,HUB_01,02/14/2025 14:04,LOCAL_URBAN,120.4,7,113,7.81,PERISHABLE_FOOD,24,COMPLETED
DSP-10174,RT-ALLE-REG-14,ALLENTOWN_PA,2025-02-14 10:17:00,REGIONAL_DISTRIB,277.6,5,56,8.28,PERISHABLE_FOOD,26,COMPLETED
DSP-10175,RT-HUB_-LOC-15,HUB_N,2025-02-14T13:51:00Z,LOCAL_URBAN,128.3,7,101,8.17,PHARMA_GDP,25,COMPLETED
DSP-10176,RT-HUB_-REG-16,HUB_N,02/14/2025 07:15,REGIONAL_DISTRIB,290.8,6,70,8.92,PERISHABLE_FOOD,26,COMPLETED
DSP-10177,RT-HUB_-LOC-17,HUB_01,2025-02-15 13:55:00,LOCAL_URBAN,115.0,8,82,7.89,PHARMA_GDP,25,COMPLETED
DSP-10178,RT-ALLE-REG-18,ALLENTOWN_PA,2025-02-15T15:51:00Z,REGIONAL_DISTRIB,261.6,6,61,8.23,PHARMA_GDP,26,COMPLETED
DSP-10179,RT-HUB_-LOC-19,HUB_01,02/15/2025 13:14,LOCAL_URBAN,120.0,10,104,8.79,PHARMA_GDP,24,COMPLETED
DSP-10180,RT-ALLE-LOC-20,ALLENTOWN_PA,2025-02-15 13:48:00,LOCAL_URBAN,112.1,10,85,8.43,PERISHABLE_FOOD,24,COMPLETED
DSP-10181,RT-HUB_-LOC-21,HUB_N,2025-02-16T10:58:00Z,LOCAL_URBAN,117.4,10,107,8.67,PHARMA_GDP,25,COMPLETED
DSP-10182,RT-HUB_-REG-22,HUB_01,02/16/2025 16:10,REGIONAL_DISTRIB,279.6,6,80,8.66,PERISHABLE_FOOD,26,COMPLETED
DSP-10183,RT-ALLE-REG-23,ALLENTOWN_PA,2025-02-16 05:38:00,REGIONAL_DISTRIB,290.6,4,59,8.25,PERISHABLE_FOOD,26,COMPLETED
DSP-10184,RT-ALLE-LOC-24,ALLENTOWN_PA,2025-02-16T10:58:00Z,LOCAL_URBAN,119.6,7,89,7.77,PERISHABLE_FOOD,25,COMPLETED
DSP-10185,RT-ALLE-LOC-25,ALLENTOWN_PA,02/17/2025 06:17,LOCAL_URBAN,119.2,9,97,8.42,PHARMA_GDP,24,COMPLETED
DSP-10186,RT-ALLE-LOC-26,ALLENTOWN_PA,2025-02-17 14:48:00,LOCAL_URBAN,124.0,9,96,8.64,PERISHABLE_FOOD,24,COMPLETED
DSP-10187,RT-HUB_-LOC-27,HUB_01,2025-02-17T12:35:00Z,LOCAL_URBAN,113.4,7,108,7.49,PHARMA_GDP,26,COMPLETED
DSP-10188,RT-HUB_-REG-28,HUB_01,02/17/2025 08:15,REGIONAL_DISTRIB,291.9,6,72,8.95,PHARMA_GDP,26,COMPLETED
DSP-10189,RT-ALLE-REG-29,ALLENTOWN_PA,2025-02-18 17:38:00,REGIONAL_DISTRIB,295.7,6,62,9.04,PHARMA_GDP,26,COMPLETED
DSP-10190,RT-HUB_-LOC-30,HUB_01,2025-02-18T08:09:00Z,LOCAL_URBAN,123.9,9,109,8.63,PERISHABLE_FOOD,26,COMPLETED
DSP-10191,RT-HUB_-LOC-31,HUB_N,02/18/2025 14:34,LOCAL_URBAN,135.0,10,113,9.47,PHARMA_GDP,25,COMPLETED
DSP-10192,RT-HUB_-REG-32,HUB_01,2025-02-18 17:38:00,REGIONAL_DISTRIB,280.2,6,71,8.67,PHARMA_GDP,26,COMPLETED
DSP-10193,RT-HUB_-REG-33,HUB_N,2025-02-19T11:03:00Z,REGIONAL_DISTRIB,283.3,5,60,8.41,PHARMA_GDP,26,COMPLETED
DSP-10194,RT-HUB_-LOC-34,HUB_N,02/19/2025 13:35,LOCAL_URBAN,125.9,9,88,8.72,PERISHABLE_FOOD,26,COMPLETED
DSP-10195,RT-HUB_-REG-35,HUB_N,2025-02-19 14:32:00,REGIONAL_DISTRIB,286.1,4,76,8.15,PERISHABLE_FOOD,26,COMPLETED
DSP-10196,RT-HUB_-LOC-36,HUB_N,2025-02-19T15:10:00Z,LOCAL_URBAN,133.7,9,93,9.08,PERISHABLE_FOOD,25,COMPLETED
DSP-10197,RT-ALLE-REG-37,ALLENTOWN_PA,02/20/2025 09:59,REGIONAL_DISTRIB,288.9,5,70,8.55,PHARMA_GDP,26,COMPLETED
DSP-10198,RT-HUB_-LOC-38,HUB_N,2025-02-20 11:25:00,LOCAL_URBAN,120.4,10,93,8.81,PHARMA_GDP,24,COMPLETED
DSP-10199,RT-ALLE-LIN-39,ALLENTOWN_PA,2025-02-20T10:45:00Z,LINEHAUL_CORRIDOR,430.7,2,24,8.95,PERISHABLE_FOOD,26,COMPLETED
DSP-10200,RT-HUB_-LOC-40,HUB_01,02/20/2025 11:45,LOCAL_URBAN,113.5,7,98,7.49,PERISHABLE_FOOD,26,COMPLETED
DSP-10201,RT-HUB_-REG-01,HUB_N,2025-02-21 13:02:00,REGIONAL_DISTRIB,302.0,6,65,9.19,PHARMA_GDP,26,COMPLETED
DSP-10202,RT-HUB_-REG-02,HUB_01,2025-02-21T09:07:00Z,REGIONAL_DISTRIB,264.1,5,71,7.95,PERISHABLE_FOOD,26,COMPLETED
DSP-10203,RT-HUB_-LOC-03,HUB_N,02/21/2025 11:38,LOCAL_URBAN,124.9,10,98,9.01,PERISHABLE_FOOD,24,COMPLETED
DSP-10204,RT-ALLE-LOC-04,ALLENTOWN_PA,2025-02-21 08:53:00,LOCAL_URBAN,120.1,7,105,7.79,PHARMA_GDP,26,COMPLETED
DSP-10205,RT-HUB_-LOC-05,HUB_N,2025-02-22T11:53:00Z,LOCAL_URBAN,121.3,9,87,8.51,PHARMA_GDP,24,COMPLETED
DSP-10206,RT-HUB_-REG-06,HUB_01,02/22/2025 13:32,REGIONAL_DISTRIB,276.5,4,61,7.92,PERISHABLE_FOOD,26,COMPLETED
DSP-10207,RT-HUB_-REG-07,HUB_N,2025-02-22 11:29:00,REGIONAL_DISTRIB,296.2,6,69,9.05,PHARMA_GDP,26,COMPLETED
DSP-10208,RT-HUB_-LOC-08,HUB_N,2025-02-22T14:01:00Z,LOCAL_URBAN,125.4,9,101,8.7,PERISHABLE_FOOD,26,COMPLETED
DSP-10209,RT-HUB_-REG-09,HUB_01,02/23/2025 14:49,REGIONAL_DISTRIB,260.7,5,76,7.87,PHARMA_GDP,26,COMPLETED
DSP-10210,RT-ALLE-LIN-10,ALLENTOWN_PA,2025-02-23 16:33:00,LINEHAUL_CORRIDOR,447.8,3,35,9.61,PHARMA_GDP,26,COMPLETED
DSP-10211,RT-HUB_-REG-11,HUB_N,2025-02-23T06:06:00Z,REGIONAL_DISTRIB,292.5,5,59,8.63,PERISHABLE_FOOD,26,COMPLETED
DSP-10212,RT-HUB_-LOC-12,HUB_N,02/23/2025 12:02,LOCAL_URBAN,121.0,10,89,8.83,PHARMA_GDP,24,COMPLETED
DSP-10213,RT-HUB_-LIN-13,HUB_01,2025-02-24 16:00:00,LINEHAUL_CORRIDOR,454.2,1,24,9.07,PERISHABLE_FOOD,26,COMPLETED
DSP-10214,RT-HUB_-LIN-14,HUB_01,2025-02-24T15:00:00Z,LINEHAUL_CORRIDOR,437.6,3,30,9.42,PERISHABLE_FOOD,26,COMPLETED
DSP-10215,RT-HUB_-LOC-15,HUB_N,02/24/2025 17:01,LOCAL_URBAN,117.5,9,98,8.34,PERISHABLE_FOOD,26,COMPLETED
DSP-10216,RT-HUB_-REG-16,HUB_01,2025-02-24 12:22:00,REGIONAL_DISTRIB,302.1,6,63,9.19,PHARMA_GDP,26,COMPLETED
DSP-10217,RT-HUB_-LOC-17,HUB_N,2025-02-25T10:17:00Z,LOCAL_URBAN,117.2,7,102,7.66,PERISHABLE_FOOD,26,COMPLETED
DSP-10218,RT-HUB_-REG-18,HUB_N,02/25/2025 15:17,REGIONAL_DISTRIB,272.2,6,77,8.48,PHARMA_GDP,26,COMPLETED
DSP-10219,RT-HUB_-LOC-19,HUB_N,2025-02-25 11:15:00,LOCAL_URBAN,132.6,8,94,8.69,PHARMA_GDP,25,COMPLETED
DSP-10220,RT-ALLE-REG-20,ALLENTOWN_PA,2025-02-25T13:11:00Z,REGIONAL_DISTRIB,260.2,6,84,8.2,PHARMA_GDP,26,COMPLETED
DSP-10221,RT-HUB_-LOC-21,HUB_01,02/26/2025 06:28,LOCAL_URBAN,126.1,7,94,8.07,PERISHABLE_FOOD,26,COMPLETED
DSP-10222,RT-HUB_-LIN-22,HUB_01,2025-02-26 17:25:00,LINEHAUL_CORRIDOR,420.5,1,32,8.42,PERISHABLE_FOOD,26,COMPLETED
DSP-10223,RT-HUB_-LOC-23,HUB_N,2025-02-26T14:03:00Z,LOCAL_URBAN,124.2,7,101,7.98,PHARMA_GDP,26,COMPLETED
DSP-10224,RT-HUB_-LIN-24,HUB_N,02/26/2025 15:46,LINEHAUL_CORRIDOR,438.1,1,23,8.76,PHARMA_GDP,26,COMPLETED
DSP-10225,RT-HUB_-REG-25,HUB_N,2025-02-27 15:24:00,REGIONAL_DISTRIB,295.6,6,76,9.04,PERISHABLE_FOOD,26,COMPLETED
DSP-10226,RT-HUB_-REG-26,HUB_01,2025-02-27T08:00:00Z,REGIONAL_DISTRIB,283.2,4,67,8.08,PERISHABLE_FOOD,26,COMPLETED
DSP-10227,RT-HUB_-LOC-27,HUB_N,02/27/2025 15:16,LOCAL_URBAN,119.6,10,97,8.77,PERISHABLE_FOOD,25,COMPLETED
DSP-10228,RT-HUB_-REG-28,HUB_01,2025-02-27 07:55:00,REGIONAL_DISTRIB,291.2,4,76,8.27,PHARMA_GDP,26,COMPLETED
DSP-10229,RT-ALLE-REG-29,ALLENTOWN_PA,2025-02-28T14:44:00Z,REGIONAL_DISTRIB,291.1,6,84,8.93,PERISHABLE_FOOD,26,COMPLETED
DSP-10230,RT-HUB_-REG-30,HUB_N,02/28/2025 18:04,REGIONAL_DISTRIB,280.5,6,66,8.68,PHARMA_GDP,26,COMPLETED
DSP-10231,RT-HUB_-REG-31,HUB_N,2025-02-28 14:15:00,REGIONAL_DISTRIB,290.6,6,82,8.92,PERISHABLE_FOOD,26,COMPLETED
DSP-10232,RT-ALLE-LOC-32,ALLENTOWN_PA,2025-02-28T13:58:00Z,LOCAL_URBAN,130.7,8,114,8.61,PHARMA_GDP,25,COMPLETED
DSP-10233,RT-HUB_-REG-33,HUB_N,03/01/2025 08:02,REGIONAL_DISTRIB,282.0,6,69,8.71,PERISHABLE_FOOD,26,COMPLETED
DSP-10234,RT-ALLE-LOC-34,ALLENTOWN_PA,2025-03-01 16:43:00,LOCAL_URBAN,121.6,9,81,8.53,PHARMA_GDP,24,COMPLETED
DSP-10235,RT-HUB_-LOC-35,HUB_N,2025-03-01T05:48:00Z,LOCAL_URBAN,127.5,7,84,8.13,PERISHABLE_FOOD,25,COMPLETED
DSP-10236,RT-HUB_-REG-36,HUB_N,03/01/2025 13:25,REGIONAL_DISTRIB,304.0,6,85,9.24,PERISHABLE_FOOD,26,COMPLETED
DSP-10237,RT-HUB_-LOC-37,HUB_01,2025-03-02 12:03:00,LOCAL_URBAN,127.1,8,102,8.44,PHARMA_GDP,26,COMPLETED
DSP-10238,RT-HUB_-REG-38,HUB_N,2025-03-02T13:54:00Z,REGIONAL_DISTRIB,294.0,5,69,8.67,PERISHABLE_FOOD,26,COMPLETED
DSP-10239,RT-HUB_-REG-39,HUB_N,03/02/2025 06:21,REGIONAL_DISTRIB,267.0,4,84,7.69,PERISHABLE_FOOD,26,COMPLETED
DSP-10240,RT-ALLE-REG-40,ALLENTOWN_PA,2025-03-02 14:32:00,REGIONAL_DISTRIB,299.8,4,62,8.47,PHARMA_GDP,26,COMPLETED
DSP-10241,RT-ALLE-REG-01,ALLENTOWN_PA,2025-03-03T13:43:00Z,REGIONAL_DISTRIB,262.2,6,56,8.24,PHARMA_GDP,26,COMPLETED
DSP-10242,RT-HUB_-LOC-02,HUB_N,03/03/2025 10:45,LOCAL_URBAN,134.8,8,100,8.79,PERISHABLE_FOOD,26,COMPLETED
DSP-10243,RT-HUB_-LIN-03,HUB_N,2025-03-03 16:13:00,LINEHAUL_CORRIDOR,441.3,2,29,9.15,PHARMA_GDP,26,COMPLETED
DSP-10244,RT-HUB_-LOC-04,HUB_01,2025-03-03T11:39:00Z,LOCAL_URBAN,118.6,10,113,8.72,PHARMA_GDP,25,COMPLETED
DSP-10245,RT-HUB_-REG-05,HUB_N,03/04/2025 17:59,REGIONAL_DISTRIB,281.3,4,64,8.03,PERISHABLE_FOOD,26,COMPLETED
DSP-10246,RT-ALLE-LOC-06,ALLENTOWN_PA,2025-03-04 11:11:00,LOCAL_URBAN,120.4,8,104,8.14,PHARMA_GDP,24,COMPLETED
DSP-10247,RT-HUB_-REG-07,HUB_01,2025-03-04T12:13:00Z,REGIONAL_DISTRIB,264.2,6,81,8.29,PHARMA_GDP,26,COMPLETED
DSP-10248,RT-HUB_-LIN-08,HUB_N,03/04/2025 10:49,LINEHAUL_CORRIDOR,421.3,3,37,9.1,PHARMA_GDP,26,COMPLETED
DSP-10249,RT-HUB_-LOC-09,HUB_N,2025-03-05 15:15:00,LOCAL_URBAN,114.8,7,110,7.55,PERISHABLE_FOOD,26,COMPLETED
DSP-10250,RT-HUB_-REG-10,HUB_N,2025-03-05T09:46:00Z,REGIONAL_DISTRIB,294.9,5,69,8.69,PERISHABLE_FOOD,26,COMPLETED
DSP-10251,RT-HUB_-REG-11,HUB_01,03/05/2025 08:53,REGIONAL_DISTRIB,296.1,6,70,9.05,PERISHABLE_FOOD,26,COMPLETED
DSP-10252,RT-HUB_-REG-12,HUB_N,2025-03-05 09:39:00,REGIONAL_DISTRIB,270.0,4,55,7.76,PHARMA_GDP,26,COMPLETED
DSP-10253,RT-HUB_-LOC-13,HUB_N,2025-03-06T10:46:00Z,LOCAL_URBAN,130.8,10,115,9.28,PERISHABLE_FOOD,26,COMPLETED
DSP-10254,RT-HUB_-LIN-14,HUB_01,03/06/2025 07:38,LINEHAUL_CORRIDOR,448.5,2,34,9.29,PHARMA_GDP,26,COMPLETED
DSP-10255,RT-HUB_-LOC-15,HUB_01,2025-03-06 15:33:00,LOCAL_URBAN,132.2,7,113,8.34,PHARMA_GDP,24,COMPLETED
DSP-10256,RT-HUB_-LOC-16,HUB_01,2025-03-06T12:53:00Z,LOCAL_URBAN,125.8,7,89,8.05,PHARMA_GDP,26,COMPLETED
DSP-10257,RT-ALLE-REG-17,ALLENTOWN_PA,03/07/2025 14:05,REGIONAL_DISTRIB,287.7,5,76,8.52,PERISHABLE_FOOD,26,COMPLETED
DSP-10258,RT-HUB_-REG-18,HUB_N,2025-03-07 18:28:00,REGIONAL_DISTRIB,272.4,5,55,8.15,PERISHABLE_FOOD,26,COMPLETED
DSP-10259,RT-HUB_-REG-19,HUB_N,2025-03-07T10:20:00Z,REGIONAL_DISTRIB,270.8,6,71,8.45,PHARMA_GDP,26,COMPLETED
DSP-10260,RT-HUB_-LIN-20,HUB_01,03/07/2025 16:24,LINEHAUL_CORRIDOR,437.5,1,27,8.75,PHARMA_GDP,26,COMPLETED
DSP-10261,RT-HUB_-LOC-21,HUB_N,2025-03-08 07:35:00,LOCAL_URBAN,119.5,10,83,8.77,PERISHABLE_FOOD,26,COMPLETED
DSP-10262,RT-HUB_-REG-22,HUB_01,2025-03-08T08:43:00Z,REGIONAL_DISTRIB,274.9,4,83,7.88,PERISHABLE_FOOD,26,COMPLETED
DSP-10263,RT-ALLE-LIN-23,ALLENTOWN_PA,03/08/2025 14:06,LINEHAUL_CORRIDOR,438.5,1,22,8.77,PERISHABLE_FOOD,26,COMPLETED
DSP-10264,RT-HUB_-LIN-24,HUB_N,2025-03-08 06:49:00,LINEHAUL_CORRIDOR,428.9,1,38,8.58,PHARMA_GDP,26,COMPLETED
DSP-10265,RT-HUB_-REG-25,HUB_N,2025-03-09T18:17:00Z,REGIONAL_DISTRIB,298.2,6,83,9.1,PERISHABLE_FOOD,26,COMPLETED
DSP-10266,RT-ALLE-REG-26,ALLENTOWN_PA,03/09/2025 06:51,REGIONAL_DISTRIB,282.5,5,56,8.39,PHARMA_GDP,26,COMPLETED
DSP-10267,RT-ALLE-LIN-27,ALLENTOWN_PA,2025-03-09 12:44:00,LINEHAUL_CORRIDOR,433.8,2,20,9.01,PERISHABLE_FOOD,26,COMPLETED
DSP-10268,RT-HUB_-LOC-28,HUB_01,2025-03-09T17:45:00Z,LOCAL_URBAN,127.0,10,85,9.11,PERISHABLE_FOOD,25,COMPLETED
DSP-10269,RT-HUB_-LOC-29,HUB_N,03/10/2025 06:30,LOCAL_URBAN,119.5,8,104,8.1,PHARMA_GDP,24,COMPLETED
DSP-10270,RT-HUB_-LOC-30,HUB_01,2025-03-10 14:05:00,LOCAL_URBAN,116.7,8,85,7.97,PHARMA_GDP,25,COMPLETED
DSP-10271,RT-HUB_-LOC-31,HUB_N,2025-03-10T09:56:00Z,LOCAL_URBAN,118.8,7,100,7.73,PERISHABLE_FOOD,24,COMPLETED
DSP-10272,RT-HUB_-REG-32,HUB_N,03/10/2025 07:38,REGIONAL_DISTRIB,285.2,4,73,8.12,PERISHABLE_FOOD,26,COMPLETED
DSP-10273,RT-HUB_-REG-33,HUB_01,2025-03-11 17:34:00,REGIONAL_DISTRIB,262.8,5,63,7.92,PERISHABLE_FOOD,26,COMPLETED
DSP-10274,RT-HUB_-REG-34,HUB_N,2025-03-11T09:30:00Z,REGIONAL_DISTRIB,282.3,6,61,8.72,PERISHABLE_FOOD,26,COMPLETED
DSP-10275,RT-HUB_-REG-35,HUB_01,03/11/2025 09:50,REGIONAL_DISTRIB,277.1,5,69,8.26,PHARMA_GDP,26,COMPLETED
DSP-10276,RT-ALLE-LOC-36,ALLENTOWN_PA,2025-03-11 16:01:00,LOCAL_URBAN,117.9,10,100,8.69,PHARMA_GDP,26,COMPLETED
DSP-10277,RT-HUB_-LOC-37,HUB_N,2025-03-12T09:07:00Z,LOCAL_URBAN,117.0,10,103,8.65,PHARMA_GDP,26,COMPLETED
DSP-10278,RT-HUB_-REG-38,HUB_N,03/12/2025 13:21,REGIONAL_DISTRIB,284.8,6,69,8.78,PERISHABLE_FOOD,26,COMPLETED
DSP-10279,RT-ALLE-LOC-39,ALLENTOWN_PA,2025-03-12 08:46:00,LOCAL_URBAN,131.2,10,111,9.3,PHARMA_GDP,25,COMPLETED
DSP-10280,RT-ALLE-LOC-40,ALLENTOWN_PA,2025-03-12T14:29:00Z,LOCAL_URBAN,119.4,10,110,8.76,PERISHABLE_FOOD,26,COMPLETED
DSP-10281,RT-ALLE-LOC-01,ALLENTOWN_PA,03/13/2025 07:19,LOCAL_URBAN,110.9,9,114,8.04,PERISHABLE_FOOD,24,COMPLETED
DSP-10282,RT-ALLE-LOC-02,ALLENTOWN_PA,2025-03-13 17:57:00,LOCAL_URBAN,126.2,7,105,8.07,PERISHABLE_FOOD,25,COMPLETED
DSP-10283,RT-HUB_-LOC-03,HUB_N,2025-03-13T18:13:00Z,LOCAL_URBAN,122.8,8,108,8.25,PHARMA_GDP,25,COMPLETED
DSP-10284,RT-ALLE-LOC-04,ALLENTOWN_PA,03/13/2025 07:23,LOCAL_URBAN,134.9,10,86,9.47,PHARMA_GDP,24,COMPLETED
DSP-10285,RT-HUB_-LOC-05,HUB_N,2025-03-14 06:58:00,LOCAL_URBAN,118.6,8,113,8.06,PERISHABLE_FOOD,25,COMPLETED
DSP-10286,RT-HUB_-LOC-06,HUB_01,2025-03-14T07:13:00Z,LOCAL_URBAN,117.5,7,81,7.67,PERISHABLE_FOOD,26,COMPLETED
DSP-10287,RT-ALLE-LOC-07,ALLENTOWN_PA,03/14/2025 09:21,LOCAL_URBAN,114.4,8,101,7.87,PERISHABLE_FOOD,25,COMPLETED
DSP-10288,RT-HUB_-LOC-08,HUB_N,2025-03-14 13:07:00,LOCAL_URBAN,126.4,10,81,9.08,PERISHABLE_FOOD,24,COMPLETED
DSP-10289,RT-HUB_-REG-09,HUB_N,2025-03-15T18:25:00Z,REGIONAL_DISTRIB,269.3,6,80,8.41,PERISHABLE_FOOD,26,COMPLETED
DSP-10290,RT-HUB_-LOC-10,HUB_01,03/15/2025 11:08,LOCAL_URBAN,121.4,9,111,8.52,PERISHABLE_FOOD,26,COMPLETED
DSP-10291,RT-HUB_-REG-11,HUB_01,2025-03-15 15:07:00,REGIONAL_DISTRIB,275.7,5,74,8.23,PHARMA_GDP,26,COMPLETED
DSP-10292,RT-HUB_-LOC-12,HUB_N,2025-03-15T13:54:00Z,LOCAL_URBAN,116.0,7,91,7.61,PHARMA_GDP,24,COMPLETED
DSP-10293,RT-HUB_-REG-13,HUB_N,03/16/2025 13:40,REGIONAL_DISTRIB,279.0,5,75,8.31,PERISHABLE_FOOD,26,COMPLETED
DSP-10294,RT-HUB_-LOC-14,HUB_N,2025-03-16 07:42:00,LOCAL_URBAN,131.0,7,102,8.29,PERISHABLE_FOOD,25,COMPLETED
DSP-10295,RT-ALLE-REG-15,ALLENTOWN_PA,2025-03-16T12:40:00Z,REGIONAL_DISTRIB,282.3,6,70,8.72,PHARMA_GDP,26,COMPLETED
DSP-10296,RT-HUB_-REG-16,HUB_N,03/16/2025 08:19,REGIONAL_DISTRIB,269.9,4,63,7.76,PHARMA_GDP,26,COMPLETED
DSP-10297,RT-ALLE-REG-17,ALLENTOWN_PA,2025-03-17 18:04:00,REGIONAL_DISTRIB,282.3,6,58,8.72,PERISHABLE_FOOD,26,COMPLETED
DSP-10298,RT-HUB_-REG-18,HUB_01,2025-03-17T07:17:00Z,REGIONAL_DISTRIB,294.1,6,69,9.0,PERISHABLE_FOOD,26,COMPLETED
DSP-10299,RT-HUB_-LOC-19,HUB_N,03/17/2025 13:25,LOCAL_URBAN,135.0,10,96,9.47,PHARMA_GDP,24,COMPLETED
DSP-10300,RT-HUB_-LOC-20,HUB_N,2025-03-17 17:43:00,LOCAL_URBAN,128.4,9,107,8.84,PHARMA_GDP,24,COMPLETED
DSP-10301,RT-HUB_-REG-21,HUB_N,2025-03-18T10:06:00Z,REGIONAL_DISTRIB,284.0,6,72,8.76,PHARMA_GDP,26,COMPLETED
DSP-10302,RT-ALLE-LIN-22,ALLENTOWN_PA,03/18/2025 05:47,LINEHAUL_CORRIDOR,450.8,1,24,9.0,PERISHABLE_FOOD,26,COMPLETED
DSP-10303,RT-HUB_-REG-23,HUB_N,2025-03-18 18:23:00,REGIONAL_DISTRIB,266.0,4,77,7.67,PHARMA_GDP,26,COMPLETED
DSP-10304,RT-HUB_-LOC-24,HUB_01,2025-03-18T18:26:00Z,LOCAL_URBAN,125.8,10,104,9.05,PERISHABLE_FOOD,26,COMPLETED
DSP-10305,RT-HUB_-REG-25,HUB_01,03/19/2025 14:30,REGIONAL_DISTRIB,272.5,5,69,8.15,PERISHABLE_FOOD,26,COMPLETED
DSP-10306,RT-ALLE-LOC-26,ALLENTOWN_PA,2025-03-19 08:57:00,LOCAL_URBAN,134.3,9,84,9.1,PERISHABLE_FOOD,25,COMPLETED
DSP-10307,RT-HUB_-LOC-27,HUB_01,2025-03-19T13:20:00Z,LOCAL_URBAN,130.7,9,115,8.94,PERISHABLE_FOOD,26,COMPLETED
DSP-10308,RT-ALLE-REG-28,ALLENTOWN_PA,03/19/2025 07:29,REGIONAL_DISTRIB,262.1,6,80,8.24,PERISHABLE_FOOD,26,COMPLETED
DSP-10309,RT-HUB_-REG-29,HUB_01,2025-03-20 15:49:00,REGIONAL_DISTRIB,304.6,5,61,8.92,PERISHABLE_FOOD,26,COMPLETED
DSP-10310,RT-HUB_-LOC-30,HUB_01,2025-03-20T07:33:00Z,LOCAL_URBAN,119.0,7,103,7.74,PERISHABLE_FOOD,26,COMPLETED
DSP-10311,RT-HUB_-REG-31,HUB_01,03/20/2025 05:43,REGIONAL_DISTRIB,294.0,5,75,8.67,PHARMA_GDP,26,COMPLETED
DSP-10312,RT-HUB_-REG-32,HUB_N,2025-03-20 07:25:00,REGIONAL_DISTRIB,283.4,5,55,8.41,PHARMA_GDP,26,COMPLETED
DSP-10313,RT-HUB_-REG-33,HUB_N,2025-03-21T10:53:00Z,REGIONAL_DISTRIB,270.3,4,78,7.77,PERISHABLE_FOOD,26,COMPLETED
DSP-10314,RT-HUB_-LOC-34,HUB_N,03/21/2025 06:09,LOCAL_URBAN,130.3,8,89,8.59,PHARMA_GDP,26,COMPLETED
DSP-10315,RT-HUB_-LOC-35,HUB_01,2025-03-21 08:35:00,LOCAL_URBAN,115.3,8,106,7.91,PERISHABLE_FOOD,25,COMPLETED
DSP-10316,RT-HUB_-REG-36,HUB_N,2025-03-21T17:38:00Z,REGIONAL_DISTRIB,286.5,5,66,8.49,PERISHABLE_FOOD,26,COMPLETED
DSP-10317,RT-ALLE-LOC-37,ALLENTOWN_PA,03/22/2025 09:43,LOCAL_URBAN,123.8,9,81,8.63,PERISHABLE_FOOD,26,COMPLETED
DSP-10318,RT-ALLE-LOC-38,ALLENTOWN_PA,2025-03-22 09:01:00,LOCAL_URBAN,119.8,7,95,7.78,PERISHABLE_FOOD,24,COMPLETED
DSP-10319,RT-HUB_-REG-39,HUB_N,2025-03-22T14:56:00Z,REGIONAL_DISTRIB,304.0,5,84,8.9,PHARMA_GDP,26,COMPLETED
DSP-10320,RT-ALLE-LOC-40,ALLENTOWN_PA,03/22/2025 09:43,LOCAL_URBAN,121.8,7,81,7.87,PERISHABLE_FOOD,24,COMPLETED
DSP-10321,RT-HUB_-LIN-01,HUB_N,2025-03-23 12:14:00,LINEHAUL_CORRIDOR,433.9,2,40,9.01,PERISHABLE_FOOD,26,COMPLETED
DSP-10322,RT-ALLE-REG-02,ALLENTOWN_PA,2025-03-23T17:39:00Z,REGIONAL_DISTRIB,287.7,5,57,8.52,PHARMA_GDP,26,COMPLETED
DSP-10323,RT-HUB_-REG-03,HUB_01,03/23/2025 16:57,REGIONAL_DISTRIB,294.3,6,76,9.01,PERISHABLE_FOOD,26,COMPLETED
DSP-10324,RT-HUB_-LOC-04,HUB_N,2025-03-23 05:49:00,LOCAL_URBAN,112.2,10,87,8.43,PERISHABLE_FOOD,26,COMPLETED
DSP-10325,RT-ALLE-REG-05,ALLENTOWN_PA,2025-03-24T12:52:00Z,REGIONAL_DISTRIB,265.4,6,59,8.32,PERISHABLE_FOOD,26,COMPLETED
DSP-10326,RT-ALLE-LOC-06,ALLENTOWN_PA,03/24/2025 11:21,LOCAL_URBAN,119.3,9,87,8.42,PERISHABLE_FOOD,24,COMPLETED
DSP-10327,RT-ALLE-LOC-07,ALLENTOWN_PA,2025-03-24 06:01:00,LOCAL_URBAN,127.8,7,111,8.14,PERISHABLE_FOOD,25,COMPLETED
DSP-10328,RT-HUB_-LOC-08,HUB_N,2025-03-24T05:32:00Z,LOCAL_URBAN,116.4,7,87,7.62,PHARMA_GDP,26,COMPLETED
DSP-10329,RT-HUB_-LOC-09,HUB_N,03/25/2025 14:21,LOCAL_URBAN,121.8,10,89,8.87,PHARMA_GDP,24,COMPLETED
DSP-10330,RT-ALLE-REG-10,ALLENTOWN_PA,2025-03-25 10:22:00,REGIONAL_DISTRIB,270.1,4,68,7.76,PERISHABLE_FOOD,26,COMPLETED
DSP-10331,RT-HUB_-LOC-11,HUB_01,2025-03-25T05:55:00Z,LOCAL_URBAN,126.8,7,91,8.1,PHARMA_GDP,26,COMPLETED
DSP-10332,RT-HUB_-LIN-12,HUB_01,03/25/2025 05:53,LINEHAUL_CORRIDOR,456.4,2,30,9.44,PHARMA_GDP,26,COMPLETED
DSP-10333,RT-ALLE-REG-13,ALLENTOWN_PA,2025-03-26 18:19:00,REGIONAL_DISTRIB,293.3,4,69,8.32,PHARMA_GDP,26,COMPLETED
DSP-10334,RT-ALLE-REG-14,ALLENTOWN_PA,2025-03-26T13:52:00Z,REGIONAL_DISTRIB,271.0,4,84,7.79,PHARMA_GDP,26,COMPLETED
DSP-10335,RT-ALLE-LIN-15,ALLENTOWN_PA,03/26/2025 06:43,LINEHAUL_CORRIDOR,467.1,1,32,9.32,PERISHABLE_FOOD,26,COMPLETED
DSP-10336,RT-HUB_-LOC-16,HUB_N,2025-03-26 13:56:00,LOCAL_URBAN,134.0,8,97,8.76,PHARMA_GDP,24,COMPLETED
DSP-10337,RT-HUB_-REG-17,HUB_01,2025-03-27T07:07:00Z,REGIONAL_DISTRIB,293.7,6,58,8.99,PERISHABLE_FOOD,26,COMPLETED
DSP-10338,RT-HUB_-REG-18,HUB_01,03/27/2025 17:23,REGIONAL_DISTRIB,265.9,5,63,8.0,PERISHABLE_FOOD,26,COMPLETED
DSP-10339,RT-HUB_-REG-19,HUB_01,2025-03-27 07:36:00,REGIONAL_DISTRIB,270.5,4,59,7.77,PERISHABLE_FOOD,26,COMPLETED
DSP-10340,RT-HUB_-LOC-20,HUB_01,2025-03-27T10:24:00Z,LOCAL_URBAN,113.0,9,93,8.14,PERISHABLE_FOOD,25,COMPLETED
DSP-10341,RT-HUB_-REG-21,HUB_N,03/28/2025 10:39,REGIONAL_DISTRIB,273.7,6,77,8.52,PERISHABLE_FOOD,26,COMPLETED
DSP-10342,RT-HUB_-LIN-22,HUB_N,2025-03-28 05:55:00,LINEHAUL_CORRIDOR,433.8,1,29,8.68,PHARMA_GDP,26,COMPLETED
DSP-10343,RT-ALLE-REG-23,ALLENTOWN_PA,2025-03-28T06:30:00Z,REGIONAL_DISTRIB,271.2,5,58,8.12,PERISHABLE_FOOD,26,COMPLETED
DSP-10344,RT-HUB_-LOC-24,HUB_N,03/28/2025 06:31,LOCAL_URBAN,130.6,9,85,8.94,PERISHABLE_FOOD,25,COMPLETED
DSP-10345,RT-HUB_-LIN-25,HUB_N,2025-03-29 06:32:00,LINEHAUL_CORRIDOR,436.6,1,22,8.73,PERISHABLE_FOOD,26,COMPLETED
DSP-10346,RT-HUB_-LOC-26,HUB_N,2025-03-29T11:41:00Z,LOCAL_URBAN,124.3,10,111,8.98,PHARMA_GDP,26,COMPLETED
DSP-10347,RT-HUB_-LOC-27,HUB_N,03/29/2025 09:11,LOCAL_URBAN,121.2,8,82,8.18,PERISHABLE_FOOD,26,COMPLETED
DSP-10348,RT-HUB_-LIN-28,HUB_01,2025-03-29 09:11:00,LINEHAUL_CORRIDOR,438.7,1,28,8.77,PHARMA_GDP,26,COMPLETED
DSP-10349,RT-ALLE-LOC-29,ALLENTOWN_PA,2025-03-30T13:04:00Z,LOCAL_URBAN,134.9,7,104,8.47,PERISHABLE_FOOD,25,COMPLETED
DSP-10350,RT-HUB_-LIN-30,HUB_01,03/30/2025 14:44,LINEHAUL_CORRIDOR,440.1,2,28,9.13,PHARMA_GDP,26,COMPLETED
DSP-10351,RT-HUB_-LOC-31,HUB_01,2025-03-30 09:12:00,LOCAL_URBAN,134.8,9,94,9.13,PERISHABLE_FOOD,24,COMPLETED
DSP-10352,RT-ALLE-REG-32,ALLENTOWN_PA,2025-03-30T15:24:00Z,REGIONAL_DISTRIB,301.3,4,79,8.51,PERISHABLE_FOOD,26,COMPLETED
DSP-10353,RT-HUB_-LOC-33,HUB_01,03/31/2025 18:17,LOCAL_URBAN,131.0,8,91,8.62,PHARMA_GDP,25,COMPLETED
DSP-10354,RT-ALLE-LOC-34,ALLENTOWN_PA,2025-03-31 13:49:00,LOCAL_URBAN,127.5,8,92,8.46,PERISHABLE_FOOD,25,COMPLETED
DSP-10355,RT-HUB_-LOC-35,HUB_N,2025-03-31T11:28:00Z,LOCAL_URBAN,115.8,8,81,7.93,PERISHABLE_FOOD,24,COMPLETED
DSP-10356,RT-HUB_-LOC-36,HUB_N,03/31/2025 17:28,LOCAL_URBAN,114.4,9,83,8.2,PHARMA_GDP,26,COMPLETED
DSP-10357,RT-HUB_-REG-37,HUB_N,2025-04-01 14:36:00,REGIONAL_DISTRIB,298.7,4,66,8.45,PERISHABLE_FOOD,26,COMPLETED
DSP-10358,RT-HUB_-LOC-38,HUB_01,2025-04-01T17:05:00Z,LOCAL_URBAN,113.9,10,111,8.51,PERISHABLE_FOOD,24,COMPLETED
DSP-10359,RT-ALLE-REG-39,ALLENTOWN_PA,04/01/2025 17:14,REGIONAL_DISTRIB,270.0,6,81,8.43,PHARMA_GDP,26,COMPLETED
DSP-10360,RT-HUB_-REG-40,HUB_N,2025-04-01 08:08:00,REGIONAL_DISTRIB,302.7,6,67,9.21,PERISHABLE_FOOD,26,COMPLETED
DSP-10361,RT-ALLE-LOC-01,ALLENTOWN_PA,2025-04-02T08:52:00Z,LOCAL_URBAN,124.1,10,89,8.97,PHARMA_GDP,24,COMPLETED
DSP-10362,RT-HUB_-REG-02,HUB_N,04/02/2025 12:30,REGIONAL_DISTRIB,303.3,6,76,9.22,PERISHABLE_FOOD,26,COMPLETED
DSP-10363,RT-HUB_-REG-03,HUB_N,2025-04-02 13:16:00,REGIONAL_DISTRIB,275.8,4,78,7.9,PHARMA_GDP,26,COMPLETED
DSP-10364,RT-HUB_-LIN-04,HUB_N,2025-04-02T13:20:00Z,LINEHAUL_CORRIDOR,439.6,2,31,9.12,PERISHABLE_FOOD,26,COMPLETED
DSP-10365,RT-ALLE-REG-05,ALLENTOWN_PA,04/03/2025 09:31,REGIONAL_DISTRIB,270.2,5,57,8.1,PERISHABLE_FOOD,26,COMPLETED
DSP-10366,RT-HUB_-LOC-06,HUB_N,2025-04-03 06:51:00,LOCAL_URBAN,114.3,10,90,8.53,PERISHABLE_FOOD,26,COMPLETED
DSP-10367,RT-ALLE-LIN-07,ALLENTOWN_PA,2025-04-03T07:33:00Z,LINEHAUL_CORRIDOR,452.3,2,40,9.36,PHARMA_GDP,26,COMPLETED
DSP-10368,RT-HUB_-LIN-08,HUB_N,04/03/2025 09:45,LINEHAUL_CORRIDOR,434.6,3,37,9.36,PHARMA_GDP,26,COMPLETED
DSP-10369,RT-HUB_-REG-09,HUB_01,2025-04-04 06:48:00,REGIONAL_DISTRIB,297.8,4,56,8.42,PHARMA_GDP,26,COMPLETED
DSP-10370,RT-ALLE-REG-10,ALLENTOWN_PA,2025-04-04T07:00:00Z,REGIONAL_DISTRIB,269.0,4,61,7.74,PHARMA_GDP,26,COMPLETED
DSP-10371,RT-HUB_-REG-11,HUB_01,04/04/2025 07:53,REGIONAL_DISTRIB,281.2,6,63,8.7,PHARMA_GDP,26,COMPLETED
DSP-10372,RT-HUB_-LOC-12,HUB_01,2025-04-04 14:33:00,LOCAL_URBAN,111.1,10,109,8.38,PHARMA_GDP,25,COMPLETED
DSP-10373,RT-ALLE-REG-13,ALLENTOWN_PA,2025-04-05T13:33:00Z,REGIONAL_DISTRIB,263.9,5,80,7.95,PERISHABLE_FOOD,26,COMPLETED
DSP-10374,RT-ALLE-LOC-14,ALLENTOWN_PA,04/05/2025 12:27,LOCAL_URBAN,123.4,10,95,8.94,PERISHABLE_FOOD,24,COMPLETED
DSP-10375,RT-HUB_-REG-15,HUB_N,2025-04-05 07:18:00,REGIONAL_DISTRIB,300.5,6,76,9.15,PERISHABLE_FOOD,26,COMPLETED
DSP-10376,RT-HUB_-LIN-16,HUB_N,2025-04-05T09:22:00Z,LINEHAUL_CORRIDOR,458.5,1,21,9.15,PERISHABLE_FOOD,26,COMPLETED
DSP-10377,RT-ALLE-LOC-17,ALLENTOWN_PA,04/06/2025 13:50,LOCAL_URBAN,132.8,7,85,8.37,PHARMA_GDP,25,COMPLETED
DSP-10378,RT-ALLE-REG-18,ALLENTOWN_PA,2025-04-06 06:56:00,REGIONAL_DISTRIB,299.3,6,74,9.13,PERISHABLE_FOOD,26,COMPLETED
DSP-10379,RT-ALLE-REG-19,ALLENTOWN_PA,2025-04-06T17:48:00Z,REGIONAL_DISTRIB,294.1,4,84,8.34,PHARMA_GDP,26,COMPLETED
DSP-10380,RT-HUB_-LIN-20,HUB_01,04/06/2025 05:41,LINEHAUL_CORRIDOR,425.8,3,35,9.19,PERISHABLE_FOOD,26,COMPLETED
DSP-10381,RT-HUB_-REG-21,HUB_N,2025-04-07 16:45:00,REGIONAL_DISTRIB,290.6,5,56,8.59,PHARMA_GDP,26,COMPLETED
DSP-10382,RT-HUB_-LIN-22,HUB_01,2025-04-07T09:47:00Z,LINEHAUL_CORRIDOR,463.8,1,30,9.25,PERISHABLE_FOOD,26,COMPLETED
DSP-10383,RT-ALLE-REG-23,ALLENTOWN_PA,04/07/2025 18:22,REGIONAL_DISTRIB,303.8,4,59,8.57,PHARMA_GDP,26,COMPLETED
DSP-10384,RT-ALLE-LOC-24,ALLENTOWN_PA,2025-04-07 17:01:00,LOCAL_URBAN,126.1,8,108,8.4,PHARMA_GDP,25,COMPLETED
DSP-10385,RT-HUB_-REG-25,HUB_01,2025-04-08T08:19:00Z,REGIONAL_DISTRIB,283.2,4,57,8.08,PHARMA_GDP,26,COMPLETED
DSP-10386,RT-ALLE-LOC-26,ALLENTOWN_PA,04/08/2025 06:28,LOCAL_URBAN,114.8,8,83,7.88,PHARMA_GDP,25,COMPLETED
DSP-10387,RT-HUB_-LOC-27,HUB_N,2025-04-08 11:01:00,LOCAL_URBAN,130.6,10,87,9.27,PERISHABLE_FOOD,24,COMPLETED
DSP-10388,RT-HUB_-LIN-28,HUB_N,2025-04-08T17:23:00Z,LINEHAUL_CORRIDOR,438.5,3,31,9.43,PHARMA_GDP,26,COMPLETED
DSP-10389,RT-HUB_-LOC-29,HUB_01,04/09/2025 08:47,LOCAL_URBAN,111.2,8,94,7.72,PERISHABLE_FOOD,26,COMPLETED
DSP-10390,RT-ALLE-LOC-30,ALLENTOWN_PA,2025-04-09 08:08:00,LOCAL_URBAN,129.5,7,110,8.22,PERISHABLE_FOOD,26,COMPLETED
DSP-10391,RT-HUB_-LOC-31,HUB_N,2025-04-09T10:59:00Z,LOCAL_URBAN,130.1,9,97,8.91,PERISHABLE_FOOD,25,COMPLETED
DSP-10392,RT-HUB_-LOC-32,HUB_01,04/09/2025 11:05,LOCAL_URBAN,123.0,10,86,8.92,PHARMA_GDP,26,COMPLETED
DSP-10393,RT-ALLE-LOC-33,ALLENTOWN_PA,2025-04-10 15:50:00,LOCAL_URBAN,127.1,10,84,9.11,PHARMA_GDP,25,COMPLETED
DSP-10394,RT-HUB_-REG-34,HUB_01,2025-04-10T06:21:00Z,REGIONAL_DISTRIB,302.8,6,64,9.21,PHARMA_GDP,26,COMPLETED
DSP-10395,RT-ALLE-LOC-35,ALLENTOWN_PA,04/10/2025 10:28,LOCAL_URBAN,118.0,8,81,8.03,PERISHABLE_FOOD,25,COMPLETED
DSP-10396,RT-HUB_-REG-36,HUB_01,2025-04-10 16:04:00,REGIONAL_DISTRIB,286.2,6,81,8.81,PHARMA_GDP,26,COMPLETED
DSP-10397,RT-HUB_-LIN-37,HUB_01,2025-04-11T09:36:00Z,LINEHAUL_CORRIDOR,450.3,3,29,9.66,PERISHABLE_FOOD,26,COMPLETED
DSP-10398,RT-ALLE-LOC-38,ALLENTOWN_PA,04/11/2025 10:44,LOCAL_URBAN,130.2,8,101,8.58,PERISHABLE_FOOD,24,COMPLETED
DSP-10399,RT-HUB_-LOC-39,HUB_01,2025-04-11 07:00:00,LOCAL_URBAN,132.2,9,96,9.01,PERISHABLE_FOOD,25,COMPLETED
DSP-10400,RT-ALLE-REG-40,ALLENTOWN_PA,2025-04-11T15:54:00Z,REGIONAL_DISTRIB,302.5,4,70,8.54,PERISHABLE_FOOD,26,COMPLETED
DSP-10401,RT-HUB_-LOC-01,HUB_01,04/12/2025 12:39,LOCAL_URBAN,131.4,8,92,8.64,PHARMA_GDP,26,COMPLETED
DSP-10402,RT-ALLE-LOC-02,ALLENTOWN_PA,2025-04-12 05:58:00,LOCAL_URBAN,112.0,9,91,8.09,PHARMA_GDP,24,COMPLETED
DSP-10403,RT-HUB_-REG-03,HUB_N,2025-04-12T11:57:00Z,REGIONAL_DISTRIB,267.1,4,59,7.69,PERISHABLE_FOOD,26,COMPLETED
DSP-10404,RT-HUB_-LOC-04,HUB_01,04/12/2025 08:31,LOCAL_URBAN,123.3,9,80,8.6,PERISHABLE_FOOD,26,COMPLETED
DSP-10405,RT-ALLE-REG-05,ALLENTOWN_PA,2025-04-13 14:07:00,REGIONAL_DISTRIB,270.2,5,64,8.1,PHARMA_GDP,26,COMPLETED
DSP-10406,RT-HUB_-REG-06,HUB_N,2025-04-13T12:26:00Z,REGIONAL_DISTRIB,273.4,5,69,8.18,PERISHABLE_FOOD,26,COMPLETED
DSP-10407,RT-HUB_-LOC-07,HUB_N,04/13/2025 05:44,LOCAL_URBAN,132.5,9,92,9.02,PHARMA_GDP,25,COMPLETED
DSP-10408,RT-HUB_-LOC-08,HUB_N,2025-04-13 17:32:00,LOCAL_URBAN,110.5,8,87,7.69,PHARMA_GDP,26,COMPLETED
DSP-10409,RT-ALLE-LOC-09,ALLENTOWN_PA,2025-04-14T05:33:00Z,LOCAL_URBAN,123.4,7,83,7.94,PERISHABLE_FOOD,26,COMPLETED
DSP-10410,RT-HUB_-LOC-10,HUB_01,04/14/2025 17:13,LOCAL_URBAN,113.1,9,110,8.14,PERISHABLE_FOOD,24,COMPLETED
DSP-10411,RT-HUB_-LOC-11,HUB_01,2025-04-14 14:16:00,LOCAL_URBAN,112.5,9,88,8.11,PHARMA_GDP,24,COMPLETED
DSP-10412,RT-HUB_-LOC-12,HUB_01,2025-04-14T08:52:00Z,LOCAL_URBAN,112.7,8,92,7.79,PERISHABLE_FOOD,26,COMPLETED
DSP-10413,RT-HUB_-LOC-13,HUB_01,04/15/2025 06:12,LOCAL_URBAN,123.7,8,110,8.29,PHARMA_GDP,24,COMPLETED
DSP-10414,RT-HUB_-REG-14,HUB_N,2025-04-15 17:16:00,REGIONAL_DISTRIB,290.1,4,85,8.24,PHARMA_GDP,26,COMPLETED
DSP-10415,RT-HUB_-REG-15,HUB_01,2025-04-15T08:25:00Z,REGIONAL_DISTRIB,280.6,5,63,8.35,PERISHABLE_FOOD,26,COMPLETED
DSP-10416,RT-HUB_-LOC-16,HUB_01,04/15/2025 06:24,LOCAL_URBAN,126.9,10,87,9.1,PHARMA_GDP,24,COMPLETED
DSP-10417,RT-ALLE-LOC-17,ALLENTOWN_PA,2025-04-16 11:22:00,LOCAL_URBAN,118.9,10,97,8.74,PERISHABLE_FOOD,24,COMPLETED
DSP-10418,RT-HUB_-LOC-18,HUB_N,2025-04-16T17:56:00Z,LOCAL_URBAN,134.1,9,104,9.1,PERISHABLE_FOOD,25,COMPLETED
DSP-10419,RT-HUB_-LOC-19,HUB_N,04/16/2025 13:21,LOCAL_URBAN,127.4,7,90,8.12,PHARMA_GDP,26,COMPLETED
DSP-10420,RT-HUB_-LOC-20,HUB_01,2025-04-16 08:00:00,LOCAL_URBAN,119.5,9,81,8.43,PERISHABLE_FOOD,26,COMPLETED
DSP-10421,RT-HUB_-LIN-21,HUB_N,2025-04-17T17:25:00Z,LINEHAUL_CORRIDOR,436.4,1,28,8.73,PERISHABLE_FOOD,26,COMPLETED
DSP-10422,RT-ALLE-REG-22,ALLENTOWN_PA,04/17/2025 12:12,REGIONAL_DISTRIB,285.4,6,82,8.8,PHARMA_GDP,26,COMPLETED
DSP-10423,RT-HUB_-LOC-23,HUB_01,2025-04-17 14:33:00,LOCAL_URBAN,126.9,10,89,9.1,PERISHABLE_FOOD,26,VOID_TEST
DSP-10424,RT-HUB_-REG-24,HUB_N,2025-04-17T10:45:00Z,REGIONAL_DISTRIB,281.1,5,82,8.36,PHARMA_GDP,26,COMPLETED
DSP-10425,RT-HUB_-LOC-25,HUB_01,04/18/2025 12:58,LOCAL_URBAN,115.6,10,105,8.59,PERISHABLE_FOOD,24,COMPLETED
DSP-10426,RT-HUB_-LOC-26,HUB_01,2025-04-18 15:31:00,LOCAL_URBAN,122.5,9,87,8.57,PERISHABLE_FOOD,26,COMPLETED
DSP-10427,RT-HUB_-LOC-27,HUB_01,2025-04-18T09:11:00Z,LOCAL_URBAN,123.7,7,99,7.96,PERISHABLE_FOOD,26,COMPLETED
DSP-10428,RT-HUB_-LOC-28,HUB_01,04/18/2025 15:00,LOCAL_URBAN,111.4,8,109,7.73,PHARMA_GDP,26,COMPLETED
DSP-10429,RT-HUB_-REG-29,HUB_01,2025-04-19 16:21:00,REGIONAL_DISTRIB,265.1,6,62,8.31,PHARMA_GDP,26,COMPLETED
DSP-10430,RT-ALLE-LOC-30,ALLENTOWN_PA,2025-04-19T17:16:00Z,LOCAL_URBAN,112.7,8,111,7.79,PHARMA_GDP,26,COMPLETED
DSP-10431,RT-HUB_-REG-31,HUB_01,04/19/2025 16:51,REGIONAL_DISTRIB,268.4,5,61,8.06,PERISHABLE_FOOD,26,COMPLETED
DSP-10432,RT-HUB_-LOC-32,HUB_01,2025-04-19 13:38:00,LOCAL_URBAN,125.8,7,108,8.05,PERISHABLE_FOOD,26,COMPLETED
DSP-10433,RT-HUB_-REG-33,HUB_N,2025-04-20T17:07:00Z,REGIONAL_DISTRIB,262.2,5,81,7.91,PERISHABLE_FOOD,26,COMPLETED
DSP-10434,RT-HUB_-LOC-34,HUB_N,04/20/2025 15:28,LOCAL_URBAN,126.4,9,112,8.75,PERISHABLE_FOOD,25,COMPLETED
DSP-10435,RT-HUB_-LOC-35,HUB_N,2025-04-20 12:08:00,LOCAL_URBAN,134.1,9,108,9.1,PERISHABLE_FOOD,24,COMPLETED
DSP-10436,RT-ALLE-REG-36,ALLENTOWN_PA,2025-04-20T08:43:00Z,REGIONAL_DISTRIB,297.9,6,82,9.09,PHARMA_GDP,26,COMPLETED
DSP-10437,RT-HUB_-REG-37,HUB_01,04/21/2025 14:04,REGIONAL_DISTRIB,301.5,4,77,8.51,PERISHABLE_FOOD,26,COMPLETED
DSP-10438,RT-HUB_-REG-38,HUB_01,2025-04-21 16:17:00,REGIONAL_DISTRIB,294.2,6,70,9.0,PERISHABLE_FOOD,26,COMPLETED
DSP-10439,RT-ALLE-LOC-39,ALLENTOWN_PA,2025-04-21T07:33:00Z,LOCAL_URBAN,131.2,7,113,8.3,PHARMA_GDP,25,COMPLETED
DSP-10440,RT-HUB_-LOC-40,HUB_N,04/21/2025 17:20,LOCAL_URBAN,129.6,9,96,8.89,PHARMA_GDP,24,COMPLETED
DSP-10441,RT-ALLE-LOC-01,ALLENTOWN_PA,2025-04-22 16:05:00,LOCAL_URBAN,130.4,7,115,8.26,PERISHABLE_FOOD,26,COMPLETED
DSP-10442,RT-ALLE-REG-02,ALLENTOWN_PA,2025-04-22T11:56:00Z,REGIONAL_DISTRIB,295.9,5,77,8.71,PERISHABLE_FOOD,26,COMPLETED
DSP-10443,RT-ALLE-LOC-03,ALLENTOWN_PA,04/22/2025 09:28,LOCAL_URBAN,123.8,7,96,7.96,PHARMA_GDP,25,COMPLETED
DSP-10444,RT-ALLE-REG-04,ALLENTOWN_PA,2025-04-22 09:58:00,REGIONAL_DISTRIB,294.0,6,78,9.0,PERISHABLE_FOOD,26,COMPLETED
DSP-10445,RT-ALLE-LOC-05,ALLENTOWN_PA,2025-04-23T13:46:00Z,LOCAL_URBAN,134.1,7,104,8.43,PHARMA_GDP,25,COMPLETED
DSP-10446,RT-ALLE-REG-06,ALLENTOWN_PA,04/23/2025 08:29,REGIONAL_DISTRIB,260.3,5,77,7.86,PERISHABLE_FOOD,26,COMPLETED
DSP-10447,RT-HUB_-REG-07,HUB_N,2025-04-23 07:20:00,REGIONAL_DISTRIB,288.1,6,64,8.86,PERISHABLE_FOOD,26,COMPLETED
DSP-10448,RT-ALLE-LOC-08,ALLENTOWN_PA,2025-04-23T13:55:00Z,LOCAL_URBAN,114.6,7,112,7.54,PHARMA_GDP,26,COMPLETED
DSP-10449,RT-HUB_-LIN-09,HUB_N,04/24/2025 14:22,LINEHAUL_CORRIDOR,449.8,2,31,9.32,PHARMA_GDP,26,COMPLETED
DSP-10450,RT-ALLE-LOC-10,ALLENTOWN_PA,2025-04-24 14:45:00,LOCAL_URBAN,126.7,10,95,9.09,PERISHABLE_FOOD,26,COMPLETED
DSP-10451,RT-ALLE-LIN-11,ALLENTOWN_PA,2025-04-24T06:28:00Z,LINEHAUL_CORRIDOR,432.9,1,32,8.66,PHARMA_GDP,26,COMPLETED
DSP-10452,RT-HUB_-REG-12,HUB_01,04/24/2025 11:02,REGIONAL_DISTRIB,282.9,5,56,8.4,PHARMA_GDP,26,COMPLETED
DSP-10453,RT-HUB_-LOC-13,HUB_N,2025-04-25 17:43:00,LOCAL_URBAN,133.9,7,84,8.42,PHARMA_GDP,26,COMPLETED
DSP-10454,RT-HUB_-REG-14,HUB_01,2025-04-25T16:22:00Z,REGIONAL_DISTRIB,269.3,6,83,8.41,PERISHABLE_FOOD,26,COMPLETED
DSP-10455,RT-ALLE-REG-15,ALLENTOWN_PA,04/25/2025 05:41,REGIONAL_DISTRIB,261.1,6,65,8.22,PHARMA_GDP,26,COMPLETED
DSP-10456,RT-ALLE-LOC-16,ALLENTOWN_PA,2025-04-25 11:57:00,LOCAL_URBAN,130.5,9,106,8.93,PHARMA_GDP,26,COMPLETED
DSP-10457,RT-HUB_-REG-17,HUB_01,2025-04-26T17:24:00Z,REGIONAL_DISTRIB,284.1,6,78,8.76,PERISHABLE_FOOD,26,COMPLETED
DSP-10458,RT-ALLE-LOC-18,ALLENTOWN_PA,04/26/2025 11:55,LOCAL_URBAN,129.7,9,85,8.9,PHARMA_GDP,25,COMPLETED
DSP-10459,RT-HUB_-REG-19,HUB_N,2025-04-26 15:39:00,REGIONAL_DISTRIB,284.0,4,78,8.1,PHARMA_GDP,26,COMPLETED
DSP-10460,RT-ALLE-REG-20,ALLENTOWN_PA,2025-04-26T06:32:00Z,REGIONAL_DISTRIB,303.1,4,72,8.55,PERISHABLE_FOOD,26,VOID_TEST
DSP-10461,RT-ALLE-LOC-21,ALLENTOWN_PA,04/27/2025 16:52,LOCAL_URBAN,123.7,7,99,7.96,PHARMA_GDP,26,COMPLETED
DSP-10462,RT-ALLE-LIN-22,ALLENTOWN_PA,2025-04-27 08:37:00,LINEHAUL_CORRIDOR,418.5,1,27,8.38,PERISHABLE_FOOD,26,COMPLETED
DSP-10463,RT-ALLE-LIN-23,ALLENTOWN_PA,2025-04-27T10:12:00Z,LINEHAUL_CORRIDOR,461.1,3,34,9.87,PERISHABLE_FOOD,26,COMPLETED
DSP-10464,RT-HUB_-LOC-24,HUB_N,04/27/2025 08:36,LOCAL_URBAN,124.5,9,102,8.66,PHARMA_GDP,26,COMPLETED
DSP-10465,RT-HUB_-LIN-25,HUB_N,2025-04-28 17:07:00,LINEHAUL_CORRIDOR,429.1,2,30,8.92,PERISHABLE_FOOD,26,COMPLETED
DSP-10466,RT-ALLE-LOC-26,ALLENTOWN_PA,2025-04-28T17:44:00Z,LOCAL_URBAN,117.9,10,90,8.69,PHARMA_GDP,24,COMPLETED
DSP-10467,RT-ALLE-LOC-27,ALLENTOWN_PA,04/28/2025 12:52,LOCAL_URBAN,131.0,8,101,8.62,PERISHABLE_FOOD,25,COMPLETED
DSP-10468,RT-HUB_-REG-28,HUB_01,2025-04-28 13:42:00,REGIONAL_DISTRIB,267.9,6,57,8.38,PERISHABLE_FOOD,26,COMPLETED
DSP-10469,RT-ALLE-LOC-29,ALLENTOWN_PA,2025-04-29T14:55:00Z,LOCAL_URBAN,111.9,7,112,7.42,PERISHABLE_FOOD,26,COMPLETED
DSP-10470,RT-HUB_-LIN-30,HUB_N,04/29/2025 10:55,LINEHAUL_CORRIDOR,443.1,3,37,9.52,PERISHABLE_FOOD,26,COMPLETED
DSP-10471,RT-ALLE-REG-31,ALLENTOWN_PA,2025-04-29 11:02:00,REGIONAL_DISTRIB,273.1,5,71,8.17,PERISHABLE_FOOD,26,VOID_TEST
DSP-10472,RT-HUB_-REG-32,HUB_N,2025-04-29T12:40:00Z,REGIONAL_DISTRIB,296.3,6,76,9.05,PHARMA_GDP,26,COMPLETED
DSP-10473,RT-ALLE-REG-33,ALLENTOWN_PA,04/30/2025 05:44,REGIONAL_DISTRIB,303.5,6,78,9.23,PERISHABLE_FOOD,26,COMPLETED
DSP-10474,RT-HUB_-LOC-34,HUB_N,2025-04-30 12:00:00,LOCAL_URBAN,119.2,7,93,7.75,PERISHABLE_FOOD,25,COMPLETED
DSP-10475,RT-HUB_-LOC-35,HUB_N,2025-04-30T16:46:00Z,LOCAL_URBAN,126.2,7,113,8.07,PERISHABLE_FOOD,25,COMPLETED
DSP-10476,RT-ALLE-LOC-36,ALLENTOWN_PA,04/30/2025 09:03,LOCAL_URBAN,126.3,9,84,8.74,PERISHABLE_FOOD,25,COMPLETED
DSP-10477,RT-HUB_-REG-37,HUB_01,2025-05-01 12:40:00,REGIONAL_DISTRIB,281.7,6,55,8.71,PERISHABLE_FOOD,26,COMPLETED
DSP-10478,RT-ALLE-REG-38,ALLENTOWN_PA,2025-05-01T15:44:00Z,REGIONAL_DISTRIB,269.5,4,60,7.75,PHARMA_GDP,26,COMPLETED
DSP-10479,RT-HUB_-REG-39,HUB_01,05/01/2025 16:23,REGIONAL_DISTRIB,281.7,5,70,8.37,PHARMA_GDP,26,COMPLETED
DSP-10480,RT-HUB_-LOC-40,HUB_N,2025-05-01 14:39:00,LOCAL_URBAN,124.3,8,88,8.32,PERISHABLE_FOOD,24,COMPLETED
DSP-10481,RT-HUB_-LIN-01,HUB_01,2025-05-02T17:16:00Z,LINEHAUL_CORRIDOR,441.0,2,39,9.15,PERISHABLE_FOOD,26,COMPLETED
DSP-10482,RT-HUB_-LIN-02,HUB_01,05/02/2025 09:23,LINEHAUL_CORRIDOR,423.0,3,35,9.13,PERISHABLE_FOOD,26,COMPLETED
DSP-10483,RT-HUB_-REG-03,HUB_N,2025-05-02 08:16:00,REGIONAL_DISTRIB,296.9,4,74,8.4,PERISHABLE_FOOD,26,COMPLETED
DSP-10484,RT-HUB_-REG-04,HUB_01,2025-05-02T09:03:00Z,REGIONAL_DISTRIB,263.1,5,67,7.93,PHARMA_GDP,26,COMPLETED
DSP-10485,RT-ALLE-REG-05,ALLENTOWN_PA,05/03/2025 18:04,REGIONAL_DISTRIB,297.2,6,58,9.08,PHARMA_GDP,26,COMPLETED
DSP-10486,RT-HUB_-LOC-06,HUB_N,2025-05-03 06:14:00,LOCAL_URBAN,126.5,7,107,8.08,PERISHABLE_FOOD,25,COMPLETED
DSP-10487,RT-HUB_-LIN-07,HUB_N,2025-05-03T11:38:00Z,LINEHAUL_CORRIDOR,438.9,2,31,9.11,PERISHABLE_FOOD,26,COMPLETED
DSP-10488,RT-HUB_-LIN-08,HUB_N,05/03/2025 06:15,LINEHAUL_CORRIDOR,415.0,3,37,8.98,PHARMA_GDP,26,COMPLETED
DSP-10489,RT-HUB_-REG-09,HUB_N,2025-05-04 11:53:00,REGIONAL_DISTRIB,265.3,4,67,7.65,PERISHABLE_FOOD,26,COMPLETED
DSP-10490,RT-HUB_-REG-10,HUB_01,2025-05-04T15:55:00Z,REGIONAL_DISTRIB,271.4,6,68,8.46,PERISHABLE_FOOD,26,COMPLETED
DSP-10491,RT-HUB_-REG-11,HUB_01,05/04/2025 09:49,REGIONAL_DISTRIB,285.1,4,66,8.12,PERISHABLE_FOOD,26,COMPLETED
DSP-10492,RT-ALLE-LOC-12,ALLENTOWN_PA,2025-05-04 07:36:00,LOCAL_URBAN,113.5,7,94,7.49,PERISHABLE_FOOD,26,COMPLETED
DSP-10493,RT-HUB_-REG-13,HUB_01,2025-05-05T07:54:00Z,REGIONAL_DISTRIB,296.0,6,77,9.05,PERISHABLE_FOOD,26,COMPLETED
DSP-10494,RT-HUB_-REG-14,HUB_N,05/05/2025 06:46,REGIONAL_DISTRIB,297.0,5,84,8.74,PERISHABLE_FOOD,26,COMPLETED
DSP-10495,RT-HUB_-REG-15,HUB_N,2025-05-05 17:08:00,REGIONAL_DISTRIB,292.6,5,74,8.63,PERISHABLE_FOOD,26,COMPLETED
DSP-10496,RT-HUB_-REG-16,HUB_N,2025-05-05T08:32:00Z,REGIONAL_DISTRIB,279.8,4,82,8.0,PERISHABLE_FOOD,26,COMPLETED
DSP-10497,RT-ALLE-REG-17,ALLENTOWN_PA,05/06/2025 15:30,REGIONAL_DISTRIB,270.4,4,76,7.77,PHARMA_GDP,26,COMPLETED
DSP-10498,RT-HUB_-LIN-18,HUB_N,2025-05-06 13:30:00,LINEHAUL_CORRIDOR,456.8,2,32,9.45,PHARMA_GDP,26,COMPLETED
DSP-10499,RT-HUB_-LIN-19,HUB_N,2025-05-06T11:22:00Z,LINEHAUL_CORRIDOR,443.0,3,37,9.52,PERISHABLE_FOOD,26,COMPLETED
DSP-10500,RT-ALLE-LIN-20,ALLENTOWN_PA,05/06/2025 12:02,LINEHAUL_CORRIDOR,437.3,2,38,9.08,PHARMA_GDP,26,COMPLETED
DSP-10501,RT-HUB_-REG-21,HUB_N,2025-05-07 14:22:00,REGIONAL_DISTRIB,275.3,4,80,7.89,PERISHABLE_FOOD,26,COMPLETED
DSP-10502,RT-HUB_-REG-22,HUB_01,2025-05-07T17:59:00Z,REGIONAL_DISTRIB,303.5,6,70,9.23,PERISHABLE_FOOD,26,COMPLETED
DSP-10503,RT-ALLE-LIN-23,ALLENTOWN_PA,05/07/2025 16:14,LINEHAUL_CORRIDOR,438.9,2,22,9.11,PHARMA_GDP,26,COMPLETED
DSP-10504,RT-HUB_-LOC-24,HUB_01,2025-05-07 12:13:00,LOCAL_URBAN,118.8,7,96,7.73,PHARMA_GDP,24,COMPLETED
DSP-10505,RT-HUB_-LOC-25,HUB_01,2025-05-08T09:41:00Z,LOCAL_URBAN,133.3,10,100,9.39,PHARMA_GDP,26,COMPLETED
DSP-10506,RT-ALLE-LIN-26,ALLENTOWN_PA,05/08/2025 09:43,LINEHAUL_CORRIDOR,421.4,3,26,9.1,PHARMA_GDP,26,COMPLETED
DSP-10507,RT-HUB_-REG-27,HUB_N,2025-05-08 14:30:00,REGIONAL_DISTRIB,276.0,4,58,7.9,PERISHABLE_FOOD,26,COMPLETED
DSP-10508,RT-ALLE-LIN-28,ALLENTOWN_PA,2025-05-08T12:41:00Z,LINEHAUL_CORRIDOR,460.9,2,39,9.53,PHARMA_GDP,26,COMPLETED
DSP-10509,RT-ALLE-LOC-29,ALLENTOWN_PA,05/09/2025 13:04,LOCAL_URBAN,115.6,8,83,7.92,PERISHABLE_FOOD,25,COMPLETED
DSP-10510,RT-HUB_-LOC-30,HUB_01,2025-05-09 13:59:00,LOCAL_URBAN,127.2,8,109,8.45,PERISHABLE_FOOD,26,COMPLETED
DSP-10511,RT-HUB_-LOC-31,HUB_N,2025-05-09T08:05:00Z,LOCAL_URBAN,115.3,7,100,7.57,PHARMA_GDP,25,COMPLETED
DSP-10512,RT-HUB_-REG-32,HUB_01,05/09/2025 12:14,REGIONAL_DISTRIB,287.6,5,60,8.51,PERISHABLE_FOOD,26,COMPLETED
DSP-10513,RT-HUB_-LIN-33,HUB_01,2025-05-10 07:16:00,LINEHAUL_CORRIDOR,426.8,1,38,8.54,PHARMA_GDP,26,COMPLETED
DSP-10514,RT-HUB_-REG-34,HUB_N,2025-05-10T13:21:00Z,REGIONAL_DISTRIB,298.5,4,59,8.44,PERISHABLE_FOOD,26,VOID_TEST
DSP-10515,RT-HUB_-REG-35,HUB_01,05/10/2025 18:01,REGIONAL_DISTRIB,304.8,6,71,9.26,PERISHABLE_FOOD,26,COMPLETED
DSP-10516,RT-ALLE-LIN-36,ALLENTOWN_PA,2025-05-10 13:23:00,LINEHAUL_CORRIDOR,412.9,1,25,8.27,PHARMA_GDP,26,COMPLETED
DSP-10517,RT-HUB_-REG-37,HUB_01,2025-05-11T10:31:00Z,REGIONAL_DISTRIB,271.7,5,72,8.14,PERISHABLE_FOOD,26,COMPLETED
DSP-10518,RT-HUB_-LIN-38,HUB_01,05/11/2025 17:48,LINEHAUL_CORRIDOR,467.8,1,38,9.33,PERISHABLE_FOOD,26,COMPLETED
DSP-10519,RT-ALLE-REG-39,ALLENTOWN_PA,2025-05-11 13:10:00,REGIONAL_DISTRIB,294.9,5,83,8.69,PHARMA_GDP,26,COMPLETED
DSP-10520,RT-HUB_-REG-40,HUB_N,2025-05-11T06:35:00Z,REGIONAL_DISTRIB,301.8,5,75,8.85,PERISHABLE_FOOD,26,COMPLETED
DSP-10521,RT-HUB_-LOC-01,HUB_N,05/12/2025 18:25,LOCAL_URBAN,126.3,9,105,8.74,PHARMA_GDP,25,COMPLETED
DSP-10522,RT-ALLE-REG-02,ALLENTOWN_PA,2025-05-12 08:16:00,REGIONAL_DISTRIB,303.4,5,60,8.89,PHARMA_GDP,26,COMPLETED
DSP-10523,RT-HUB_-LIN-03,HUB_01,2025-05-12T06:34:00Z,LINEHAUL_CORRIDOR,452.0,1,26,9.03,PHARMA_GDP,26,COMPLETED
DSP-10524,RT-HUB_-REG-04,HUB_01,05/12/2025 06:46,REGIONAL_DISTRIB,261.2,5,71,7.89,PERISHABLE_FOOD,26,COMPLETED
DSP-10525,RT-HUB_-REG-05,HUB_N,2025-05-13 13:10:00,REGIONAL_DISTRIB,299.8,5,62,8.8,PHARMA_GDP,26,COMPLETED
DSP-10526,RT-ALLE-REG-06,ALLENTOWN_PA,2025-05-13T12:59:00Z,REGIONAL_DISTRIB,261.3,6,66,8.22,PERISHABLE_FOOD,26,COMPLETED
DSP-10527,RT-ALLE-LIN-07,ALLENTOWN_PA,05/13/2025 16:17,LINEHAUL_CORRIDOR,442.9,1,37,8.85,PHARMA_GDP,26,COMPLETED
DSP-10528,RT-ALLE-LOC-08,ALLENTOWN_PA,2025-05-13 17:35:00,LOCAL_URBAN,126.0,9,102,8.73,PERISHABLE_FOOD,24,COMPLETED
DSP-10529,RT-HUB_-LOC-09,HUB_01,2025-05-14T10:48:00Z,LOCAL_URBAN,113.9,7,80,7.51,PERISHABLE_FOOD,24,COMPLETED
DSP-10530,RT-HUB_-REG-10,HUB_N,05/14/2025 17:48,REGIONAL_DISTRIB,282.1,5,64,8.38,PHARMA_GDP,26,COMPLETED
DSP-10531,RT-HUB_-REG-11,HUB_N,2025-05-14 17:17:00,REGIONAL_DISTRIB,268.5,6,68,8.39,PHARMA_GDP,26,COMPLETED
DSP-10532,RT-HUB_-LOC-12,HUB_01,2025-05-14T18:14:00Z,LOCAL_URBAN,112.0,8,113,7.76,PERISHABLE_FOOD,26,COMPLETED
DSP-10533,RT-HUB_-REG-13,HUB_01,05/15/2025 07:38,REGIONAL_DISTRIB,283.9,5,68,8.43,PHARMA_GDP,26,COMPLETED
DSP-10534,RT-ALLE-REG-14,ALLENTOWN_PA,2025-05-15 05:39:00,REGIONAL_DISTRIB,280.4,6,74,8.68,PERISHABLE_FOOD,26,COMPLETED
DSP-10535,RT-ALLE-LOC-15,ALLENTOWN_PA,2025-05-15T16:30:00Z,LOCAL_URBAN,134.3,9,97,9.1,PHARMA_GDP,25,COMPLETED
DSP-10536,RT-HUB_-LOC-16,HUB_N,05/15/2025 10:59,LOCAL_URBAN,115.4,10,99,8.58,PERISHABLE_FOOD,25,COMPLETED
DSP-10537,RT-HUB_-LOC-17,HUB_N,2025-05-16 07:04:00,LOCAL_URBAN,131.1,8,83,8.63,PHARMA_GDP,25,COMPLETED
DSP-10538,RT-HUB_-LIN-18,HUB_N,2025-05-16T12:19:00Z,LINEHAUL_CORRIDOR,425.0,2,20,8.84,PHARMA_GDP,26,COMPLETED
DSP-10539,RT-HUB_-REG-19,HUB_N,05/16/2025 12:54,REGIONAL_DISTRIB,261.5,5,78,7.89,PERISHABLE_FOOD,26,COMPLETED
DSP-10540,RT-HUB_-LIN-20,HUB_01,2025-05-16 10:00:00,LINEHAUL_CORRIDOR,419.5,3,21,9.07,PERISHABLE_FOOD,26,COMPLETED
DSP-10541,RT-HUB_-LOC-21,HUB_N,2025-05-17T10:30:00Z,LOCAL_URBAN,111.3,8,87,7.73,PHARMA_GDP,25,COMPLETED
DSP-10542,RT-HUB_-REG-22,HUB_01,05/17/2025 17:08,REGIONAL_DISTRIB,277.8,4,55,7.95,PERISHABLE_FOOD,26,COMPLETED
DSP-10543,RT-HUB_-LOC-23,HUB_N,2025-05-17 08:14:00,LOCAL_URBAN,122.5,9,83,8.57,PHARMA_GDP,26,COMPLETED
DSP-10544,RT-HUB_-LOC-24,HUB_N,2025-05-17T16:54:00Z,LOCAL_URBAN,115.8,9,108,8.26,PERISHABLE_FOOD,24,COMPLETED
DSP-10545,RT-HUB_-LOC-25,HUB_N,05/18/2025 12:42,LOCAL_URBAN,111.0,10,115,8.38,PHARMA_GDP,26,COMPLETED
DSP-10546,RT-ALLE-LOC-26,ALLENTOWN_PA,2025-05-18 07:58:00,LOCAL_URBAN,128.3,9,115,8.83,PHARMA_GDP,26,COMPLETED
DSP-10547,RT-HUB_-REG-27,HUB_01,2025-05-18T06:09:00Z,REGIONAL_DISTRIB,280.4,6,71,8.68,PHARMA_GDP,26,COMPLETED
DSP-10548,RT-ALLE-LOC-28,ALLENTOWN_PA,05/18/2025 18:05,LOCAL_URBAN,128.0,10,92,9.15,PERISHABLE_FOOD,25,COMPLETED
DSP-10549,RT-HUB_-LOC-29,HUB_01,2025-05-19 06:23:00,LOCAL_URBAN,126.0,7,86,8.06,PERISHABLE_FOOD,24,COMPLETED
DSP-10550,RT-HUB_-LIN-30,HUB_N,2025-05-19T16:01:00Z,LINEHAUL_CORRIDOR,422.1,2,26,8.78,PHARMA_GDP,26,COMPLETED
DSP-10551,RT-ALLE-REG-31,ALLENTOWN_PA,05/19/2025 09:11,REGIONAL_DISTRIB,262.2,4,74,7.58,PERISHABLE_FOOD,26,COMPLETED
DSP-10552,RT-HUB_-REG-32,HUB_N,2025-05-19 11:20:00,REGIONAL_DISTRIB,288.8,5,72,8.54,PERISHABLE_FOOD,26,COMPLETED
DSP-10553,RT-ALLE-LOC-33,ALLENTOWN_PA,2025-05-20T13:36:00Z,LOCAL_URBAN,111.0,7,99,7.38,PHARMA_GDP,24,COMPLETED
DSP-10554,RT-HUB_-REG-34,HUB_N,05/20/2025 14:17,REGIONAL_DISTRIB,268.5,6,76,8.39,PHARMA_GDP,26,COMPLETED
DSP-10555,RT-ALLE-LOC-35,ALLENTOWN_PA,2025-05-20 06:40:00,LOCAL_URBAN,126.0,9,109,8.73,PERISHABLE_FOOD,25,COMPLETED
DSP-10556,RT-ALLE-LOC-36,ALLENTOWN_PA,2025-05-20T11:27:00Z,LOCAL_URBAN,118.4,8,114,8.05,PERISHABLE_FOOD,25,COMPLETED
DSP-10557,RT-HUB_-REG-37,HUB_01,05/21/2025 14:45,REGIONAL_DISTRIB,278.6,6,68,8.63,PERISHABLE_FOOD,26,COMPLETED
DSP-10558,RT-HUB_-LOC-38,HUB_N,2025-05-21 11:30:00,LOCAL_URBAN,123.8,9,103,8.63,PERISHABLE_FOOD,25,COMPLETED
DSP-10559,RT-HUB_-REG-39,HUB_01,2025-05-21T09:24:00Z,REGIONAL_DISTRIB,283.3,5,55,8.41,PHARMA_GDP,26,COMPLETED
DSP-10560,RT-ALLE-REG-40,ALLENTOWN_PA,05/21/2025 06:32,REGIONAL_DISTRIB,301.4,6,72,9.18,PERISHABLE_FOOD,26,COMPLETED
DSP-10561,RT-HUB_-LOC-01,HUB_N,2025-05-22 07:06:00,LOCAL_URBAN,119.2,8,94,8.08,PHARMA_GDP,25,COMPLETED
DSP-10562,RT-HUB_-REG-02,HUB_N,2025-05-22T15:11:00Z,REGIONAL_DISTRIB,292.6,5,60,8.63,PERISHABLE_FOOD,26,COMPLETED
DSP-10563,RT-ALLE-REG-03,ALLENTOWN_PA,05/22/2025 11:56,REGIONAL_DISTRIB,277.2,4,84,7.93,PERISHABLE_FOOD,26,COMPLETED
DSP-10564,RT-HUB_-LIN-04,HUB_N,2025-05-22 05:49:00,LINEHAUL_CORRIDOR,423.6,3,39,9.15,PERISHABLE_FOOD,26,COMPLETED
DSP-10565,RT-HUB_-REG-05,HUB_01,2025-05-23T16:16:00Z,REGIONAL_DISTRIB,266.7,6,77,8.35,PHARMA_GDP,26,COMPLETED
DSP-10566,RT-HUB_-REG-06,HUB_01,05/23/2025 07:38,REGIONAL_DISTRIB,285.9,4,62,8.14,PERISHABLE_FOOD,26,COMPLETED
DSP-10567,RT-HUB_-REG-07,HUB_01,2025-05-23 18:14:00,REGIONAL_DISTRIB,262.2,5,63,7.91,PHARMA_GDP,26,COMPLETED
DSP-10568,RT-HUB_-REG-08,HUB_N,2025-05-23T08:34:00Z,REGIONAL_DISTRIB,268.9,5,75,8.07,PERISHABLE_FOOD,26,COMPLETED
DSP-10569,RT-HUB_-LOC-09,HUB_01,05/24/2025 10:52,LOCAL_URBAN,133.1,7,87,8.38,PERISHABLE_FOOD,25,COMPLETED
DSP-10570,RT-HUB_-REG-10,HUB_01,2025-05-24 14:39:00,REGIONAL_DISTRIB,261.1,5,60,7.88,PERISHABLE_FOOD,26,COMPLETED
DSP-10571,RT-HUB_-LOC-11,HUB_N,2025-05-24T15:29:00Z,LOCAL_URBAN,119.3,7,87,7.76,PERISHABLE_FOOD,24,COMPLETED
DSP-10572,RT-HUB_-LOC-12,HUB_01,05/24/2025 10:43,LOCAL_URBAN,127.3,7,99,8.12,PERISHABLE_FOOD,24,COMPLETED
DSP-10573,RT-HUB_-LOC-13,HUB_N,2025-05-25 08:14:00,LOCAL_URBAN,123.1,9,115,8.6,PERISHABLE_FOOD,26,COMPLETED
DSP-10574,RT-HUB_-LOC-14,HUB_N,2025-05-25T09:20:00Z,LOCAL_URBAN,132.7,7,96,8.37,PHARMA_GDP,25,COMPLETED
DSP-10575,RT-HUB_-LOC-15,HUB_01,05/25/2025 16:24,LOCAL_URBAN,126.4,7,84,8.08,PHARMA_GDP,25,COMPLETED
DSP-10576,RT-HUB_-LIN-16,HUB_01,2025-05-25 14:15:00,LINEHAUL_CORRIDOR,411.1,3,32,8.91,PHARMA_GDP,26,COMPLETED
DSP-10577,RT-HUB_-REG-17,HUB_01,2025-05-26T14:29:00Z,REGIONAL_DISTRIB,286.9,4,60,8.16,PHARMA_GDP,26,COMPLETED
DSP-10578,RT-HUB_-LOC-18,HUB_N,05/26/2025 05:52,LOCAL_URBAN,123.2,9,111,8.6,PHARMA_GDP,24,COMPLETED
DSP-10579,RT-HUB_-REG-19,HUB_01,2025-05-26 12:26:00,REGIONAL_DISTRIB,270.6,6,63,8.44,PERISHABLE_FOOD,26,COMPLETED
DSP-10580,RT-HUB_-LIN-20,HUB_N,2025-05-26T15:38:00Z,LINEHAUL_CORRIDOR,466.9,1,24,9.31,PHARMA_GDP,26,COMPLETED
DSP-10581,RT-HUB_-REG-21,HUB_01,05/27/2025 14:39,REGIONAL_DISTRIB,290.5,6,76,8.92,PHARMA_GDP,26,COMPLETED
DSP-10582,RT-HUB_-LIN-22,HUB_01,2025-05-27 15:04:00,LINEHAUL_CORRIDOR,429.8,3,24,9.27,PHARMA_GDP,26,COMPLETED
DSP-10583,RT-HUB_-LIN-23,HUB_N,2025-05-27T17:39:00Z,LINEHAUL_CORRIDOR,428.5,3,36,9.24,PERISHABLE_FOOD,26,COMPLETED
DSP-10584,RT-ALLE-LIN-24,ALLENTOWN_PA,05/27/2025 07:50,LINEHAUL_CORRIDOR,429.0,3,37,9.25,PERISHABLE_FOOD,26,COMPLETED
DSP-10585,RT-HUB_-REG-25,HUB_N,2025-05-28 17:29:00,REGIONAL_DISTRIB,294.4,5,85,8.68,PHARMA_GDP,26,COMPLETED
DSP-10586,RT-ALLE-LIN-26,ALLENTOWN_PA,2025-05-28T18:09:00Z,LINEHAUL_CORRIDOR,426.4,1,23,8.53,PHARMA_GDP,26,COMPLETED
DSP-10587,RT-ALLE-REG-27,ALLENTOWN_PA,05/28/2025 07:14,REGIONAL_DISTRIB,270.4,4,62,7.77,PERISHABLE_FOOD,26,COMPLETED
DSP-10588,RT-HUB_-REG-28,HUB_N,2025-05-28 13:00:00,REGIONAL_DISTRIB,287.2,6,75,8.84,PHARMA_GDP,26,COMPLETED
DSP-10589,RT-HUB_-LOC-29,HUB_N,2025-05-29T17:12:00Z,LOCAL_URBAN,120.2,7,97,7.8,PERISHABLE_FOOD,24,COMPLETED
DSP-10590,RT-HUB_-LOC-30,HUB_N,05/29/2025 08:57,LOCAL_URBAN,133.2,10,111,9.39,PERISHABLE_FOOD,25,COMPLETED
DSP-10591,RT-HUB_-REG-31,HUB_N,2025-05-29 13:36:00,REGIONAL_DISTRIB,297.1,6,65,9.07,PHARMA_GDP,26,COMPLETED
DSP-10592,RT-HUB_-LIN-32,HUB_N,2025-05-29T13:54:00Z,LINEHAUL_CORRIDOR,424.7,3,32,9.17,PERISHABLE_FOOD,26,COMPLETED
DSP-10593,RT-ALLE-LIN-33,ALLENTOWN_PA,05/30/2025 12:40,LINEHAUL_CORRIDOR,421.4,2,32,8.77,PERISHABLE_FOOD,26,COMPLETED
DSP-10594,RT-ALLE-LIN-34,ALLENTOWN_PA,2025-05-30 07:16:00,LINEHAUL_CORRIDOR,451.4,1,34,9.01,PERISHABLE_FOOD,26,COMPLETED
DSP-10595,RT-HUB_-REG-35,HUB_N,2025-05-30T10:58:00Z,REGIONAL_DISTRIB,302.2,6,72,9.2,PHARMA_GDP,26,COMPLETED
DSP-10596,RT-HUB_-REG-36,HUB_01,05/30/2025 11:14,REGIONAL_DISTRIB,292.1,4,83,8.29,PERISHABLE_FOOD,26,COMPLETED
DSP-10597,RT-ALLE-REG-37,ALLENTOWN_PA,2025-05-31 15:53:00,REGIONAL_DISTRIB,292.3,4,57,8.29,PHARMA_GDP,26,COMPLETED
DSP-10598,RT-ALLE-LOC-38,ALLENTOWN_PA,2025-05-31T17:40:00Z,LOCAL_URBAN,129.8,8,104,8.57,PERISHABLE_FOOD,24,COMPLETED
DSP-10599,RT-ALLE-LIN-39,ALLENTOWN_PA,05/31/2025 11:49,LINEHAUL_CORRIDOR,461.8,1,24,9.21,PHARMA_GDP,26,COMPLETED
DSP-10600,RT-HUB_-LOC-40,HUB_01,2025-05-31 05:59:00,LOCAL_URBAN,114.5,8,92,7.87,PHARMA_GDP,25,COMPLETED
DSP-10601,RT-HUB_-REG-01,HUB_01,2025-06-01T12:56:00Z,REGIONAL_DISTRIB,260.3,5,62,7.86,PHARMA_GDP,26,COMPLETED
DSP-10602,RT-ALLE-REG-02,ALLENTOWN_PA,06/01/2025 05:41,REGIONAL_DISTRIB,271.0,6,63,8.45,PERISHABLE_FOOD,26,COMPLETED
DSP-10603,RT-ALLE-LOC-03,ALLENTOWN_PA,2025-06-01 05:36:00,LOCAL_URBAN,113.6,7,99,7.5,PHARMA_GDP,24,COMPLETED
DSP-10604,RT-HUB_-LOC-04,HUB_N,2025-06-01T05:35:00Z,LOCAL_URBAN,117.1,8,109,7.99,PERISHABLE_FOOD,25,COMPLETED
DSP-10605,RT-HUB_-LOC-05,HUB_01,06/02/2025 10:00,LOCAL_URBAN,119.5,7,107,7.77,PERISHABLE_FOOD,24,COMPLETED
DSP-10606,RT-ALLE-LIN-06,ALLENTOWN_PA,2025-06-02 14:33:00,LINEHAUL_CORRIDOR,429.8,2,36,8.93,PHARMA_GDP,26,COMPLETED
DSP-10607,RT-ALLE-LIN-07,ALLENTOWN_PA,2025-06-02T12:08:00Z,LINEHAUL_CORRIDOR,441.7,1,35,8.83,PERISHABLE_FOOD,26,COMPLETED
DSP-10608,RT-HUB_-REG-08,HUB_01,06/02/2025 14:16,REGIONAL_DISTRIB,304.8,5,84,8.92,PHARMA_GDP,26,COMPLETED
DSP-10609,RT-HUB_-REG-09,HUB_01,2025-06-03 05:37:00,REGIONAL_DISTRIB,299.8,4,77,8.47,PHARMA_GDP,26,COMPLETED
DSP-10610,RT-ALLE-REG-10,ALLENTOWN_PA,2025-06-03T11:32:00Z,REGIONAL_DISTRIB,293.2,4,80,8.31,PERISHABLE_FOOD,26,COMPLETED
DSP-10611,RT-ALLE-REG-11,ALLENTOWN_PA,06/03/2025 17:34,REGIONAL_DISTRIB,269.6,6,61,8.42,PERISHABLE_FOOD,26,COMPLETED
DSP-10612,RT-ALLE-REG-12,ALLENTOWN_PA,2025-06-03 17:06:00,REGIONAL_DISTRIB,294.5,4,76,8.35,PHARMA_GDP,26,COMPLETED
DSP-10613,RT-HUB_-REG-13,HUB_N,2025-06-04T17:32:00Z,REGIONAL_DISTRIB,268.7,5,84,8.06,PERISHABLE_FOOD,26,COMPLETED
DSP-10614,RT-HUB_-LOC-14,HUB_01,06/04/2025 16:33,LOCAL_URBAN,121.5,9,109,8.52,PERISHABLE_FOOD,25,COMPLETED
DSP-10615,RT-HUB_-REG-15,HUB_01,2025-06-04 18:28:00,REGIONAL_DISTRIB,290.5,6,72,8.92,PHARMA_GDP,26,COMPLETED
DSP-10616,RT-HUB_-LOC-16,HUB_01,2025-06-04T14:23:00Z,LOCAL_URBAN,113.7,7,101,7.5,PERISHABLE_FOOD,26,COMPLETED
DSP-10617,RT-ALLE-LOC-17,ALLENTOWN_PA,06/05/2025 11:35,LOCAL_URBAN,124.9,9,100,8.68,PERISHABLE_FOOD,25,COMPLETED
DSP-10618,RT-HUB_-LOC-18,HUB_N,2025-06-05 06:53:00,LOCAL_URBAN,130.7,9,93,8.94,PERISHABLE_FOOD,24,COMPLETED
DSP-10619,RT-HUB_-LIN-19,HUB_N,2025-06-05T08:51:00Z,LINEHAUL_CORRIDOR,436.6,1,35,8.73,PERISHABLE_FOOD,26,COMPLETED
DSP-10620,RT-ALLE-LIN-20,ALLENTOWN_PA,06/05/2025 14:13,LINEHAUL_CORRIDOR,428.6,2,24,8.91,PERISHABLE_FOOD,26,COMPLETED
DSP-10621,RT-HUB_-REG-21,HUB_N,2025-06-06 10:29:00,REGIONAL_DISTRIB,280.7,6,82,8.68,PERISHABLE_FOOD,26,COMPLETED
DSP-10622,RT-ALLE-LIN-22,ALLENTOWN_PA,2025-06-06T06:06:00Z,LINEHAUL_CORRIDOR,430.0,1,23,8.6,PERISHABLE_FOOD,26,COMPLETED
DSP-10623,RT-ALLE-LIN-23,ALLENTOWN_PA,06/06/2025 17:58,LINEHAUL_CORRIDOR,429.3,1,29,8.59,PHARMA_GDP,26,COMPLETED
DSP-10624,RT-HUB_-LOC-24,HUB_01,2025-06-06 13:52:00,LOCAL_URBAN,116.8,7,115,7.64,PERISHABLE_FOOD,24,COMPLETED
DSP-10625,RT-HUB_-LOC-25,HUB_01,2025-06-07T15:27:00Z,LOCAL_URBAN,127.6,9,95,8.8,PHARMA_GDP,25,COMPLETED
DSP-10626,RT-HUB_-LOC-26,HUB_01,06/07/2025 11:55,LOCAL_URBAN,110.7,7,86,7.37,PHARMA_GDP,24,COMPLETED
DSP-10627,RT-ALLE-LIN-27,ALLENTOWN_PA,2025-06-07 11:22:00,LINEHAUL_CORRIDOR,447.8,3,34,9.61,PERISHABLE_FOOD,26,COMPLETED
DSP-10628,RT-ALLE-REG-28,ALLENTOWN_PA,2025-06-07T06:59:00Z,REGIONAL_DISTRIB,263.5,5,73,7.94,PHARMA_GDP,26,COMPLETED
DSP-10629,RT-ALLE-REG-29,ALLENTOWN_PA,06/08/2025 10:55,REGIONAL_DISTRIB,280.9,4,85,8.02,PHARMA_GDP,26,COMPLETED
DSP-10630,RT-ALLE-LOC-30,ALLENTOWN_PA,2025-06-08 12:37:00,LOCAL_URBAN,131.5,9,109,8.98,PERISHABLE_FOOD,24,COMPLETED
DSP-10631,RT-HUB_-REG-31,HUB_01,2025-06-08T12:22:00Z,REGIONAL_DISTRIB,272.7,5,74,8.16,PERISHABLE_FOOD,26,COMPLETED
DSP-10632,RT-HUB_-LOC-32,HUB_N,06/08/2025 11:45,LOCAL_URBAN,126.2,9,114,8.74,PERISHABLE_FOOD,26,COMPLETED
DSP-10633,RT-ALLE-LOC-33,ALLENTOWN_PA,2025-06-09 14:57:00,LOCAL_URBAN,122.1,7,101,7.88,PHARMA_GDP,26,COMPLETED
DSP-10634,RT-HUB_-REG-34,HUB_01,2025-06-09T17:29:00Z,REGIONAL_DISTRIB,275.4,6,62,8.56,PHARMA_GDP,26,COMPLETED
DSP-10635,RT-HUB_-LOC-35,HUB_01,06/09/2025 07:49,LOCAL_URBAN,124.9,9,115,8.68,PHARMA_GDP,25,COMPLETED
DSP-10636,RT-HUB_-REG-36,HUB_N,2025-06-09 13:11:00,REGIONAL_DISTRIB,290.8,6,79,8.92,PERISHABLE_FOOD,26,COMPLETED
DSP-10637,RT-HUB_-LOC-37,HUB_N,2025-06-10T13:48:00Z,LOCAL_URBAN,113.5,7,89,7.49,PERISHABLE_FOOD,25,COMPLETED
DSP-10638,RT-ALLE-LOC-38,ALLENTOWN_PA,06/10/2025 10:28,LOCAL_URBAN,115.1,9,99,8.23,PERISHABLE_FOOD,26,COMPLETED
DSP-10639,RT-HUB_-REG-39,HUB_01,2025-06-10 08:24:00,REGIONAL_DISTRIB,301.2,4,73,8.5,PHARMA_GDP,26,COMPLETED
DSP-10640,RT-HUB_-LIN-40,HUB_01,2025-06-10T07:25:00Z,LINEHAUL_CORRIDOR,468.1,1,37,9.34,PERISHABLE_FOOD,26,COMPLETED
DSP-10641,RT-HUB_-LOC-01,HUB_N,06/11/2025 11:57,LOCAL_URBAN,127.6,10,100,9.13,PERISHABLE_FOOD,25,COMPLETED
DSP-10642,RT-ALLE-LOC-02,ALLENTOWN_PA,2025-06-11 10:25:00,LOCAL_URBAN,113.5,10,103,8.49,PERISHABLE_FOOD,24,COMPLETED
DSP-10643,RT-HUB_-LOC-03,HUB_N,2025-06-11T06:38:00Z,LOCAL_URBAN,126.2,8,111,8.4,PERISHABLE_FOOD,24,COMPLETED
DSP-10644,RT-HUB_-LIN-04,HUB_01,06/11/2025 13:02,LINEHAUL_CORRIDOR,463.6,3,39,9.92,PERISHABLE_FOOD,26,COMPLETED
DSP-10645,RT-HUB_-LOC-05,HUB_01,2025-06-12 09:15:00,LOCAL_URBAN,115.6,10,80,8.59,PERISHABLE_FOOD,26,COMPLETED
DSP-10646,RT-HUB_-LIN-06,HUB_01,2025-06-12T07:07:00Z,LINEHAUL_CORRIDOR,444.6,1,21,8.88,PERISHABLE_FOOD,26,COMPLETED
DSP-10647,RT-ALLE-LOC-07,ALLENTOWN_PA,06/12/2025 14:35,LOCAL_URBAN,128.3,9,109,8.83,PERISHABLE_FOOD,26,COMPLETED
DSP-10648,RT-ALLE-REG-08,ALLENTOWN_PA,2025-06-12 14:33:00,REGIONAL_DISTRIB,303.2,4,76,8.55,PERISHABLE_FOOD,26,COMPLETED
DSP-10649,RT-ALLE-REG-09,ALLENTOWN_PA,2025-06-13T11:52:00Z,REGIONAL_DISTRIB,281.1,6,83,8.69,PERISHABLE_FOOD,26,COMPLETED
DSP-10650,RT-HUB_-LOC-10,HUB_01,06/13/2025 14:40,LOCAL_URBAN,110.9,9,96,8.04,PHARMA_GDP,25,COMPLETED
DSP-10651,RT-ALLE-LIN-11,ALLENTOWN_PA,2025-06-13 08:02:00,LINEHAUL_CORRIDOR,458.5,3,20,9.82,PHARMA_GDP,26,COMPLETED
DSP-10652,RT-HUB_-LOC-12,HUB_01,2025-06-13T14:41:00Z,LOCAL_URBAN,125.4,9,96,8.7,PHARMA_GDP,24,COMPLETED
DSP-10653,RT-ALLE-LOC-13,ALLENTOWN_PA,06/14/2025 12:41,LOCAL_URBAN,121.2,8,96,8.18,PERISHABLE_FOOD,24,COMPLETED
DSP-10654,RT-HUB_-LOC-14,HUB_N,2025-06-14 17:54:00,LOCAL_URBAN,112.1,8,89,7.76,PERISHABLE_FOOD,25,COMPLETED
DSP-10655,RT-HUB_-REG-15,HUB_01,2025-06-14T15:46:00Z,REGIONAL_DISTRIB,267.5,6,78,8.37,PERISHABLE_FOOD,26,COMPLETED
DSP-10656,RT-HUB_-LOC-16,HUB_N,06/14/2025 08:54,LOCAL_URBAN,121.6,10,99,8.86,PERISHABLE_FOOD,26,COMPLETED
DSP-10657,RT-HUB_-REG-17,HUB_01,2025-06-15 12:13:00,REGIONAL_DISTRIB,266.5,5,55,8.01,PHARMA_GDP,26,COMPLETED
DSP-10658,RT-ALLE-REG-18,ALLENTOWN_PA,2025-06-15T15:28:00Z,REGIONAL_DISTRIB,261.8,6,75,8.23,PHARMA_GDP,26,COMPLETED
DSP-10659,RT-HUB_-LOC-19,HUB_01,06/15/2025 13:19,LOCAL_URBAN,116.7,7,96,7.64,PERISHABLE_FOOD,25,COMPLETED
DSP-10660,RT-HUB_-REG-20,HUB_N,2025-06-15 11:05:00,REGIONAL_DISTRIB,286.5,4,71,8.15,PHARMA_GDP,26,VOID_TEST
DSP-10661,RT-HUB_-REG-21,HUB_N,2025-06-16T10:44:00Z,REGIONAL_DISTRIB,260.5,4,71,7.54,PHARMA_GDP,26,COMPLETED
DSP-10662,RT-HUB_-LOC-22,HUB_01,06/16/2025 09:08,LOCAL_URBAN,110.6,7,83,7.36,PERISHABLE_FOOD,26,COMPLETED
DSP-10663,RT-ALLE-LIN-23,ALLENTOWN_PA,2025-06-16 07:14:00,LINEHAUL_CORRIDOR,415.2,3,24,8.98,PHARMA_GDP,26,COMPLETED
DSP-10664,RT-HUB_-REG-24,HUB_01,2025-06-16T17:57:00Z,REGIONAL_DISTRIB,302.1,6,69,9.19,PERISHABLE_FOOD,26,COMPLETED
DSP-10665,RT-ALLE-REG-25,ALLENTOWN_PA,06/17/2025 11:54,REGIONAL_DISTRIB,274.6,4,79,7.87,PHARMA_GDP,26,COMPLETED
DSP-10666,RT-HUB_-LOC-26,HUB_N,2025-06-17 14:55:00,LOCAL_URBAN,130.3,8,108,8.59,PHARMA_GDP,24,COMPLETED
DSP-10667,RT-HUB_-LOC-27,HUB_01,2025-06-17T13:15:00Z,LOCAL_URBAN,123.5,10,93,8.95,PERISHABLE_FOOD,24,COMPLETED
DSP-10668,RT-HUB_-LOC-28,HUB_N,06/17/2025 08:11,LOCAL_URBAN,124.3,9,108,8.65,PHARMA_GDP,25,COMPLETED
DSP-10669,RT-HUB_-REG-29,HUB_N,2025-06-18 14:15:00,REGIONAL_DISTRIB,272.0,6,65,8.48,PERISHABLE_FOOD,26,COMPLETED
DSP-10670,RT-HUB_-REG-30,HUB_01,2025-06-18T13:44:00Z,REGIONAL_DISTRIB,278.2,6,79,8.62,PERISHABLE_FOOD,26,VOID_TEST
DSP-10671,RT-ALLE-REG-31,ALLENTOWN_PA,06/18/2025 11:13,REGIONAL_DISTRIB,281.7,6,72,8.71,PERISHABLE_FOOD,26,COMPLETED
DSP-10672,RT-HUB_-REG-32,HUB_N,2025-06-18 07:23:00,REGIONAL_DISTRIB,303.1,4,66,8.55,PERISHABLE_FOOD,26,COMPLETED
DSP-10673,RT-HUB_-REG-33,HUB_01,2025-06-19T10:14:00Z,REGIONAL_DISTRIB,267.9,4,85,7.71,PHARMA_GDP,26,COMPLETED
DSP-10674,RT-HUB_-REG-34,HUB_N,06/19/2025 07:32,REGIONAL_DISTRIB,276.2,4,83,7.91,PERISHABLE_FOOD,26,COMPLETED
DSP-10675,RT-ALLE-LIN-35,ALLENTOWN_PA,2025-06-19 13:04:00,LINEHAUL_CORRIDOR,424.3,2,22,8.83,PERISHABLE_FOOD,26,COMPLETED
DSP-10676,RT-HUB_-LIN-36,HUB_01,2025-06-19T11:37:00Z,LINEHAUL_CORRIDOR,411.0,2,21,8.57,PHARMA_GDP,26,COMPLETED
DSP-10677,RT-ALLE-REG-37,ALLENTOWN_PA,06/20/2025 17:07,REGIONAL_DISTRIB,280.6,6,82,8.68,PERISHABLE_FOOD,26,COMPLETED
DSP-10678,RT-HUB_-LOC-38,HUB_N,2025-06-20 05:45:00,LOCAL_URBAN,113.5,7,110,7.49,PERISHABLE_FOOD,26,COMPLETED
DSP-10679,RT-HUB_-LOC-39,HUB_N,2025-06-20T14:34:00Z,LOCAL_URBAN,125.8,9,86,8.72,PERISHABLE_FOOD,24,COMPLETED
DSP-10680,RT-HUB_-LOC-40,HUB_N,06/20/2025 11:21,LOCAL_URBAN,124.9,8,84,8.34,PERISHABLE_FOOD,25,COMPLETED
DSP-10681,RT-ALLE-REG-01,ALLENTOWN_PA,2025-06-21 17:43:00,REGIONAL_DISTRIB,274.6,6,73,8.54,PERISHABLE_FOOD,26,COMPLETED
DSP-10682,RT-ALLE-LOC-02,ALLENTOWN_PA,2025-06-21T16:53:00Z,LOCAL_URBAN,111.6,9,89,8.07,PERISHABLE_FOOD,24,COMPLETED
DSP-10683,RT-HUB_-LOC-03,HUB_01,06/21/2025 14:54,LOCAL_URBAN,124.5,8,86,8.33,PERISHABLE_FOOD,26,COMPLETED
DSP-10684,RT-HUB_-LIN-04,HUB_N,2025-06-21 12:14:00,LINEHAUL_CORRIDOR,414.8,1,25,8.31,PERISHABLE_FOOD,26,COMPLETED
DSP-10685,RT-HUB_-REG-05,HUB_01,2025-06-22T08:41:00Z,REGIONAL_DISTRIB,269.3,6,63,8.41,PERISHABLE_FOOD,26,COMPLETED
DSP-10686,RT-HUB_-REG-06,HUB_N,06/22/2025 10:56,REGIONAL_DISTRIB,292.3,6,85,8.96,PHARMA_GDP,26,VOID_TEST
DSP-10687,RT-HUB_-LOC-07,HUB_N,2025-06-22 13:44:00,LOCAL_URBAN,134.7,7,103,8.46,PERISHABLE_FOOD,26,COMPLETED
DSP-10688,RT-ALLE-REG-08,ALLENTOWN_PA,2025-06-22T12:41:00Z,REGIONAL_DISTRIB,272.4,4,58,7.82,PERISHABLE_FOOD,26,COMPLETED
DSP-10689,RT-HUB_-LOC-09,HUB_N,06/23/2025 18:26,LOCAL_URBAN,119.1,8,107,8.08,PHARMA_GDP,26,COMPLETED
DSP-10690,RT-HUB_-LOC-10,HUB_N,2025-06-23 13:37:00,LOCAL_URBAN,111.3,8,90,7.73,PERISHABLE_FOOD,25,COMPLETED
DSP-10691,RT-HUB_-REG-11,HUB_N,2025-06-23T09:19:00Z,REGIONAL_DISTRIB,286.7,5,68,8.49,PHARMA_GDP,26,COMPLETED
DSP-10692,RT-HUB_-LOC-12,HUB_N,06/23/2025 13:07,LOCAL_URBAN,128.4,8,104,8.5,PERISHABLE_FOOD,24,COMPLETED
DSP-10693,RT-HUB_-LOC-13,HUB_01,2025-06-24 13:16:00,LOCAL_URBAN,133.2,10,91,9.39,PHARMA_GDP,24,COMPLETED
DSP-10694,RT-HUB_-LIN-14,HUB_01,2025-06-24T09:38:00Z,LINEHAUL_CORRIDOR,422.1,1,21,8.45,PERISHABLE_FOOD,26,COMPLETED
DSP-10695,RT-HUB_-REG-15,HUB_01,06/24/2025 18:20,REGIONAL_DISTRIB,267.7,5,62,8.04,PERISHABLE_FOOD,26,COMPLETED
DSP-10696,RT-ALLE-LIN-16,ALLENTOWN_PA,2025-06-24 09:07:00,LINEHAUL_CORRIDOR,444.7,3,27,9.55,PHARMA_GDP,26,COMPLETED
DSP-10697,RT-HUB_-LOC-17,HUB_01,2025-06-25T09:27:00Z,LOCAL_URBAN,128.3,8,95,8.5,PHARMA_GDP,26,COMPLETED
DSP-10698,RT-HUB_-LIN-18,HUB_N,06/25/2025 17:19,LINEHAUL_CORRIDOR,463.9,2,21,9.59,PHARMA_GDP,26,COMPLETED
DSP-10699,RT-HUB_-REG-19,HUB_01,2025-06-25 08:35:00,REGIONAL_DISTRIB,281.6,6,81,8.7,PHARMA_GDP,26,COMPLETED
DSP-10700,RT-HUB_-REG-20,HUB_N,2025-06-25T15:35:00Z,REGIONAL_DISTRIB,278.3,4,59,7.96,PHARMA_GDP,26,COMPLETED
DSP-10701,RT-ALLE-LOC-21,ALLENTOWN_PA,06/26/2025 16:55,LOCAL_URBAN,127.6,7,109,8.13,PERISHABLE_FOOD,24,COMPLETED
DSP-10702,RT-HUB_-REG-22,HUB_01,2025-06-26 16:51:00,REGIONAL_DISTRIB,291.7,4,82,8.28,PERISHABLE_FOOD,26,COMPLETED
DSP-10703,RT-HUB_-LOC-23,HUB_01,2025-06-26T17:29:00Z,LOCAL_URBAN,116.7,8,85,7.97,PERISHABLE_FOOD,25,COMPLETED
DSP-10704,RT-ALLE-LOC-24,ALLENTOWN_PA,06/26/2025 10:53,LOCAL_URBAN,111.3,10,103,8.39,PERISHABLE_FOOD,24,COMPLETED
DSP-10705,RT-ALLE-REG-25,ALLENTOWN_PA,2025-06-27 13:37:00,REGIONAL_DISTRIB,285.2,4,59,8.12,PERISHABLE_FOOD,26,COMPLETED
DSP-10706,RT-ALLE-LIN-26,ALLENTOWN_PA,2025-06-27T10:52:00Z,LINEHAUL_CORRIDOR,444.8,3,26,9.55,PERISHABLE_FOOD,26,COMPLETED
DSP-10707,RT-ALLE-REG-27,ALLENTOWN_PA,06/27/2025 14:03,REGIONAL_DISTRIB,272.5,4,66,7.82,PHARMA_GDP,26,COMPLETED
DSP-10708,RT-HUB_-REG-28,HUB_01,2025-06-27 18:13:00,REGIONAL_DISTRIB,290.5,6,83,8.92,PHARMA_GDP,26,COMPLETED
DSP-10709,RT-HUB_-LOC-29,HUB_N,2025-06-28T09:34:00Z,LOCAL_URBAN,132.1,7,85,8.34,PHARMA_GDP,24,COMPLETED
DSP-10710,RT-HUB_-LOC-30,HUB_01,06/28/2025 05:48,LOCAL_URBAN,113.7,8,93,7.83,PERISHABLE_FOOD,26,COMPLETED
DSP-10711,RT-ALLE-REG-31,ALLENTOWN_PA,2025-06-28 09:42:00,REGIONAL_DISTRIB,265.9,5,68,8.0,PERISHABLE_FOOD,26,COMPLETED
DSP-10712,RT-HUB_-REG-32,HUB_N,2025-06-28T13:07:00Z,REGIONAL_DISTRIB,283.4,5,68,8.41,PERISHABLE_FOOD,26,COMPLETED
DSP-10713,RT-ALLE-REG-33,ALLENTOWN_PA,06/29/2025 08:20,REGIONAL_DISTRIB,280.0,5,73,8.33,PHARMA_GDP,26,COMPLETED
DSP-10714,RT-HUB_-LOC-34,HUB_01,2025-06-29 08:09:00,LOCAL_URBAN,117.2,7,89,7.66,PHARMA_GDP,25,COMPLETED
DSP-10715,RT-ALLE-REG-35,ALLENTOWN_PA,2025-06-29T07:45:00Z,REGIONAL_DISTRIB,268.2,4,81,7.72,PERISHABLE_FOOD,26,COMPLETED
DSP-10716,RT-HUB_-REG-36,HUB_01,06/29/2025 15:50,REGIONAL_DISTRIB,279.8,5,60,8.33,PHARMA_GDP,26,COMPLETED
DSP-10717,RT-HUB_-LOC-37,HUB_N,2025-06-30 12:29:00,LOCAL_URBAN,123.5,8,114,8.28,PHARMA_GDP,24,COMPLETED
DSP-10718,RT-HUB_-LIN-38,HUB_N,2025-06-30T16:15:00Z,LINEHAUL_CORRIDOR,465.7,1,20,9.29,PERISHABLE_FOOD,26,COMPLETED
DSP-10719,RT-HUB_-LIN-39,HUB_01,06/30/2025 11:14,LINEHAUL_CORRIDOR,455.2,3,24,9.75,PERISHABLE_FOOD,26,COMPLETED
DSP-10720,RT-HUB_-LIN-40,HUB_01,2025-06-30 15:23:00,LINEHAUL_CORRIDOR,418.4,3,23,9.05,PHARMA_GDP,26,COMPLETED
DSP-10721,RT-HUB_-LOC-01,HUB_01,2025-07-01T08:31:00Z,LOCAL_URBAN,111.4,8,113,7.73,PHARMA_GDP,25,COMPLETED
DSP-10722,RT-HUB_-REG-02,HUB_01,07/01/2025 15:08,REGIONAL_DISTRIB,303.1,6,67,9.22,PHARMA_GDP,26,COMPLETED
DSP-10723,RT-HUB_-LIN-03,HUB_N,2025-07-01 05:48:00,LINEHAUL_CORRIDOR,431.7,1,33,8.64,PHARMA_GDP,26,COMPLETED
DSP-10724,RT-HUB_-LIN-04,HUB_01,2025-07-01T16:56:00Z,LINEHAUL_CORRIDOR,462.5,1,26,9.23,PERISHABLE_FOOD,26,COMPLETED
DSP-10725,RT-HUB_-LOC-05,HUB_01,07/02/2025 14:35,LOCAL_URBAN,128.2,10,106,9.16,PHARMA_GDP,26,COMPLETED
DSP-10726,RT-HUB_-REG-06,HUB_01,2025-07-02 06:30:00,REGIONAL_DISTRIB,299.0,5,57,8.79,PERISHABLE_FOOD,26,COMPLETED
DSP-10727,RT-HUB_-LOC-07,HUB_01,2025-07-02T10:05:00Z,LOCAL_URBAN,123.9,8,92,8.3,PHARMA_GDP,25,COMPLETED
DSP-10728,RT-HUB_-REG-08,HUB_01,07/02/2025 17:30,REGIONAL_DISTRIB,273.7,6,78,8.52,PERISHABLE_FOOD,26,COMPLETED
DSP-10729,RT-HUB_-LIN-09,HUB_01,2025-07-03 11:41:00,LINEHAUL_CORRIDOR,460.1,2,23,9.51,PERISHABLE_FOOD,26,COMPLETED
DSP-10730,RT-ALLE-REG-10,ALLENTOWN_PA,2025-07-03T15:17:00Z,REGIONAL_DISTRIB,261.3,5,70,7.89,PERISHABLE_FOOD,26,COMPLETED
DSP-10731,RT-HUB_-REG-11,HUB_01,07/03/2025 11:02,REGIONAL_DISTRIB,299.1,6,76,9.12,PERISHABLE_FOOD,26,COMPLETED
DSP-10732,RT-HUB_-REG-12,HUB_N,2025-07-03 10:40:00,REGIONAL_DISTRIB,267.3,4,59,7.7,PHARMA_GDP,26,COMPLETED
DSP-10733,RT-HUB_-LOC-13,HUB_01,2025-07-04T16:29:00Z,LOCAL_URBAN,132.8,9,83,9.04,PHARMA_GDP,26,COMPLETED
DSP-10734,RT-HUB_-REG-14,HUB_N,07/04/2025 11:22,REGIONAL_DISTRIB,268.2,4,74,7.72,PERISHABLE_FOOD,26,COMPLETED
DSP-10735,RT-HUB_-LOC-15,HUB_01,2025-07-04 07:30:00,LOCAL_URBAN,127.4,9,86,8.79,PERISHABLE_FOOD,25,COMPLETED
DSP-10736,RT-HUB_-LOC-16,HUB_01,2025-07-04T13:44:00Z,LOCAL_URBAN,122.1,9,90,8.55,PHARMA_GDP,24,COMPLETED
DSP-10737,RT-ALLE-REG-17,ALLENTOWN_PA,07/05/2025 11:59,REGIONAL_DISTRIB,297.4,6,82,9.08,PERISHABLE_FOOD,26,COMPLETED
DSP-10738,RT-HUB_-REG-18,HUB_N,2025-07-05 08:22:00,REGIONAL_DISTRIB,301.6,5,66,8.85,PHARMA_GDP,26,COMPLETED
DSP-10739,RT-ALLE-REG-19,ALLENTOWN_PA,2025-07-05T08:38:00Z,REGIONAL_DISTRIB,303.7,4,77,8.56,PHARMA_GDP,26,COMPLETED
DSP-10740,RT-HUB_-REG-20,HUB_N,07/05/2025 17:18,REGIONAL_DISTRIB,273.8,4,59,7.85,PERISHABLE_FOOD,26,COMPLETED
DSP-10741,RT-HUB_-LOC-21,HUB_N,2025-07-06 18:12:00,LOCAL_URBAN,122.1,10,82,8.88,PHARMA_GDP,24,COMPLETED
DSP-10742,RT-HUB_-REG-22,HUB_N,2025-07-06T17:36:00Z,REGIONAL_DISTRIB,300.9,4,57,8.5,PHARMA_GDP,26,COMPLETED
DSP-10743,RT-ALLE-LOC-23,ALLENTOWN_PA,07/06/2025 16:47,LOCAL_URBAN,132.5,8,102,8.69,PHARMA_GDP,24,COMPLETED
DSP-10744,RT-HUB_-LOC-24,HUB_01,2025-07-06 15:18:00,LOCAL_URBAN,131.4,8,112,8.64,PERISHABLE_FOOD,24,VOID_TEST
DSP-10745,RT-HUB_-REG-25,HUB_N,2025-07-07T16:36:00Z,REGIONAL_DISTRIB,303.4,4,83,8.56,PERISHABLE_FOOD,26,COMPLETED
DSP-10746,RT-ALLE-LIN-26,ALLENTOWN_PA,07/07/2025 08:23,LINEHAUL_CORRIDOR,438.5,3,38,9.43,PHARMA_GDP,26,COMPLETED
DSP-10747,RT-HUB_-LOC-27,HUB_01,2025-07-07 06:59:00,LOCAL_URBAN,122.9,10,87,8.92,PERISHABLE_FOOD,25,COMPLETED
DSP-10748,RT-HUB_-REG-28,HUB_N,2025-07-07T11:01:00Z,REGIONAL_DISTRIB,276.3,5,72,8.25,PERISHABLE_FOOD,26,COMPLETED
DSP-10749,RT-HUB_-REG-29,HUB_01,07/08/2025 10:24,REGIONAL_DISTRIB,293.1,6,81,8.98,PERISHABLE_FOOD,26,COMPLETED
DSP-10750,RT-HUB_-LIN-30,HUB_N,2025-07-08 15:36:00,LINEHAUL_CORRIDOR,458.1,3,31,9.81,PHARMA_GDP,26,COMPLETED
DSP-10751,RT-ALLE-REG-31,ALLENTOWN_PA,2025-07-08T17:29:00Z,REGIONAL_DISTRIB,263.8,4,67,7.61,PHARMA_GDP,26,COMPLETED
DSP-10752,RT-HUB_-LOC-32,HUB_N,07/08/2025 06:44,LOCAL_URBAN,134.4,9,92,9.11,PERISHABLE_FOOD,25,COMPLETED
DSP-10753,RT-ALLE-REG-33,ALLENTOWN_PA,2025-07-09 11:00:00,REGIONAL_DISTRIB,294.4,6,73,9.01,PHARMA_GDP,26,COMPLETED
DSP-10754,RT-HUB_-LIN-34,HUB_01,2025-07-09T13:01:00Z,LINEHAUL_CORRIDOR,440.7,1,34,8.81,PHARMA_GDP,26,COMPLETED
DSP-10755,RT-HUB_-LOC-35,HUB_N,07/09/2025 12:08,LOCAL_URBAN,128.4,7,111,8.17,PERISHABLE_FOOD,24,COMPLETED
DSP-10756,RT-HUB_-LOC-36,HUB_N,2025-07-09 08:48:00,LOCAL_URBAN,125.6,7,113,8.04,PERISHABLE_FOOD,25,COMPLETED
DSP-10757,RT-HUB_-REG-37,HUB_01,2025-07-10T12:26:00Z,REGIONAL_DISTRIB,284.4,6,72,8.77,PHARMA_GDP,26,COMPLETED
DSP-10758,RT-HUB_-REG-38,HUB_01,07/10/2025 14:12,REGIONAL_DISTRIB,298.4,5,69,8.77,PHARMA_GDP,26,COMPLETED
DSP-10759,RT-HUB_-LIN-39,HUB_01,2025-07-10 13:18:00,LINEHAUL_CORRIDOR,419.8,2,24,8.74,PHARMA_GDP,26,COMPLETED
DSP-10760,RT-ALLE-REG-40,ALLENTOWN_PA,2025-07-10T13:33:00Z,REGIONAL_DISTRIB,284.9,6,73,8.78,PERISHABLE_FOOD,26,COMPLETED
DSP-10761,RT-HUB_-REG-01,HUB_01,07/11/2025 10:33,REGIONAL_DISTRIB,277.0,6,66,8.6,PERISHABLE_FOOD,26,COMPLETED
DSP-10762,RT-HUB_-LOC-02,HUB_N,2025-07-11 10:52:00,LOCAL_URBAN,119.2,7,101,7.75,PHARMA_GDP,25,COMPLETED
DSP-10763,RT-HUB_-REG-03,HUB_N,2025-07-11T09:37:00Z,REGIONAL_DISTRIB,271.1,6,64,8.45,PERISHABLE_FOOD,26,COMPLETED
DSP-10764,RT-HUB_-REG-04,HUB_N,07/11/2025 09:31,REGIONAL_DISTRIB,261.7,6,82,8.23,PERISHABLE_FOOD,26,COMPLETED
DSP-10765,RT-ALLE-LOC-05,ALLENTOWN_PA,2025-07-12 07:14:00,LOCAL_URBAN,117.9,10,100,8.69,PERISHABLE_FOOD,25,COMPLETED
DSP-10766,RT-HUB_-REG-06,HUB_01,2025-07-12T10:57:00Z,REGIONAL_DISTRIB,296.5,6,65,9.06,PHARMA_GDP,26,COMPLETED
DSP-10767,RT-ALLE-REG-07,ALLENTOWN_PA,07/12/2025 10:06,REGIONAL_DISTRIB,295.4,6,61,9.03,PHARMA_GDP,26,COMPLETED
DSP-10768,RT-HUB_-REG-08,HUB_N,2025-07-12 09:34:00,REGIONAL_DISTRIB,303.1,6,82,9.22,PERISHABLE_FOOD,26,COMPLETED
DSP-10769,RT-ALLE-REG-09,ALLENTOWN_PA,2025-07-13T12:12:00Z,REGIONAL_DISTRIB,269.4,4,75,7.75,PERISHABLE_FOOD,26,COMPLETED
DSP-10770,RT-HUB_-LOC-10,HUB_N,07/13/2025 16:15,LOCAL_URBAN,116.3,10,115,8.62,PHARMA_GDP,24,COMPLETED
DSP-10771,RT-HUB_-REG-11,HUB_N,2025-07-13 15:16:00,REGIONAL_DISTRIB,269.6,6,85,8.42,PERISHABLE_FOOD,26,COMPLETED
DSP-10772,RT-ALLE-LOC-12,ALLENTOWN_PA,2025-07-13T11:56:00Z,LOCAL_URBAN,121.6,8,89,8.19,PERISHABLE_FOOD,25,COMPLETED
DSP-10773,RT-HUB_-REG-13,HUB_N,07/14/2025 10:13,REGIONAL_DISTRIB,298.1,5,81,8.76,PHARMA_GDP,26,COMPLETED
DSP-10774,RT-HUB_-LOC-14,HUB_01,2025-07-14 13:01:00,LOCAL_URBAN,113.7,7,95,7.5,PERISHABLE_FOOD,25,COMPLETED
DSP-10775,RT-HUB_-LOC-15,HUB_01,2025-07-14T10:20:00Z,LOCAL_URBAN,132.6,8,90,8.69,PHARMA_GDP,24,COMPLETED
DSP-10776,RT-ALLE-REG-16,ALLENTOWN_PA,07/14/2025 06:25,REGIONAL_DISTRIB,289.0,4,85,8.21,PERISHABLE_FOOD,26,COMPLETED
DSP-10777,RT-HUB_-REG-17,HUB_01,2025-07-15 12:23:00,REGIONAL_DISTRIB,299.0,5,83,8.79,PHARMA_GDP,26,COMPLETED
DSP-10778,RT-HUB_-LOC-18,HUB_N,2025-07-15T18:29:00Z,LOCAL_URBAN,124.3,7,113,7.98,PERISHABLE_FOOD,26,COMPLETED
DSP-10779,RT-HUB_-LIN-19,HUB_01,07/15/2025 18:17,LINEHAUL_CORRIDOR,424.3,1,30,8.49,PHARMA_GDP,26,COMPLETED
DSP-10780,RT-HUB_-LOC-20,HUB_01,2025-07-15 14:33:00,LOCAL_URBAN,112.7,8,97,7.79,PERISHABLE_FOOD,25,COMPLETED
DSP-10781,RT-HUB_-REG-21,HUB_01,2025-07-16T10:26:00Z,REGIONAL_DISTRIB,265.1,6,68,8.31,PERISHABLE_FOOD,26,COMPLETED
DSP-10782,RT-HUB_-LOC-22,HUB_N,07/16/2025 06:23,LOCAL_URBAN,127.9,9,81,8.81,PERISHABLE_FOOD,26,COMPLETED
DSP-10783,RT-HUB_-REG-23,HUB_N,2025-07-16 16:14:00,REGIONAL_DISTRIB,295.5,4,63,8.37,PERISHABLE_FOOD,26,COMPLETED
DSP-10784,RT-ALLE-LOC-24,ALLENTOWN_PA,2025-07-16T09:49:00Z,LOCAL_URBAN,131.7,10,104,9.32,PHARMA_GDP,25,COMPLETED
DSP-10785,RT-HUB_-LOC-25,HUB_N,07/17/2025 12:20,LOCAL_URBAN,131.5,8,108,8.64,PERISHABLE_FOOD,26,COMPLETED
DSP-10786,RT-HUB_-REG-26,HUB_N,2025-07-17 16:57:00,REGIONAL_DISTRIB,302.3,5,78,8.86,PHARMA_GDP,26,COMPLETED
DSP-10787,RT-HUB_-REG-27,HUB_N,2025-07-17T13:14:00Z,REGIONAL_DISTRIB,291.4,6,57,8.94,PHARMA_GDP,26,COMPLETED
DSP-10788,RT-HUB_-REG-28,HUB_N,07/17/2025 11:42,REGIONAL_DISTRIB,268.3,5,80,8.05,PERISHABLE_FOOD,26,COMPLETED
DSP-10789,RT-HUB_-REG-29,HUB_01,2025-07-18 15:13:00,REGIONAL_DISTRIB,265.0,4,71,7.64,PERISHABLE_FOOD,26,COMPLETED
DSP-10790,RT-HUB_-REG-30,HUB_01,2025-07-18T17:48:00Z,REGIONAL_DISTRIB,299.3,4,63,8.46,PHARMA_GDP,26,COMPLETED
DSP-10791,RT-HUB_-LOC-31,HUB_01,07/18/2025 14:11,LOCAL_URBAN,119.8,10,94,8.78,PHARMA_GDP,24,COMPLETED
DSP-10792,RT-HUB_-LIN-32,HUB_N,2025-07-18 05:55:00,LINEHAUL_CORRIDOR,468.4,1,28,9.34,PERISHABLE_FOOD,26,COMPLETED
DSP-10793,RT-ALLE-LOC-33,ALLENTOWN_PA,2025-07-19T06:15:00Z,LOCAL_URBAN,112.2,9,90,8.1,PERISHABLE_FOOD,24,COMPLETED
DSP-10794,RT-HUB_-REG-34,HUB_01,07/19/2025 10:17,REGIONAL_DISTRIB,282.2,4,77,8.05,PHARMA_GDP,26,COMPLETED
DSP-10795,RT-HUB_-LOC-35,HUB_N,2025-07-19 11:41:00,LOCAL_URBAN,115.2,8,98,7.9,PERISHABLE_FOOD,24,COMPLETED
DSP-10796,RT-HUB_-LOC-36,HUB_N,2025-07-19T15:13:00Z,LOCAL_URBAN,134.4,8,108,8.78,PERISHABLE_FOOD,25,COMPLETED
DSP-10797,RT-HUB_-LOC-37,HUB_N,07/20/2025 12:15,LOCAL_URBAN,113.3,9,105,8.15,PERISHABLE_FOOD,26,COMPLETED
DSP-10798,RT-ALLE-LOC-38,ALLENTOWN_PA,2025-07-20 13:28:00,LOCAL_URBAN,112.4,7,83,7.44,PHARMA_GDP,24,COMPLETED
DSP-10799,RT-ALLE-LIN-39,ALLENTOWN_PA,2025-07-20T09:55:00Z,LINEHAUL_CORRIDOR,468.0,3,21,10.0,PHARMA_GDP,26,COMPLETED
DSP-10800,RT-HUB_-LIN-40,HUB_N,07/20/2025 11:26,LINEHAUL_CORRIDOR,443.6,3,25,9.53,PHARMA_GDP,26,COMPLETED
DSP-10801,RT-HUB_-LOC-01,HUB_N,2025-07-21 08:01:00,LOCAL_URBAN,123.3,8,96,8.27,PHARMA_GDP,24,COMPLETED
DSP-10802,RT-HUB_-REG-02,HUB_01,2025-07-21T13:50:00Z,REGIONAL_DISTRIB,301.7,5,83,8.85,PERISHABLE_FOOD,26,COMPLETED
DSP-10803,RT-HUB_-LOC-03,HUB_N,07/21/2025 16:21,LOCAL_URBAN,134.9,8,115,8.8,PERISHABLE_FOOD,26,COMPLETED
DSP-10804,RT-HUB_-LOC-04,HUB_N,2025-07-21 12:57:00,LOCAL_URBAN,115.7,7,110,7.59,PHARMA_GDP,26,COMPLETED
DSP-10805,RT-HUB_-LOC-05,HUB_01,2025-07-22T07:37:00Z,LOCAL_URBAN,118.9,10,109,8.74,PERISHABLE_FOOD,26,COMPLETED
DSP-10806,RT-HUB_-LIN-06,HUB_N,07/22/2025 14:30,LINEHAUL_CORRIDOR,420.8,1,36,8.43,PERISHABLE_FOOD,26,COMPLETED
DSP-10807,RT-ALLE-LOC-07,ALLENTOWN_PA,2025-07-22 05:48:00,LOCAL_URBAN,133.0,8,111,8.71,PERISHABLE_FOOD,25,COMPLETED
DSP-10808,RT-ALLE-LOC-08,ALLENTOWN_PA,2025-07-22T13:23:00Z,LOCAL_URBAN,119.3,7,100,7.76,PHARMA_GDP,24,COMPLETED
DSP-10809,RT-HUB_-REG-09,HUB_01,07/23/2025 16:09,REGIONAL_DISTRIB,303.0,6,76,9.21,PHARMA_GDP,26,COMPLETED
DSP-10810,RT-HUB_-LIN-10,HUB_01,2025-07-23 18:11:00,LINEHAUL_CORRIDOR,470.0,3,24,10.04,PHARMA_GDP,26,COMPLETED
DSP-10811,RT-HUB_-REG-11,HUB_N,2025-07-23T07:45:00Z,REGIONAL_DISTRIB,284.6,6,67,8.78,PHARMA_GDP,26,COMPLETED
DSP-10812,RT-HUB_-LOC-12,HUB_01,07/23/2025 16:18,LOCAL_URBAN,131.3,8,104,8.63,PERISHABLE_FOOD,25,COMPLETED
DSP-10813,RT-HUB_-LOC-13,HUB_N,2025-07-24 07:52:00,LOCAL_URBAN,122.3,10,99,8.89,PERISHABLE_FOOD,26,COMPLETED
DSP-10814,RT-HUB_-REG-14,HUB_01,2025-07-24T07:18:00Z,REGIONAL_DISTRIB,282.0,5,70,8.38,PHARMA_GDP,26,COMPLETED
DSP-10815,RT-HUB_-REG-15,HUB_01,07/24/2025 13:13,REGIONAL_DISTRIB,279.5,5,57,8.32,PHARMA_GDP,26,COMPLETED
DSP-10816,RT-ALLE-REG-16,ALLENTOWN_PA,2025-07-24 09:59:00,REGIONAL_DISTRIB,301.9,6,75,9.19,PERISHABLE_FOOD,26,COMPLETED
DSP-10817,RT-HUB_-LOC-17,HUB_01,2025-07-25T14:33:00Z,LOCAL_URBAN,134.6,9,95,9.12,PERISHABLE_FOOD,25,COMPLETED
DSP-10818,RT-HUB_-REG-18,HUB_N,07/25/2025 10:46,REGIONAL_DISTRIB,283.0,5,58,8.4,PERISHABLE_FOOD,26,COMPLETED
DSP-10819,RT-ALLE-LOC-19,ALLENTOWN_PA,2025-07-25 05:35:00,LOCAL_URBAN,128.5,10,91,9.17,PERISHABLE_FOOD,25,COMPLETED
DSP-10820,RT-ALLE-LOC-20,ALLENTOWN_PA,2025-07-25T11:28:00Z,LOCAL_URBAN,124.7,10,108,9.0,PERISHABLE_FOOD,25,COMPLETED
DSP-10821,RT-HUB_-LOC-21,HUB_N,07/26/2025 05:55,LOCAL_URBAN,112.0,9,86,8.09,PERISHABLE_FOOD,24,COMPLETED
DSP-10822,RT-HUB_-REG-22,HUB_N,2025-07-26 10:09:00,REGIONAL_DISTRIB,280.7,5,82,8.35,PERISHABLE_FOOD,26,COMPLETED
DSP-10823,RT-ALLE-LOC-23,ALLENTOWN_PA,2025-07-26T05:42:00Z,LOCAL_URBAN,126.8,10,99,9.1,PHARMA_GDP,24,COMPLETED
DSP-10824,RT-HUB_-REG-24,HUB_N,07/26/2025 15:45,REGIONAL_DISTRIB,268.5,4,61,7.73,PERISHABLE_FOOD,26,COMPLETED
DSP-10825,RT-ALLE-LIN-25,ALLENTOWN_PA,2025-07-27 12:57:00,LINEHAUL_CORRIDOR,442.3,1,29,8.84,PERISHABLE_FOOD,26,COMPLETED
DSP-10826,RT-HUB_-LIN-26,HUB_N,2025-07-27T14:45:00Z,LINEHAUL_CORRIDOR,454.3,2,35,9.4,PERISHABLE_FOOD,26,COMPLETED
DSP-10827,RT-ALLE-REG-27,ALLENTOWN_PA,07/27/2025 12:24,REGIONAL_DISTRIB,277.6,5,55,8.28,PHARMA_GDP,26,COMPLETED
DSP-10828,RT-ALLE-REG-28,ALLENTOWN_PA,2025-07-27 14:07:00,REGIONAL_DISTRIB,284.9,5,56,8.45,PERISHABLE_FOOD,26,COMPLETED
DSP-10829,RT-ALLE-LIN-29,ALLENTOWN_PA,2025-07-28T14:50:00Z,LINEHAUL_CORRIDOR,462.1,1,21,9.22,PERISHABLE_FOOD,26,COMPLETED
DSP-10830,RT-HUB_-LIN-30,HUB_01,07/28/2025 13:14,LINEHAUL_CORRIDOR,435.0,2,23,9.03,PERISHABLE_FOOD,26,COMPLETED
DSP-10831,RT-HUB_-LOC-31,HUB_N,2025-07-28 15:28:00,LOCAL_URBAN,114.8,9,108,8.22,PHARMA_GDP,24,COMPLETED
DSP-10832,RT-ALLE-LIN-32,ALLENTOWN_PA,2025-07-28T12:23:00Z,LINEHAUL_CORRIDOR,452.9,2,24,9.38,PERISHABLE_FOOD,26,COMPLETED
DSP-10833,RT-ALLE-REG-33,ALLENTOWN_PA,07/29/2025 16:00,REGIONAL_DISTRIB,295.8,4,74,8.38,PHARMA_GDP,26,COMPLETED
DSP-10834,RT-HUB_-LOC-34,HUB_N,2025-07-29 13:33:00,LOCAL_URBAN,122.3,10,111,8.89,PHARMA_GDP,24,COMPLETED
DSP-10835,RT-HUB_-LIN-35,HUB_01,2025-07-29T17:34:00Z,LINEHAUL_CORRIDOR,431.4,1,25,8.63,PERISHABLE_FOOD,26,COMPLETED
DSP-10836,RT-HUB_-REG-36,HUB_N,07/29/2025 17:52,REGIONAL_DISTRIB,265.4,4,70,7.65,PHARMA_GDP,26,COMPLETED
DSP-10837,RT-ALLE-LOC-37,ALLENTOWN_PA,2025-07-30 17:59:00,LOCAL_URBAN,113.8,7,83,7.51,PERISHABLE_FOOD,25,COMPLETED
DSP-10838,RT-HUB_-LIN-38,HUB_N,2025-07-30T13:36:00Z,LINEHAUL_CORRIDOR,456.9,3,23,9.79,PERISHABLE_FOOD,26,COMPLETED
DSP-10839,RT-HUB_-LIN-39,HUB_N,07/30/2025 17:25,LINEHAUL_CORRIDOR,464.7,1,29,9.27,PERISHABLE_FOOD,26,COMPLETED
DSP-10840,RT-ALLE-LOC-40,ALLENTOWN_PA,2025-07-30 18:19:00,LOCAL_URBAN,130.5,7,92,8.27,PERISHABLE_FOOD,25,VOID_TEST
DSP-10841,RT-HUB_-LOC-01,HUB_01,2025-07-31T11:10:00Z,LOCAL_URBAN,122.6,7,97,7.91,PHARMA_GDP,25,COMPLETED
DSP-10842,RT-HUB_-REG-02,HUB_N,07/31/2025 12:27,REGIONAL_DISTRIB,283.8,4,59,8.09,PERISHABLE_FOOD,26,COMPLETED
DSP-10843,RT-ALLE-REG-03,ALLENTOWN_PA,2025-07-31 17:21:00,REGIONAL_DISTRIB,276.3,4,69,7.91,PHARMA_GDP,26,COMPLETED
DSP-10844,RT-HUB_-LOC-04,HUB_N,2025-07-31T16:29:00Z,LOCAL_URBAN,117.9,8,107,8.03,PHARMA_GDP,24,COMPLETED
DSP-10845,RT-ALLE-LOC-05,ALLENTOWN_PA,08/01/2025 17:05,LOCAL_URBAN,125.8,9,106,8.72,PHARMA_GDP,26,COMPLETED
DSP-10846,RT-ALLE-REG-06,ALLENTOWN_PA,2025-08-01 16:55:00,REGIONAL_DISTRIB,300.9,4,81,8.5,PHARMA_GDP,26,COMPLETED
DSP-10847,RT-HUB_-LIN-07,HUB_N,2025-08-01T18:20:00Z,LINEHAUL_CORRIDOR,447.5,3,40,9.61,PERISHABLE_FOOD,26,COMPLETED
DSP-10848,RT-HUB_-LIN-08,HUB_N,08/01/2025 14:04,LINEHAUL_CORRIDOR,415.1,3,30,8.98,PHARMA_GDP,26,COMPLETED
DSP-10849,RT-HUB_-REG-09,HUB_N,2025-08-02 06:26:00,REGIONAL_DISTRIB,274.1,5,79,8.19,PERISHABLE_FOOD,26,COMPLETED
DSP-10850,RT-ALLE-LOC-10,ALLENTOWN_PA,2025-08-02T16:33:00Z,LOCAL_URBAN,130.8,9,107,8.95,PERISHABLE_FOOD,24,COMPLETED
DSP-10851,RT-HUB_-REG-11,HUB_01,08/02/2025 12:49,REGIONAL_DISTRIB,276.0,4,79,7.9,PERISHABLE_FOOD,26,COMPLETED
DSP-10852,RT-HUB_-REG-12,HUB_N,2025-08-02 10:49:00,REGIONAL_DISTRIB,304.2,6,73,9.24,PERISHABLE_FOOD,26,COMPLETED
DSP-10853,RT-ALLE-REG-13,ALLENTOWN_PA,2025-08-03T11:03:00Z,REGIONAL_DISTRIB,266.3,5,71,8.01,PERISHABLE_FOOD,26,COMPLETED
DSP-10854,RT-HUB_-REG-14,HUB_01,08/03/2025 05:57,REGIONAL_DISTRIB,266.6,5,81,8.01,PHARMA_GDP,26,COMPLETED
DSP-10855,RT-HUB_-LOC-15,HUB_01,2025-08-03 10:07:00,LOCAL_URBAN,112.0,10,115,8.42,PERISHABLE_FOOD,25,COMPLETED
DSP-10856,RT-HUB_-LIN-16,HUB_01,2025-08-03T13:38:00Z,LINEHAUL_CORRIDOR,451.3,2,33,9.35,PERISHABLE_FOOD,26,COMPLETED
DSP-10857,RT-HUB_-LOC-17,HUB_01,08/04/2025 16:40,LOCAL_URBAN,127.6,7,93,8.13,PERISHABLE_FOOD,24,COMPLETED
DSP-10858,RT-HUB_-LIN-18,HUB_01,2025-08-04 06:03:00,LINEHAUL_CORRIDOR,417.1,2,23,8.69,PHARMA_GDP,26,COMPLETED
DSP-10859,RT-HUB_-LOC-19,HUB_01,2025-08-04T08:20:00Z,LOCAL_URBAN,119.4,9,111,8.43,PHARMA_GDP,24,COMPLETED
DSP-10860,RT-HUB_-LIN-20,HUB_N,08/04/2025 05:37,LINEHAUL_CORRIDOR,428.3,2,26,8.9,PHARMA_GDP,26,COMPLETED
DSP-10861,RT-HUB_-LIN-21,HUB_N,2025-08-05 17:54:00,LINEHAUL_CORRIDOR,435.1,3,29,9.37,PERISHABLE_FOOD,26,COMPLETED
DSP-10862,RT-ALLE-REG-22,ALLENTOWN_PA,2025-08-05T15:58:00Z,REGIONAL_DISTRIB,266.0,4,71,7.67,PERISHABLE_FOOD,26,COMPLETED
DSP-10863,RT-ALLE-LOC-23,ALLENTOWN_PA,08/05/2025 11:04,LOCAL_URBAN,130.0,10,104,9.24,PHARMA_GDP,25,COMPLETED
DSP-10864,RT-ALLE-LIN-24,ALLENTOWN_PA,2025-08-05 15:10:00,LINEHAUL_CORRIDOR,454.2,3,22,9.73,PERISHABLE_FOOD,26,COMPLETED
DSP-10865,RT-ALLE-LOC-25,ALLENTOWN_PA,2025-08-06T15:18:00Z,LOCAL_URBAN,126.1,7,92,8.07,PERISHABLE_FOOD,26,COMPLETED
DSP-10866,RT-ALLE-REG-26,ALLENTOWN_PA,08/06/2025 05:47,REGIONAL_DISTRIB,293.8,6,83,9.0,PHARMA_GDP,26,COMPLETED
DSP-10867,RT-HUB_-REG-27,HUB_N,2025-08-06 12:07:00,REGIONAL_DISTRIB,297.8,6,69,9.09,PHARMA_GDP,26,COMPLETED
DSP-10868,RT-HUB_-LOC-28,HUB_N,2025-08-06T06:37:00Z,LOCAL_URBAN,114.5,7,113,7.54,PHARMA_GDP,25,COMPLETED
DSP-10869,RT-ALLE-LOC-29,ALLENTOWN_PA,08/07/2025 15:40,LOCAL_URBAN,113.6,9,85,8.16,PHARMA_GDP,25,COMPLETED
DSP-10870,RT-HUB_-LOC-30,HUB_01,2025-08-07 12:27:00,LOCAL_URBAN,127.8,9,104,8.81,PHARMA_GDP,24,COMPLETED
DSP-10871,RT-HUB_-LIN-31,HUB_01,2025-08-07T13:02:00Z,LINEHAUL_CORRIDOR,464.0,1,26,9.26,PHARMA_GDP,26,COMPLETED
DSP-10872,RT-HUB_-LIN-32,HUB_01,08/07/2025 12:31,LINEHAUL_CORRIDOR,426.2,2,34,8.86,PERISHABLE_FOOD,26,COMPLETED
DSP-10873,RT-HUB_-LIN-33,HUB_N,2025-08-08 18:05:00,LINEHAUL_CORRIDOR,411.1,3,38,8.91,PERISHABLE_FOOD,26,COMPLETED
DSP-10874,RT-HUB_-LOC-34,HUB_N,2025-08-08T11:04:00Z,LOCAL_URBAN,120.2,7,112,7.8,PHARMA_GDP,24,COMPLETED
DSP-10875,RT-HUB_-REG-35,HUB_N,08/08/2025 14:48,REGIONAL_DISTRIB,279.1,6,69,8.65,PHARMA_GDP,26,COMPLETED
DSP-10876,RT-HUB_-LOC-36,HUB_N,2025-08-08 11:52:00,LOCAL_URBAN,133.3,10,97,9.39,PERISHABLE_FOOD,26,COMPLETED
DSP-10877,RT-HUB_-REG-37,HUB_N,2025-08-09T09:35:00Z,REGIONAL_DISTRIB,283.0,4,60,8.07,PERISHABLE_FOOD,26,COMPLETED
DSP-10878,RT-HUB_-REG-38,HUB_N,08/09/2025 15:51,REGIONAL_DISTRIB,292.6,5,83,8.63,PERISHABLE_FOOD,26,COMPLETED
DSP-10879,RT-ALLE-REG-39,ALLENTOWN_PA,2025-08-09 06:28:00,REGIONAL_DISTRIB,271.1,5,65,8.12,PHARMA_GDP,26,COMPLETED
DSP-10880,RT-ALLE-LIN-40,ALLENTOWN_PA,2025-08-09T14:27:00Z,LINEHAUL_CORRIDOR,446.5,1,20,8.92,PERISHABLE_FOOD,26,COMPLETED
DSP-10881,RT-HUB_-REG-01,HUB_01,08/10/2025 15:58,REGIONAL_DISTRIB,284.2,6,75,8.77,PHARMA_GDP,26,COMPLETED
DSP-10882,RT-HUB_-LIN-02,HUB_01,2025-08-10 06:59:00,LINEHAUL_CORRIDOR,432.6,3,31,9.32,PHARMA_GDP,26,COMPLETED
DSP-10883,RT-HUB_-LOC-03,HUB_N,2025-08-10T10:42:00Z,LOCAL_URBAN,115.5,7,97,7.58,PERISHABLE_FOOD,26,COMPLETED
DSP-10884,RT-ALLE-REG-04,ALLENTOWN_PA,08/10/2025 05:47,REGIONAL_DISTRIB,296.4,4,62,8.39,PERISHABLE_FOOD,26,COMPLETED
DSP-10885,RT-ALLE-REG-05,ALLENTOWN_PA,2025-08-11 10:06:00,REGIONAL_DISTRIB,269.4,4,81,7.75,PERISHABLE_FOOD,26,COMPLETED
DSP-10886,RT-HUB_-REG-06,HUB_N,2025-08-11T07:07:00Z,REGIONAL_DISTRIB,289.7,6,76,8.9,PERISHABLE_FOOD,26,COMPLETED
DSP-10887,RT-HUB_-LOC-07,HUB_N,08/11/2025 09:24,LOCAL_URBAN,133.3,8,113,8.73,PERISHABLE_FOOD,25,COMPLETED
DSP-10888,RT-ALLE-REG-08,ALLENTOWN_PA,2025-08-11 12:11:00,REGIONAL_DISTRIB,287.7,6,72,8.85,PERISHABLE_FOOD,26,COMPLETED
DSP-10889,RT-ALLE-LOC-09,ALLENTOWN_PA,2025-08-12T13:59:00Z,LOCAL_URBAN,133.5,10,106,9.4,PHARMA_GDP,26,COMPLETED
DSP-10890,RT-ALLE-REG-10,ALLENTOWN_PA,08/12/2025 13:58,REGIONAL_DISTRIB,299.8,4,56,8.47,PHARMA_GDP,26,COMPLETED
DSP-10891,RT-HUB_-LOC-11,HUB_01,2025-08-12 07:28:00,LOCAL_URBAN,112.0,7,94,7.42,PERISHABLE_FOOD,25,COMPLETED
DSP-10892,RT-HUB_-LOC-12,HUB_N,2025-08-12T15:21:00Z,LOCAL_URBAN,111.6,7,81,7.41,PERISHABLE_FOOD,24,COMPLETED
DSP-10893,RT-HUB_-REG-13,HUB_01,08/13/2025 11:03,REGIONAL_DISTRIB,271.1,5,62,8.12,PERISHABLE_FOOD,26,COMPLETED
DSP-10894,RT-HUB_-REG-14,HUB_N,2025-08-13 06:33:00,REGIONAL_DISTRIB,287.9,4,75,8.19,PERISHABLE_FOOD,26,COMPLETED
DSP-10895,RT-HUB_-LOC-15,HUB_01,2025-08-13T05:49:00Z,LOCAL_URBAN,131.2,7,88,8.3,PHARMA_GDP,25,COMPLETED
DSP-10896,RT-HUB_-LOC-16,HUB_01,08/13/2025 07:09,LOCAL_URBAN,126.9,7,98,8.1,PERISHABLE_FOOD,25,COMPLETED
DSP-10897,RT-HUB_-LIN-17,HUB_N,2025-08-14 17:57:00,LINEHAUL_CORRIDOR,457.2,3,20,9.79,PERISHABLE_FOOD,26,COMPLETED
DSP-10898,RT-ALLE-LOC-18,ALLENTOWN_PA,2025-08-14T08:36:00Z,LOCAL_URBAN,126.3,7,109,8.07,PERISHABLE_FOOD,26,COMPLETED
DSP-10899,RT-ALLE-REG-19,ALLENTOWN_PA,08/14/2025 10:56,REGIONAL_DISTRIB,286.7,4,83,8.16,PERISHABLE_FOOD,26,COMPLETED
DSP-10900,RT-ALLE-LOC-20,ALLENTOWN_PA,2025-08-14 12:02:00,LOCAL_URBAN,116.1,7,83,7.61,PHARMA_GDP,26,COMPLETED
DSP-10901,RT-HUB_-LOC-21,HUB_01,2025-08-15T10:48:00Z,LOCAL_URBAN,132.1,8,89,8.67,PERISHABLE_FOOD,26,COMPLETED
DSP-10902,RT-HUB_-REG-22,HUB_N,08/15/2025 11:52,REGIONAL_DISTRIB,289.6,4,56,8.23,PHARMA_GDP,26,COMPLETED
DSP-10903,RT-HUB_-REG-23,HUB_N,2025-08-15 17:14:00,REGIONAL_DISTRIB,269.1,4,65,7.74,PHARMA_GDP,26,COMPLETED
DSP-10904,RT-ALLE-REG-24,ALLENTOWN_PA,2025-08-15T11:51:00Z,REGIONAL_DISTRIB,298.3,6,85,9.1,PHARMA_GDP,26,COMPLETED
DSP-10905,RT-HUB_-LIN-25,HUB_01,08/16/2025 16:44,LINEHAUL_CORRIDOR,464.6,2,27,9.6,PERISHABLE_FOOD,26,COMPLETED
DSP-10906,RT-HUB_-LOC-26,HUB_N,2025-08-16 05:53:00,LOCAL_URBAN,128.4,9,104,8.84,PHARMA_GDP,24,VOID_TEST
DSP-10907,RT-HUB_-LOC-27,HUB_01,2025-08-16T17:53:00Z,LOCAL_URBAN,112.9,9,108,8.13,PHARMA_GDP,26,COMPLETED
DSP-10908,RT-HUB_-LOC-28,HUB_N,08/16/2025 13:45,LOCAL_URBAN,117.1,8,96,7.99,PERISHABLE_FOOD,25,COMPLETED
DSP-10909,RT-HUB_-LOC-29,HUB_N,2025-08-17 12:11:00,LOCAL_URBAN,116.5,7,81,7.63,PERISHABLE_FOOD,24,COMPLETED
DSP-10910,RT-HUB_-LOC-30,HUB_N,2025-08-17T15:40:00Z,LOCAL_URBAN,115.3,10,95,8.57,PHARMA_GDP,25,COMPLETED
DSP-10911,RT-ALLE-LIN-31,ALLENTOWN_PA,08/17/2025 17:42,LINEHAUL_CORRIDOR,462.7,1,23,9.23,PHARMA_GDP,26,COMPLETED
DSP-10912,RT-HUB_-REG-32,HUB_01,2025-08-17 18:09:00,REGIONAL_DISTRIB,274.3,5,75,8.2,PHARMA_GDP,26,COMPLETED
DSP-10913,RT-ALLE-LOC-33,ALLENTOWN_PA,2025-08-18T08:24:00Z,LOCAL_URBAN,113.7,8,83,7.83,PERISHABLE_FOOD,25,COMPLETED
DSP-10914,RT-ALLE-LIN-34,ALLENTOWN_PA,08/18/2025 08:02,LINEHAUL_CORRIDOR,422.6,1,35,8.46,PERISHABLE_FOOD,26,COMPLETED
DSP-10915,RT-ALLE-REG-35,ALLENTOWN_PA,2025-08-18 14:14:00,REGIONAL_DISTRIB,276.8,6,69,8.59,PHARMA_GDP,26,COMPLETED
DSP-10916,RT-HUB_-REG-36,HUB_01,2025-08-18T08:44:00Z,REGIONAL_DISTRIB,286.2,6,84,8.81,PERISHABLE_FOOD,26,COMPLETED
DSP-10917,RT-HUB_-LIN-37,HUB_01,08/19/2025 10:46,LINEHAUL_CORRIDOR,433.8,2,33,9.01,PERISHABLE_FOOD,26,COMPLETED
DSP-10918,RT-HUB_-REG-38,HUB_N,2025-08-19 13:02:00,REGIONAL_DISTRIB,273.3,6,66,8.51,PHARMA_GDP,26,COMPLETED
DSP-10919,RT-HUB_-REG-39,HUB_01,2025-08-19T11:31:00Z,REGIONAL_DISTRIB,279.5,5,80,8.32,PERISHABLE_FOOD,26,COMPLETED
DSP-10920,RT-HUB_-LOC-40,HUB_N,08/19/2025 14:11,LOCAL_URBAN,111.9,7,98,7.42,PERISHABLE_FOOD,26,COMPLETED
DSP-10921,RT-HUB_-LIN-01,HUB_01,2025-08-20 10:42:00,LINEHAUL_CORRIDOR,415.9,1,31,8.33,PHARMA_GDP,26,COMPLETED
DSP-10922,RT-HUB_-LOC-02,HUB_01,2025-08-20T18:15:00Z,LOCAL_URBAN,130.4,9,92,8.93,PERISHABLE_FOOD,24,COMPLETED
DSP-10923,RT-HUB_-LOC-03,HUB_01,08/20/2025 18:11,LOCAL_URBAN,117.5,9,105,8.34,PERISHABLE_FOOD,26,VOID_TEST
DSP-10924,RT-ALLE-REG-04,ALLENTOWN_PA,2025-08-20 17:17:00,REGIONAL_DISTRIB,294.3,4,82,8.34,PHARMA_GDP,26,COMPLETED
DSP-10925,RT-HUB_-REG-05,HUB_N,2025-08-21T17:35:00Z,REGIONAL_DISTRIB,295.4,5,78,8.7,PERISHABLE_FOOD,26,COMPLETED
DSP-10926,RT-HUB_-LOC-06,HUB_N,08/21/2025 05:53,LOCAL_URBAN,133.5,10,93,9.4,PERISHABLE_FOOD,26,COMPLETED
DSP-10927,RT-HUB_-LOC-07,HUB_N,2025-08-21 12:13:00,LOCAL_URBAN,128.4,10,102,9.17,PHARMA_GDP,25,COMPLETED
DSP-10928,RT-ALLE-REG-08,ALLENTOWN_PA,2025-08-21T07:51:00Z,REGIONAL_DISTRIB,274.7,4,73,7.87,PERISHABLE_FOOD,26,COMPLETED
DSP-10929,RT-ALLE-LIN-09,ALLENTOWN_PA,08/22/2025 07:04,LINEHAUL_CORRIDOR,444.4,2,32,9.21,PHARMA_GDP,26,COMPLETED
DSP-10930,RT-HUB_-LOC-10,HUB_01,2025-08-22 16:05:00,LOCAL_URBAN,124.2,10,99,8.98,PHARMA_GDP,24,COMPLETED
DSP-10931,RT-ALLE-REG-11,ALLENTOWN_PA,2025-08-22T09:43:00Z,REGIONAL_DISTRIB,261.2,4,57,7.55,PERISHABLE_FOOD,26,COMPLETED
DSP-10932,RT-ALLE-REG-12,ALLENTOWN_PA,08/22/2025 11:55,REGIONAL_DISTRIB,280.5,5,71,8.35,PHARMA_GDP,26,COMPLETED
DSP-10933,RT-HUB_-LOC-13,HUB_N,2025-08-23 08:25:00,LOCAL_URBAN,120.5,7,104,7.81,PERISHABLE_FOOD,24,COMPLETED
DSP-10934,RT-HUB_-REG-14,HUB_01,2025-08-23T14:42:00Z,REGIONAL_DISTRIB,289.9,4,74,8.24,PERISHABLE_FOOD,26,COMPLETED
DSP-10935,RT-ALLE-REG-15,ALLENTOWN_PA,08/23/2025 15:21,REGIONAL_DISTRIB,269.1,4,69,7.74,PHARMA_GDP,26,COMPLETED
DSP-10936,RT-HUB_-LIN-16,HUB_01,2025-08-23 10:11:00,LINEHAUL_CORRIDOR,462.8,2,34,9.57,PERISHABLE_FOOD,26,COMPLETED
DSP-10937,RT-HUB_-LOC-17,HUB_01,2025-08-24T11:45:00Z,LOCAL_URBAN,131.1,9,105,8.96,PERISHABLE_FOOD,24,COMPLETED
DSP-10938,RT-ALLE-REG-18,ALLENTOWN_PA,08/24/2025 12:14,REGIONAL_DISTRIB,280.6,6,60,8.68,PERISHABLE_FOOD,26,COMPLETED
DSP-10939,RT-HUB_-LIN-19,HUB_N,2025-08-24 17:16:00,LINEHAUL_CORRIDOR,419.5,3,37,9.07,PHARMA_GDP,26,COMPLETED
DSP-10940,RT-HUB_-LIN-20,HUB_N,2025-08-24T17:36:00Z,LINEHAUL_CORRIDOR,434.7,3,23,9.36,PERISHABLE_FOOD,26,COMPLETED
DSP-10941,RT-HUB_-LOC-21,HUB_01,08/25/2025 07:10,LOCAL_URBAN,114.1,8,112,7.85,PHARMA_GDP,24,COMPLETED
DSP-10942,RT-ALLE-REG-22,ALLENTOWN_PA,2025-08-25 05:46:00,REGIONAL_DISTRIB,275.5,5,82,8.23,PHARMA_GDP,26,COMPLETED
DSP-10943,RT-HUB_-LOC-23,HUB_N,2025-08-25T15:45:00Z,LOCAL_URBAN,128.7,10,109,9.18,PHARMA_GDP,26,COMPLETED
DSP-10944,RT-HUB_-LOC-24,HUB_01,08/25/2025 06:41,LOCAL_URBAN,130.5,8,90,8.6,PERISHABLE_FOOD,26,COMPLETED
DSP-10945,RT-ALLE-REG-25,ALLENTOWN_PA,2025-08-26 07:58:00,REGIONAL_DISTRIB,267.6,6,79,8.37,PHARMA_GDP,26,COMPLETED
DSP-10946,RT-HUB_-REG-26,HUB_N,2025-08-26T16:21:00Z,REGIONAL_DISTRIB,300.2,6,61,9.15,PERISHABLE_FOOD,26,COMPLETED
DSP-10947,RT-ALLE-REG-27,ALLENTOWN_PA,08/26/2025 14:30,REGIONAL_DISTRIB,300.4,5,77,8.82,PHARMA_GDP,26,COMPLETED
DSP-10948,RT-HUB_-REG-28,HUB_01,2025-08-26 05:56:00,REGIONAL_DISTRIB,301.8,5,84,8.85,PHARMA_GDP,26,COMPLETED
DSP-10949,RT-HUB_-LOC-29,HUB_N,2025-08-27T18:23:00Z,LOCAL_URBAN,114.8,7,94,7.55,PERISHABLE_FOOD,24,COMPLETED
DSP-10950,RT-HUB_-REG-30,HUB_N,08/27/2025 14:10,REGIONAL_DISTRIB,262.0,6,58,8.24,PERISHABLE_FOOD,26,COMPLETED
DSP-10951,RT-HUB_-LIN-31,HUB_N,2025-08-27 10:50:00,LINEHAUL_CORRIDOR,433.7,2,23,9.01,PHARMA_GDP,26,COMPLETED
DSP-10952,RT-HUB_-REG-32,HUB_01,2025-08-27T16:09:00Z,REGIONAL_DISTRIB,260.5,4,69,7.54,PHARMA_GDP,26,COMPLETED
DSP-10953,RT-HUB_-LIN-33,HUB_N,08/28/2025 17:04,LINEHAUL_CORRIDOR,434.7,3,35,9.36,PERISHABLE_FOOD,26,COMPLETED
DSP-10954,RT-ALLE-LOC-34,ALLENTOWN_PA,2025-08-28 07:51:00,LOCAL_URBAN,134.0,9,104,9.09,PERISHABLE_FOOD,26,COMPLETED
DSP-10955,RT-ALLE-LOC-35,ALLENTOWN_PA,2025-08-28T14:58:00Z,LOCAL_URBAN,131.3,10,84,9.3,PHARMA_GDP,26,COMPLETED
DSP-10956,RT-ALLE-REG-36,ALLENTOWN_PA,08/28/2025 09:45,REGIONAL_DISTRIB,282.7,6,55,8.73,PHARMA_GDP,26,COMPLETED
DSP-10957,RT-HUB_-REG-37,HUB_N,2025-08-29 11:43:00,REGIONAL_DISTRIB,262.7,5,70,7.92,PHARMA_GDP,26,COMPLETED
DSP-10958,RT-HUB_-LIN-38,HUB_N,2025-08-29T16:20:00Z,LINEHAUL_CORRIDOR,445.9,2,30,9.24,PHARMA_GDP,26,COMPLETED
DSP-10959,RT-ALLE-REG-39,ALLENTOWN_PA,08/29/2025 10:45,REGIONAL_DISTRIB,278.7,5,79,8.3,PHARMA_GDP,26,COMPLETED
DSP-10960,RT-HUB_-LIN-40,HUB_N,2025-08-29 13:50:00,LINEHAUL_CORRIDOR,449.9,1,27,8.99,PERISHABLE_FOOD,26,COMPLETED
DSP-10961,RT-ALLE-LOC-01,ALLENTOWN_PA,2025-08-30T08:38:00Z,LOCAL_URBAN,131.7,7,92,8.32,PHARMA_GDP,24,COMPLETED
DSP-10962,RT-ALLE-REG-02,ALLENTOWN_PA,08/30/2025 16:59,REGIONAL_DISTRIB,295.8,4,62,8.38,PERISHABLE_FOOD,26,COMPLETED
DSP-10963,RT-ALLE-LOC-03,ALLENTOWN_PA,2025-08-30 15:42:00,LOCAL_URBAN,120.6,8,99,8.15,PHARMA_GDP,25,COMPLETED
DSP-10964,RT-HUB_-LOC-04,HUB_01,2025-08-30T12:02:00Z,LOCAL_URBAN,134.3,10,104,9.44,PHARMA_GDP,25,COMPLETED
DSP-10965,RT-HUB_-REG-05,HUB_01,08/31/2025 07:18,REGIONAL_DISTRIB,296.9,5,55,8.74,PERISHABLE_FOOD,26,COMPLETED
DSP-10966,RT-HUB_-REG-06,HUB_01,2025-08-31 09:59:00,REGIONAL_DISTRIB,266.9,6,60,8.35,PHARMA_GDP,26,COMPLETED
DSP-10967,RT-ALLE-REG-07,ALLENTOWN_PA,2025-08-31T08:30:00Z,REGIONAL_DISTRIB,263.2,4,77,7.6,PERISHABLE_FOOD,26,VOID_TEST
DSP-10968,RT-ALLE-REG-08,ALLENTOWN_PA,08/31/2025 16:53,REGIONAL_DISTRIB,276.8,5,84,8.26,PHARMA_GDP,26,COMPLETED
DSP-10969,RT-HUB_-REG-09,HUB_01,2025-09-01 12:29:00,REGIONAL_DISTRIB,286.5,5,83,8.49,PHARMA_GDP,26,COMPLETED
DSP-10970,RT-HUB_-REG-10,HUB_N,2025-09-01T16:14:00Z,REGIONAL_DISTRIB,303.1,6,66,9.22,PERISHABLE_FOOD,26,COMPLETED
DSP-10971,RT-HUB_-REG-11,HUB_N,09/01/2025 11:10,REGIONAL_DISTRIB,301.7,6,62,9.18,PHARMA_GDP,26,COMPLETED
DSP-10972,RT-HUB_-REG-12,HUB_N,2025-09-01 09:45:00,REGIONAL_DISTRIB,289.0,5,74,8.55,PERISHABLE_FOOD,26,COMPLETED
DSP-10973,RT-ALLE-REG-13,ALLENTOWN_PA,2025-09-02T12:15:00Z,REGIONAL_DISTRIB,260.6,4,75,7.54,PERISHABLE_FOOD,26,COMPLETED
DSP-10974,RT-HUB_-REG-14,HUB_N,09/02/2025 16:49,REGIONAL_DISTRIB,268.5,5,60,8.06,PERISHABLE_FOOD,26,COMPLETED
DSP-10975,RT-ALLE-REG-15,ALLENTOWN_PA,2025-09-02 07:10:00,REGIONAL_DISTRIB,277.2,5,78,8.27,PHARMA_GDP,26,COMPLETED
DSP-10976,RT-HUB_-REG-16,HUB_01,2025-09-02T05:40:00Z,REGIONAL_DISTRIB,272.1,4,84,7.81,PERISHABLE_FOOD,26,COMPLETED
DSP-10977,RT-HUB_-LOC-17,HUB_N,09/03/2025 16:57,LOCAL_URBAN,129.3,10,113,9.21,PHARMA_GDP,25,COMPLETED
DSP-10978,RT-HUB_-LOC-18,HUB_01,2025-09-03 13:06:00,LOCAL_URBAN,113.4,10,91,8.49,PERISHABLE_FOOD,24,COMPLETED
DSP-10979,RT-HUB_-LOC-19,HUB_N,2025-09-03T13:10:00Z,LOCAL_URBAN,128.7,8,96,8.52,PERISHABLE_FOOD,25,COMPLETED
DSP-10980,RT-HUB_-LIN-20,HUB_N,09/03/2025 06:51,LINEHAUL_CORRIDOR,420.0,2,22,8.74,PHARMA_GDP,26,COMPLETED
DSP-10981,RT-HUB_-REG-21,HUB_N,2025-09-04 16:07:00,REGIONAL_DISTRIB,290.3,4,55,8.25,PHARMA_GDP,26,COMPLETED
DSP-10982,RT-HUB_-LOC-22,HUB_N,2025-09-04T13:00:00Z,LOCAL_URBAN,123.1,7,104,7.93,PERISHABLE_FOOD,25,COMPLETED
DSP-10983,RT-ALLE-LOC-23,ALLENTOWN_PA,09/04/2025 15:55,LOCAL_URBAN,119.3,9,100,8.42,PERISHABLE_FOOD,25,COMPLETED
DSP-10984,RT-HUB_-LIN-24,HUB_N,2025-09-04 17:23:00,LINEHAUL_CORRIDOR,462.4,1,20,9.23,PERISHABLE_FOOD,26,COMPLETED
DSP-10985,RT-HUB_-LOC-25,HUB_N,2025-09-05T16:12:00Z,LOCAL_URBAN,113.1,9,95,8.14,PHARMA_GDP,26,COMPLETED
DSP-10986,RT-ALLE-LOC-26,ALLENTOWN_PA,09/05/2025 18:17,LOCAL_URBAN,114.7,9,81,8.21,PERISHABLE_FOOD,24,COMPLETED
DSP-10987,RT-HUB_-LOC-27,HUB_01,2025-09-05 16:24:00,LOCAL_URBAN,122.1,7,102,7.88,PERISHABLE_FOOD,25,COMPLETED
DSP-10988,RT-HUB_-REG-28,HUB_N,2025-09-05T08:01:00Z,REGIONAL_DISTRIB,273.2,4,77,7.84,PHARMA_GDP,26,COMPLETED
DSP-10989,RT-HUB_-REG-29,HUB_01,09/06/2025 13:12,REGIONAL_DISTRIB,304.8,5,60,8.92,PERISHABLE_FOOD,26,COMPLETED
DSP-10990,RT-HUB_-LOC-30,HUB_N,2025-09-06 05:40:00,LOCAL_URBAN,128.8,7,86,8.19,PERISHABLE_FOOD,26,COMPLETED
DSP-10991,RT-HUB_-LIN-31,HUB_01,2025-09-06T15:38:00Z,LINEHAUL_CORRIDOR,456.0,1,28,9.1,PERISHABLE_FOOD,26,COMPLETED
DSP-10992,RT-ALLE-REG-32,ALLENTOWN_PA,09/06/2025 15:51,REGIONAL_DISTRIB,264.1,6,65,8.29,PERISHABLE_FOOD,26,COMPLETED
DSP-10993,RT-ALLE-REG-33,ALLENTOWN_PA,2025-09-07 17:44:00,REGIONAL_DISTRIB,292.6,6,75,8.97,PERISHABLE_FOOD,26,COMPLETED
DSP-10994,RT-HUB_-LOC-34,HUB_N,2025-09-07T14:53:00Z,LOCAL_URBAN,112.8,9,92,8.13,PERISHABLE_FOOD,24,COMPLETED
DSP-10995,RT-HUB_-LIN-35,HUB_01,09/07/2025 11:57,LINEHAUL_CORRIDOR,444.6,1,29,8.88,PHARMA_GDP,26,COMPLETED
DSP-10996,RT-HUB_-REG-36,HUB_01,2025-09-07 06:55:00,REGIONAL_DISTRIB,302.0,4,71,8.52,PERISHABLE_FOOD,26,VOID_TEST
DSP-10997,RT-HUB_-LOC-37,HUB_01,2025-09-08T08:08:00Z,LOCAL_URBAN,130.4,9,94,8.93,PERISHABLE_FOOD,25,COMPLETED
DSP-10998,RT-ALLE-REG-38,ALLENTOWN_PA,09/08/2025 14:14,REGIONAL_DISTRIB,296.1,6,56,9.05,PERISHABLE_FOOD,26,COMPLETED
DSP-10999,RT-ALLE-REG-39,ALLENTOWN_PA,2025-09-08 06:21:00,REGIONAL_DISTRIB,288.4,4,70,8.2,PHARMA_GDP,26,COMPLETED
DSP-11000,RT-ALLE-LOC-40,ALLENTOWN_PA,2025-09-08T13:16:00Z,LOCAL_URBAN,128.3,8,83,8.5,PERISHABLE_FOOD,24,COMPLETED
DSP-11001,RT-ALLE-LIN-01,ALLENTOWN_PA,09/09/2025 16:00,LINEHAUL_CORRIDOR,419.6,1,37,8.4,PHARMA_GDP,26,COMPLETED
DSP-11002,RT-HUB_-LOC-02,HUB_01,2025-09-09 17:24:00,LOCAL_URBAN,123.2,9,98,8.6,PERISHABLE_FOOD,24,COMPLETED
DSP-11003,RT-HUB_-LOC-03,HUB_N,2025-09-09T14:38:00Z,LOCAL_URBAN,128.8,7,99,8.19,PERISHABLE_FOOD,24,COMPLETED
DSP-11004,RT-HUB_-LOC-04,HUB_01,09/09/2025 11:16,LOCAL_URBAN,113.6,8,92,7.83,PERISHABLE_FOOD,24,COMPLETED
DSP-11005,RT-HUB_-REG-05,HUB_N,2025-09-10 16:23:00,REGIONAL_DISTRIB,304.5,4,67,8.58,PERISHABLE_FOOD,26,COMPLETED
DSP-11006,RT-HUB_-LOC-06,HUB_N,2025-09-10T15:51:00Z,LOCAL_URBAN,134.4,8,83,8.78,PHARMA_GDP,26,COMPLETED
DSP-11007,RT-HUB_-REG-07,HUB_N,09/10/2025 10:14,REGIONAL_DISTRIB,278.2,4,58,7.96,PHARMA_GDP,26,COMPLETED
DSP-11008,RT-HUB_-REG-08,HUB_N,2025-09-10 17:59:00,REGIONAL_DISTRIB,276.9,6,80,8.59,PERISHABLE_FOOD,26,COMPLETED
DSP-11009,RT-ALLE-LOC-09,ALLENTOWN_PA,2025-09-11T06:37:00Z,LOCAL_URBAN,125.8,10,103,9.05,PHARMA_GDP,24,COMPLETED
DSP-11010,RT-ALLE-LIN-10,ALLENTOWN_PA,09/11/2025 10:14,LINEHAUL_CORRIDOR,423.5,3,38,9.14,PERISHABLE_FOOD,26,COMPLETED
DSP-11011,RT-ALLE-LOC-11,ALLENTOWN_PA,2025-09-11 10:34:00,LOCAL_URBAN,122.1,10,99,8.88,PERISHABLE_FOOD,24,COMPLETED
DSP-11012,RT-ALLE-LOC-12,ALLENTOWN_PA,2025-09-11T18:21:00Z,LOCAL_URBAN,130.3,7,105,8.26,PERISHABLE_FOOD,26,COMPLETED
DSP-11013,RT-HUB_-REG-13,HUB_N,09/12/2025 18:18,REGIONAL_DISTRIB,286.3,6,81,8.82,PERISHABLE_FOOD,26,COMPLETED
DSP-11014,RT-ALLE-LIN-14,ALLENTOWN_PA,2025-09-12 17:50:00,LINEHAUL_CORRIDOR,420.8,3,25,9.09,PHARMA_GDP,26,COMPLETED
DSP-11015,RT-HUB_-REG-15,HUB_N,2025-09-12T06:37:00Z,REGIONAL_DISTRIB,289.4,4,72,8.22,PHARMA_GDP,26,COMPLETED
DSP-11016,RT-HUB_-LIN-16,HUB_01,09/12/2025 14:27,LINEHAUL_CORRIDOR,420.3,3,20,9.08,PHARMA_GDP,26,COMPLETED
DSP-11017,RT-ALLE-REG-17,ALLENTOWN_PA,2025-09-13 15:04:00,REGIONAL_DISTRIB,266.3,5,77,8.01,PHARMA_GDP,26,COMPLETED
DSP-11018,RT-ALLE-LOC-18,ALLENTOWN_PA,2025-09-13T08:38:00Z,LOCAL_URBAN,130.5,8,82,8.6,PHARMA_GDP,25,COMPLETED
DSP-11019,RT-HUB_-REG-19,HUB_N,09/13/2025 09:54,REGIONAL_DISTRIB,272.5,6,74,8.49,PERISHABLE_FOOD,26,COMPLETED
DSP-11020,RT-HUB_-LOC-20,HUB_N,2025-09-13 13:43:00,LOCAL_URBAN,112.1,9,107,8.1,PERISHABLE_FOOD,24,COMPLETED
DSP-11021,RT-ALLE-LOC-21,ALLENTOWN_PA,2025-09-14T14:08:00Z,LOCAL_URBAN,125.8,8,103,8.38,PERISHABLE_FOOD,26,COMPLETED
DSP-11022,RT-HUB_-LOC-22,HUB_N,09/14/2025 06:47,LOCAL_URBAN,129.7,10,81,9.23,PERISHABLE_FOOD,24,COMPLETED
DSP-11023,RT-HUB_-REG-23,HUB_N,2025-09-14 17:47:00,REGIONAL_DISTRIB,278.3,5,75,8.29,PHARMA_GDP,26,COMPLETED
DSP-11024,RT-HUB_-LOC-24,HUB_N,2025-09-14T08:03:00Z,LOCAL_URBAN,112.4,8,104,7.78,PERISHABLE_FOOD,24,COMPLETED
DSP-11025,RT-HUB_-REG-25,HUB_01,09/15/2025 13:47,REGIONAL_DISTRIB,296.3,4,71,8.39,PHARMA_GDP,26,COMPLETED
DSP-11026,RT-HUB_-LOC-26,HUB_N,2025-09-15 16:20:00,LOCAL_URBAN,133.7,10,91,9.41,PHARMA_GDP,26,COMPLETED
DSP-11027,RT-ALLE-LIN-27,ALLENTOWN_PA,2025-09-15T15:38:00Z,LINEHAUL_CORRIDOR,434.2,3,24,9.35,PHARMA_GDP,26,COMPLETED
DSP-11028,RT-ALLE-REG-28,ALLENTOWN_PA,09/15/2025 16:08,REGIONAL_DISTRIB,262.4,6,75,8.25,PERISHABLE_FOOD,26,COMPLETED
DSP-11029,RT-HUB_-LOC-29,HUB_01,2025-09-16 14:15:00,LOCAL_URBAN,134.7,10,112,9.46,PHARMA_GDP,25,COMPLETED
DSP-11030,RT-HUB_-LOC-30,HUB_N,2025-09-16T15:35:00Z,LOCAL_URBAN,131.4,9,106,8.97,PERISHABLE_FOOD,24,COMPLETED
DSP-11031,RT-HUB_-LIN-31,HUB_N,09/16/2025 18:25,LINEHAUL_CORRIDOR,419.9,1,22,8.41,PERISHABLE_FOOD,26,VOID_TEST
DSP-11032,RT-HUB_-REG-32,HUB_01,2025-09-16 11:30:00,REGIONAL_DISTRIB,302.0,4,70,8.52,PERISHABLE_FOOD,26,COMPLETED
DSP-11033,RT-ALLE-LOC-33,ALLENTOWN_PA,2025-09-17T14:13:00Z,LOCAL_URBAN,120.6,9,95,8.48,PERISHABLE_FOOD,26,COMPLETED
DSP-11034,RT-ALLE-LOC-34,ALLENTOWN_PA,09/17/2025 13:52,LOCAL_URBAN,114.2,8,91,7.86,PHARMA_GDP,24,COMPLETED
DSP-11035,RT-HUB_-REG-35,HUB_01,2025-09-17 14:24:00,REGIONAL_DISTRIB,267.7,4,65,7.71,PERISHABLE_FOOD,26,COMPLETED
DSP-11036,RT-HUB_-LOC-36,HUB_N,2025-09-17T14:55:00Z,LOCAL_URBAN,122.1,9,93,8.55,PHARMA_GDP,26,COMPLETED
DSP-11037,RT-HUB_-LIN-37,HUB_01,09/18/2025 05:52,LINEHAUL_CORRIDOR,467.5,3,21,9.99,PERISHABLE_FOOD,26,VOID_TEST
DSP-11038,RT-HUB_-LOC-38,HUB_01,2025-09-18 11:52:00,LOCAL_URBAN,118.8,7,102,7.73,PERISHABLE_FOOD,24,VOID_TEST
DSP-11039,RT-HUB_-REG-39,HUB_01,2025-09-18T12:30:00Z,REGIONAL_DISTRIB,263.8,6,83,8.28,PHARMA_GDP,26,COMPLETED
DSP-11040,RT-ALLE-LOC-40,ALLENTOWN_PA,09/18/2025 14:21,LOCAL_URBAN,121.8,9,99,8.54,PHARMA_GDP,24,COMPLETED
DSP-11041,RT-HUB_-REG-01,HUB_01,2025-09-19 11:26:00,REGIONAL_DISTRIB,279.8,4,66,8.0,PERISHABLE_FOOD,26,COMPLETED
DSP-11042,RT-HUB_-LOC-02,HUB_N,2025-09-19T05:40:00Z,LOCAL_URBAN,117.1,8,105,7.99,PERISHABLE_FOOD,25,COMPLETED
DSP-11043,RT-HUB_-LIN-03,HUB_01,09/19/2025 18:13,LINEHAUL_CORRIDOR,469.0,1,33,9.35,PERISHABLE_FOOD,26,COMPLETED
DSP-11044,RT-HUB_-REG-04,HUB_01,2025-09-19 07:37:00,REGIONAL_DISTRIB,295.1,5,71,8.69,PERISHABLE_FOOD,26,COMPLETED
DSP-11045,RT-HUB_-LOC-05,HUB_N,2025-09-20T12:08:00Z,LOCAL_URBAN,118.6,7,95,7.72,PHARMA_GDP,25,COMPLETED
DSP-11046,RT-HUB_-REG-06,HUB_01,09/20/2025 17:02,REGIONAL_DISTRIB,272.7,4,79,7.83,PERISHABLE_FOOD,26,COMPLETED
DSP-11047,RT-HUB_-REG-07,HUB_01,2025-09-20 09:00:00,REGIONAL_DISTRIB,298.9,6,62,9.12,PERISHABLE_FOOD,26,COMPLETED
DSP-11048,RT-HUB_-REG-08,HUB_N,2025-09-20T08:37:00Z,REGIONAL_DISTRIB,282.6,4,61,8.06,PERISHABLE_FOOD,26,COMPLETED
DSP-11049,RT-HUB_-LOC-09,HUB_N,09/21/2025 07:25,LOCAL_URBAN,114.8,8,107,7.88,PHARMA_GDP,24,COMPLETED
DSP-11050,RT-HUB_-REG-10,HUB_01,2025-09-21 06:02:00,REGIONAL_DISTRIB,291.5,4,62,8.27,PHARMA_GDP,26,COMPLETED
DSP-11051,RT-HUB_-LOC-11,HUB_N,2025-09-21T11:27:00Z,LOCAL_URBAN,116.7,9,102,8.3,PERISHABLE_FOOD,24,COMPLETED
DSP-11052,RT-HUB_-LOC-12,HUB_N,09/21/2025 14:36,LOCAL_URBAN,126.5,9,93,8.75,PHARMA_GDP,25,COMPLETED
DSP-11053,RT-HUB_-LIN-13,HUB_01,2025-09-22 16:05:00,LINEHAUL_CORRIDOR,431.8,2,23,8.97,PHARMA_GDP,26,COMPLETED
DSP-11054,RT-HUB_-LOC-14,HUB_N,2025-09-22T15:47:00Z,LOCAL_URBAN,128.5,9,113,8.84,PERISHABLE_FOOD,24,COMPLETED
DSP-11055,RT-HUB_-LOC-15,HUB_01,09/22/2025 08:42,LOCAL_URBAN,112.7,7,82,7.46,PERISHABLE_FOOD,26,COMPLETED
DSP-11056,RT-HUB_-LOC-16,HUB_N,2025-09-22 14:16:00,LOCAL_URBAN,123.7,9,99,8.62,PERISHABLE_FOOD,24,COMPLETED
DSP-11057,RT-HUB_-LOC-17,HUB_N,2025-09-23T13:10:00Z,LOCAL_URBAN,123.8,9,115,8.63,PERISHABLE_FOOD,25,COMPLETED
DSP-11058,RT-HUB_-LOC-18,HUB_01,09/23/2025 07:48,LOCAL_URBAN,120.5,7,90,7.81,PERISHABLE_FOOD,26,COMPLETED
DSP-11059,RT-ALLE-LOC-19,ALLENTOWN_PA,2025-09-23 13:34:00,LOCAL_URBAN,134.3,8,105,8.77,PERISHABLE_FOOD,26,COMPLETED
DSP-11060,RT-ALLE-LOC-20,ALLENTOWN_PA,2025-09-23T08:06:00Z,LOCAL_URBAN,129.5,10,97,9.22,PHARMA_GDP,24,COMPLETED
DSP-11061,RT-ALLE-LOC-21,ALLENTOWN_PA,09/24/2025 09:49,LOCAL_URBAN,133.2,10,112,9.39,PERISHABLE_FOOD,26,COMPLETED
DSP-11062,RT-HUB_-REG-22,HUB_01,2025-09-24 09:32:00,REGIONAL_DISTRIB,284.8,4,62,8.11,PHARMA_GDP,26,COMPLETED
DSP-11063,RT-HUB_-LIN-23,HUB_01,2025-09-24T13:37:00Z,LINEHAUL_CORRIDOR,426.2,1,40,8.53,PERISHABLE_FOOD,26,VOID_TEST
DSP-11064,RT-HUB_-REG-24,HUB_01,09/24/2025 16:38,REGIONAL_DISTRIB,303.7,5,57,8.9,PERISHABLE_FOOD,26,COMPLETED
DSP-11065,RT-ALLE-LOC-25,ALLENTOWN_PA,2025-09-25 07:46:00,LOCAL_URBAN,134.6,7,102,8.45,PHARMA_GDP,25,COMPLETED
DSP-11066,RT-ALLE-REG-26,ALLENTOWN_PA,2025-09-25T15:46:00Z,REGIONAL_DISTRIB,299.1,6,58,9.12,PERISHABLE_FOOD,26,COMPLETED
DSP-11067,RT-ALLE-REG-27,ALLENTOWN_PA,09/25/2025 15:10,REGIONAL_DISTRIB,269.3,5,62,8.08,PHARMA_GDP,26,COMPLETED
DSP-11068,RT-HUB_-LOC-28,HUB_01,2025-09-25 07:01:00,LOCAL_URBAN,115.8,10,103,8.6,PHARMA_GDP,25,COMPLETED
DSP-11069,RT-HUB_-REG-29,HUB_N,2025-09-26T15:48:00Z,REGIONAL_DISTRIB,267.9,6,70,8.38,PERISHABLE_FOOD,26,COMPLETED
DSP-11070,RT-HUB_-LIN-30,HUB_N,09/26/2025 06:57,LINEHAUL_CORRIDOR,459.0,3,39,9.83,PHARMA_GDP,26,COMPLETED
DSP-11071,RT-ALLE-LIN-31,ALLENTOWN_PA,2025-09-26 14:36:00,LINEHAUL_CORRIDOR,416.0,3,24,9.0,PERISHABLE_FOOD,26,COMPLETED
DSP-11072,RT-HUB_-LOC-32,HUB_N,2025-09-26T09:39:00Z,LOCAL_URBAN,110.3,7,88,7.35,PHARMA_GDP,24,COMPLETED
DSP-11073,RT-ALLE-LOC-33,ALLENTOWN_PA,09/27/2025 16:35,LOCAL_URBAN,134.2,7,114,8.43,PERISHABLE_FOOD,25,COMPLETED
DSP-11074,RT-HUB_-REG-34,HUB_01,2025-09-27 08:33:00,REGIONAL_DISTRIB,300.2,4,64,8.48,PHARMA_GDP,26,COMPLETED
DSP-11075,RT-HUB_-REG-35,HUB_01,2025-09-27T14:26:00Z,REGIONAL_DISTRIB,265.5,4,58,7.65,PERISHABLE_FOOD,26,COMPLETED
DSP-11076,RT-HUB_-LOC-36,HUB_N,09/27/2025 15:48,LOCAL_URBAN,115.6,8,107,7.92,PHARMA_GDP,25,COMPLETED
DSP-11077,RT-ALLE-LOC-37,ALLENTOWN_PA,2025-09-28 08:36:00,LOCAL_URBAN,132.1,7,111,8.34,PHARMA_GDP,24,COMPLETED
DSP-11078,RT-HUB_-LOC-38,HUB_01,2025-09-28T06:08:00Z,LOCAL_URBAN,125.4,7,103,8.03,PERISHABLE_FOOD,24,COMPLETED
DSP-11079,RT-HUB_-REG-39,HUB_01,09/28/2025 15:22,REGIONAL_DISTRIB,287.0,6,68,8.83,PHARMA_GDP,26,COMPLETED
DSP-11080,RT-HUB_-LOC-40,HUB_N,2025-09-28 17:34:00,LOCAL_URBAN,122.5,9,96,8.57,PERISHABLE_FOOD,26,COMPLETED
DSP-11081,RT-HUB_-REG-01,HUB_N,2025-09-29T06:37:00Z,REGIONAL_DISTRIB,266.6,4,67,7.68,PERISHABLE_FOOD,26,COMPLETED
DSP-11082,RT-ALLE-LOC-02,ALLENTOWN_PA,09/29/2025 11:01,LOCAL_URBAN,112.3,8,91,7.77,PERISHABLE_FOOD,25,COMPLETED
DSP-11083,RT-ALLE-LIN-03,ALLENTOWN_PA,2025-09-29 11:56:00,LINEHAUL_CORRIDOR,446.1,3,30,9.58,PHARMA_GDP,26,COMPLETED
DSP-11084,RT-ALLE-REG-04,ALLENTOWN_PA,2025-09-29T14:06:00Z,REGIONAL_DISTRIB,284.0,4,67,8.1,PHARMA_GDP,26,COMPLETED
DSP-11085,RT-ALLE-LOC-05,ALLENTOWN_PA,09/30/2025 11:05,LOCAL_URBAN,112.2,9,80,8.1,PHARMA_GDP,24,COMPLETED
DSP-11086,RT-HUB_-LIN-06,HUB_N,2025-09-30 09:59:00,LINEHAUL_CORRIDOR,413.6,2,31,8.62,PERISHABLE_FOOD,26,COMPLETED
DSP-11087,RT-ALLE-LIN-07,ALLENTOWN_PA,2025-09-30T16:38:00Z,LINEHAUL_CORRIDOR,464.8,1,26,9.27,PERISHABLE_FOOD,26,COMPLETED
DSP-11088,RT-ALLE-REG-08,ALLENTOWN_PA,09/30/2025 06:14,REGIONAL_DISTRIB,277.0,4,77,7.93,PERISHABLE_FOOD,26,COMPLETED
DSP-11089,RT-ALLE-LOC-09,ALLENTOWN_PA,2025-10-01 06:45:00,LOCAL_URBAN,130.9,8,81,8.62,PHARMA_GDP,24,COMPLETED
DSP-11090,RT-ALLE-REG-10,ALLENTOWN_PA,2025-10-01T12:56:00Z,REGIONAL_DISTRIB,278.7,4,70,7.97,PERISHABLE_FOOD,26,COMPLETED
DSP-11091,RT-HUB_-REG-11,HUB_01,10/01/2025 15:18,REGIONAL_DISTRIB,291.3,5,58,8.6,PHARMA_GDP,26,COMPLETED
DSP-11092,RT-HUB_-LOC-12,HUB_N,2025-10-01 15:02:00,LOCAL_URBAN,130.8,10,115,9.28,PERISHABLE_FOOD,25,COMPLETED
DSP-11093,RT-HUB_-LOC-13,HUB_N,2025-10-02T16:43:00Z,LOCAL_URBAN,113.9,7,113,7.51,PHARMA_GDP,24,COMPLETED
DSP-11094,RT-HUB_-LOC-14,HUB_N,10/02/2025 15:55,LOCAL_URBAN,114.6,7,109,7.54,PERISHABLE_FOOD,26,COMPLETED
DSP-11095,RT-HUB_-LOC-15,HUB_N,2025-10-02 06:53:00,LOCAL_URBAN,119.3,10,92,8.76,PHARMA_GDP,24,COMPLETED
DSP-11096,RT-HUB_-LOC-16,HUB_01,2025-10-02T18:28:00Z,LOCAL_URBAN,117.1,7,84,7.66,PHARMA_GDP,24,COMPLETED
DSP-11097,RT-ALLE-LOC-17,ALLENTOWN_PA,10/03/2025 14:32,LOCAL_URBAN,133.2,8,97,8.72,PHARMA_GDP,26,COMPLETED
DSP-11098,RT-HUB_-LOC-18,HUB_01,2025-10-03 12:02:00,LOCAL_URBAN,117.9,9,80,8.36,PERISHABLE_FOOD,25,COMPLETED
DSP-11099,RT-HUB_-REG-19,HUB_01,2025-10-03T17:02:00Z,REGIONAL_DISTRIB,303.8,6,76,9.23,PHARMA_GDP,26,COMPLETED
DSP-11100,RT-HUB_-LOC-20,HUB_N,10/03/2025 15:59,LOCAL_URBAN,129.9,10,82,9.24,PHARMA_GDP,24,COMPLETED
DSP-11101,RT-ALLE-LOC-21,ALLENTOWN_PA,2025-10-04 14:03:00,LOCAL_URBAN,128.0,8,89,8.48,PERISHABLE_FOOD,24,COMPLETED
DSP-11102,RT-ALLE-REG-22,ALLENTOWN_PA,2025-10-04T09:53:00Z,REGIONAL_DISTRIB,301.9,5,69,8.85,PERISHABLE_FOOD,26,COMPLETED
DSP-11103,RT-HUB_-LOC-23,HUB_01,10/04/2025 14:34,LOCAL_URBAN,127.8,10,95,9.14,PHARMA_GDP,26,COMPLETED
DSP-11104,RT-ALLE-REG-24,ALLENTOWN_PA,2025-10-04 14:25:00,REGIONAL_DISTRIB,282.4,4,59,8.06,PERISHABLE_FOOD,26,COMPLETED
DSP-11105,RT-HUB_-REG-25,HUB_N,2025-10-05T10:06:00Z,REGIONAL_DISTRIB,280.5,4,84,8.01,PHARMA_GDP,26,COMPLETED
DSP-11106,RT-HUB_-LOC-26,HUB_N,10/05/2025 18:26,LOCAL_URBAN,127.8,10,96,9.14,PERISHABLE_FOOD,25,COMPLETED
DSP-11107,RT-HUB_-LIN-27,HUB_N,2025-10-05 11:56:00,LINEHAUL_CORRIDOR,468.3,2,21,9.67,PHARMA_GDP,26,COMPLETED
DSP-11108,RT-ALLE-LOC-28,ALLENTOWN_PA,2025-10-05T13:58:00Z,LOCAL_URBAN,119.2,9,103,8.42,PHARMA_GDP,25,COMPLETED
DSP-11109,RT-ALLE-LOC-29,ALLENTOWN_PA,10/06/2025 05:39,LOCAL_URBAN,134.4,7,95,8.44,PERISHABLE_FOOD,26,COMPLETED
DSP-11110,RT-HUB_-LOC-30,HUB_01,2025-10-06 15:35:00,LOCAL_URBAN,124.3,7,94,7.98,PHARMA_GDP,25,COMPLETED
DSP-11111,RT-HUB_-REG-31,HUB_01,2025-10-06T12:19:00Z,REGIONAL_DISTRIB,300.5,5,58,8.82,PHARMA_GDP,26,COMPLETED
DSP-11112,RT-HUB_-LOC-32,HUB_01,10/06/2025 06:47,LOCAL_URBAN,117.9,10,93,8.69,PERISHABLE_FOOD,25,COMPLETED
DSP-11113,RT-ALLE-LOC-33,ALLENTOWN_PA,2025-10-07 17:54:00,LOCAL_URBAN,121.7,8,100,8.2,PERISHABLE_FOOD,26,COMPLETED
DSP-11114,RT-HUB_-REG-34,HUB_01,2025-10-07T18:13:00Z,REGIONAL_DISTRIB,304.0,4,56,8.57,PHARMA_GDP,26,COMPLETED
DSP-11115,RT-HUB_-REG-35,HUB_01,10/07/2025 16:58,REGIONAL_DISTRIB,263.8,4,63,7.61,PHARMA_GDP,26,COMPLETED
DSP-11116,RT-ALLE-LOC-36,ALLENTOWN_PA,2025-10-07 11:18:00,LOCAL_URBAN,132.3,8,83,8.68,PHARMA_GDP,25,COMPLETED
DSP-11117,RT-HUB_-LOC-37,HUB_N,2025-10-08T16:57:00Z,LOCAL_URBAN,120.5,10,114,8.81,PERISHABLE_FOOD,24,COMPLETED
DSP-11118,RT-ALLE-REG-38,ALLENTOWN_PA,10/08/2025 07:16,REGIONAL_DISTRIB,297.0,6,80,9.07,PERISHABLE_FOOD,26,COMPLETED
DSP-11119,RT-ALLE-LOC-39,ALLENTOWN_PA,2025-10-08 08:01:00,LOCAL_URBAN,126.6,9,80,8.75,PHARMA_GDP,25,COMPLETED
DSP-11120,RT-HUB_-REG-40,HUB_N,2025-10-08T08:10:00Z,REGIONAL_DISTRIB,290.3,5,71,8.58,PERISHABLE_FOOD,26,COMPLETED
DSP-11121,RT-ALLE-LOC-01,ALLENTOWN_PA,10/09/2025 14:54,LOCAL_URBAN,115.5,8,106,7.92,PERISHABLE_FOOD,24,COMPLETED
DSP-11122,RT-HUB_-LIN-02,HUB_N,2025-10-09 05:49:00,LINEHAUL_CORRIDOR,468.3,3,20,10.01,PHARMA_GDP,26,COMPLETED
DSP-11123,RT-ALLE-REG-03,ALLENTOWN_PA,2025-10-09T11:52:00Z,REGIONAL_DISTRIB,265.6,5,75,7.99,PERISHABLE_FOOD,26,COMPLETED
DSP-11124,RT-ALLE-LOC-04,ALLENTOWN_PA,10/09/2025 11:53,LOCAL_URBAN,134.4,9,87,9.11,PERISHABLE_FOOD,25,COMPLETED
DSP-11125,RT-ALLE-LOC-05,ALLENTOWN_PA,2025-10-10 15:29:00,LOCAL_URBAN,120.9,9,107,8.5,PERISHABLE_FOOD,26,COMPLETED
DSP-11126,RT-HUB_-LIN-06,HUB_N,2025-10-10T07:01:00Z,LINEHAUL_CORRIDOR,458.4,1,22,9.15,PERISHABLE_FOOD,26,COMPLETED
DSP-11127,RT-ALLE-LIN-07,ALLENTOWN_PA,10/10/2025 15:48,LINEHAUL_CORRIDOR,416.0,2,36,8.67,PERISHABLE_FOOD,26,COMPLETED
DSP-11128,RT-HUB_-LOC-08,HUB_N,2025-10-10 06:52:00,LOCAL_URBAN,121.4,10,87,8.85,PHARMA_GDP,25,COMPLETED
DSP-11129,RT-HUB_-LOC-09,HUB_01,2025-10-11T13:48:00Z,LOCAL_URBAN,130.5,10,80,9.27,PERISHABLE_FOOD,24,COMPLETED
DSP-11130,RT-ALLE-LOC-10,ALLENTOWN_PA,10/11/2025 05:30,LOCAL_URBAN,131.0,10,95,9.29,PHARMA_GDP,25,COMPLETED
DSP-11131,RT-HUB_-REG-11,HUB_01,2025-10-11 14:57:00,REGIONAL_DISTRIB,283.4,6,74,8.75,PHARMA_GDP,26,COMPLETED
DSP-11132,RT-HUB_-LOC-12,HUB_01,2025-10-11T12:16:00Z,LOCAL_URBAN,126.1,7,107,8.07,PHARMA_GDP,26,COMPLETED
DSP-11133,RT-HUB_-REG-13,HUB_01,10/12/2025 16:06,REGIONAL_DISTRIB,279.7,4,77,7.99,PERISHABLE_FOOD,26,COMPLETED
DSP-11134,RT-ALLE-LIN-14,ALLENTOWN_PA,2025-10-12 05:57:00,LINEHAUL_CORRIDOR,460.2,1,30,9.18,PHARMA_GDP,26,VOID_TEST
DSP-11135,RT-ALLE-LOC-15,ALLENTOWN_PA,2025-10-12T07:59:00Z,LOCAL_URBAN,125.5,7,104,8.04,PHARMA_GDP,26,COMPLETED
DSP-11136,RT-HUB_-LOC-16,HUB_01,10/12/2025 17:19,LOCAL_URBAN,126.3,8,99,8.41,PHARMA_GDP,24,COMPLETED
DSP-11137,RT-HUB_-REG-17,HUB_01,2025-10-13 16:07:00,REGIONAL_DISTRIB,289.7,5,57,8.56,PERISHABLE_FOOD,26,COMPLETED
DSP-11138,RT-HUB_-REG-18,HUB_N,2025-10-13T06:34:00Z,REGIONAL_DISTRIB,286.8,4,59,8.16,PHARMA_GDP,26,COMPLETED
DSP-11139,RT-HUB_-LIN-19,HUB_01,10/13/2025 07:01,LINEHAUL_CORRIDOR,422.5,1,35,8.46,PERISHABLE_FOOD,26,COMPLETED
DSP-11140,RT-HUB_-LOC-20,HUB_N,2025-10-13 09:30:00,LOCAL_URBAN,120.5,9,108,8.48,PERISHABLE_FOOD,24,COMPLETED
DSP-11141,RT-ALLE-REG-21,ALLENTOWN_PA,2025-10-14T13:09:00Z,REGIONAL_DISTRIB,287.3,4,58,8.17,PERISHABLE_FOOD,26,COMPLETED
DSP-11142,RT-HUB_-LOC-22,HUB_N,10/14/2025 06:03,LOCAL_URBAN,128.5,7,92,8.17,PERISHABLE_FOOD,26,COMPLETED
DSP-11143,RT-HUB_-LOC-23,HUB_N,2025-10-14 07:16:00,LOCAL_URBAN,119.1,8,81,8.08,PHARMA_GDP,24,COMPLETED
DSP-11144,RT-HUB_-LOC-24,HUB_N,2025-10-14T09:59:00Z,LOCAL_URBAN,122.0,7,102,7.88,PERISHABLE_FOOD,26,COMPLETED
DSP-11145,RT-HUB_-LOC-25,HUB_01,10/15/2025 16:47,LOCAL_URBAN,133.7,8,96,8.74,PHARMA_GDP,26,COMPLETED
DSP-11146,RT-HUB_-REG-26,HUB_N,2025-10-15 12:26:00,REGIONAL_DISTRIB,294.5,5,60,8.68,PERISHABLE_FOOD,26,COMPLETED
DSP-11147,RT-ALLE-REG-27,ALLENTOWN_PA,2025-10-15T09:06:00Z,REGIONAL_DISTRIB,296.7,6,58,9.06,PERISHABLE_FOOD,26,COMPLETED
DSP-11148,RT-ALLE-REG-28,ALLENTOWN_PA,10/15/2025 10:08,REGIONAL_DISTRIB,280.2,4,85,8.0,PERISHABLE_FOOD,26,COMPLETED
DSP-11149,RT-ALLE-LIN-29,ALLENTOWN_PA,2025-10-16 12:20:00,LINEHAUL_CORRIDOR,441.8,2,20,9.16,PHARMA_GDP,26,COMPLETED
DSP-11150,RT-HUB_-LOC-30,HUB_N,2025-10-16T05:50:00Z,LOCAL_URBAN,126.4,9,89,8.75,PERISHABLE_FOOD,24,COMPLETED
DSP-11151,RT-ALLE-LOC-31,ALLENTOWN_PA,10/16/2025 10:08,LOCAL_URBAN,121.6,9,94,8.53,PERISHABLE_FOOD,25,COMPLETED
DSP-11152,RT-HUB_-LOC-32,HUB_N,2025-10-16 11:22:00,LOCAL_URBAN,117.0,7,106,7.65,PERISHABLE_FOOD,25,COMPLETED
DSP-11153,RT-HUB_-LOC-33,HUB_N,2025-10-17T12:40:00Z,LOCAL_URBAN,122.3,7,97,7.89,PERISHABLE_FOOD,24,COMPLETED
DSP-11154,RT-ALLE-LOC-34,ALLENTOWN_PA,10/17/2025 06:28,LOCAL_URBAN,124.4,9,81,8.65,PERISHABLE_FOOD,26,COMPLETED
DSP-11155,RT-HUB_-REG-35,HUB_N,2025-10-17 15:31:00,REGIONAL_DISTRIB,278.1,6,84,8.62,PERISHABLE_FOOD,26,COMPLETED
DSP-11156,RT-HUB_-REG-36,HUB_N,2025-10-17T11:35:00Z,REGIONAL_DISTRIB,278.7,5,63,8.3,PHARMA_GDP,26,COMPLETED
DSP-11157,RT-HUB_-REG-37,HUB_01,10/18/2025 16:28,REGIONAL_DISTRIB,262.1,5,77,7.91,PERISHABLE_FOOD,26,COMPLETED
DSP-11158,RT-HUB_-LIN-38,HUB_01,2025-10-18 06:50:00,LINEHAUL_CORRIDOR,416.2,1,21,8.34,PERISHABLE_FOOD,26,COMPLETED
DSP-11159,RT-ALLE-LOC-39,ALLENTOWN_PA,2025-10-18T06:29:00Z,LOCAL_URBAN,114.3,8,103,7.86,PERISHABLE_FOOD,26,COMPLETED
DSP-11160,RT-HUB_-LOC-40,HUB_N,10/18/2025 09:51,LOCAL_URBAN,129.6,7,83,8.22,PERISHABLE_FOOD,24,COMPLETED
DSP-11161,RT-HUB_-LOC-01,HUB_01,2025-10-19 08:18:00,LOCAL_URBAN,114.3,8,109,7.86,PHARMA_GDP,25,COMPLETED
DSP-11162,RT-HUB_-REG-02,HUB_01,2025-10-19T16:01:00Z,REGIONAL_DISTRIB,290.1,6,71,8.91,PHARMA_GDP,26,COMPLETED
DSP-11163,RT-HUB_-REG-03,HUB_01,10/19/2025 11:05,REGIONAL_DISTRIB,281.7,4,63,8.04,PERISHABLE_FOOD,26,COMPLETED
DSP-11164,RT-HUB_-REG-04,HUB_N,2025-10-19 05:43:00,REGIONAL_DISTRIB,293.1,4,77,8.31,PHARMA_GDP,26,VOID_TEST
DSP-11165,RT-HUB_-REG-05,HUB_N,2025-10-20T17:49:00Z,REGIONAL_DISTRIB,277.3,5,58,8.27,PHARMA_GDP,26,COMPLETED
DSP-11166,RT-ALLE-LOC-06,ALLENTOWN_PA,10/20/2025 13:25,LOCAL_URBAN,122.6,8,94,8.24,PERISHABLE_FOOD,25,COMPLETED
DSP-11167,RT-HUB_-REG-07,HUB_N,2025-10-20 15:11:00,REGIONAL_DISTRIB,268.5,5,68,8.06,PHARMA_GDP,26,COMPLETED
DSP-11168,RT-HUB_-LIN-08,HUB_01,2025-10-20T09:31:00Z,LINEHAUL_CORRIDOR,454.7,1,20,9.08,PERISHABLE_FOOD,26,COMPLETED
DSP-11169,RT-ALLE-REG-09,ALLENTOWN_PA,10/21/2025 07:55,REGIONAL_DISTRIB,272.0,6,57,8.48,PHARMA_GDP,26,COMPLETED
DSP-11170,RT-ALLE-LOC-10,ALLENTOWN_PA,2025-10-21 17:29:00,LOCAL_URBAN,121.0,9,86,8.5,PHARMA_GDP,25,COMPLETED
DSP-11171,RT-HUB_-LOC-11,HUB_01,2025-10-21T11:36:00Z,LOCAL_URBAN,114.4,9,113,8.2,PERISHABLE_FOOD,26,COMPLETED
DSP-11172,RT-ALLE-LOC-12,ALLENTOWN_PA,10/21/2025 09:45,LOCAL_URBAN,112.8,7,83,7.46,PERISHABLE_FOOD,26,COMPLETED
DSP-11173,RT-HUB_-LOC-13,HUB_N,2025-10-22 17:22:00,LOCAL_URBAN,132.1,10,105,9.34,PHARMA_GDP,24,COMPLETED
DSP-11174,RT-HUB_-REG-14,HUB_01,2025-10-22T16:30:00Z,REGIONAL_DISTRIB,267.7,4,66,7.71,PERISHABLE_FOOD,26,COMPLETED
DSP-11175,RT-ALLE-LIN-15,ALLENTOWN_PA,10/22/2025 07:50,LINEHAUL_CORRIDOR,447.3,3,29,9.6,PERISHABLE_FOOD,26,COMPLETED
DSP-11176,RT-HUB_-LOC-16,HUB_N,2025-10-22 10:31:00,LOCAL_URBAN,132.5,8,80,8.69,PERISHABLE_FOOD,25,COMPLETED
DSP-11177,RT-HUB_-LIN-17,HUB_01,2025-10-23T14:30:00Z,LINEHAUL_CORRIDOR,420.2,1,39,8.41,PHARMA_GDP,26,COMPLETED
DSP-11178,RT-HUB_-REG-18,HUB_N,10/23/2025 09:03,REGIONAL_DISTRIB,262.0,4,73,7.57,PERISHABLE_FOOD,26,COMPLETED
DSP-11179,RT-HUB_-REG-19,HUB_N,2025-10-23 13:46:00,REGIONAL_DISTRIB,264.5,6,65,8.3,PERISHABLE_FOOD,26,COMPLETED
DSP-11180,RT-HUB_-LOC-20,HUB_01,2025-10-23T18:12:00Z,LOCAL_URBAN,110.3,9,99,8.01,PERISHABLE_FOOD,26,COMPLETED
DSP-11181,RT-ALLE-REG-21,ALLENTOWN_PA,10/24/2025 12:24,REGIONAL_DISTRIB,272.1,6,78,8.48,PERISHABLE_FOOD,26,COMPLETED
DSP-11182,RT-HUB_-LOC-22,HUB_N,2025-10-24 09:28:00,LOCAL_URBAN,110.8,10,103,8.37,PHARMA_GDP,24,COMPLETED
DSP-11183,RT-ALLE-LOC-23,ALLENTOWN_PA,2025-10-24T11:26:00Z,LOCAL_URBAN,116.8,10,113,8.64,PHARMA_GDP,26,COMPLETED
DSP-11184,RT-ALLE-LOC-24,ALLENTOWN_PA,10/24/2025 16:51,LOCAL_URBAN,134.8,9,92,9.13,PHARMA_GDP,26,COMPLETED
DSP-11185,RT-HUB_-LOC-25,HUB_N,2025-10-25 13:29:00,LOCAL_URBAN,121.4,9,98,8.52,PHARMA_GDP,24,COMPLETED
DSP-11186,RT-HUB_-REG-26,HUB_01,2025-10-25T10:01:00Z,REGIONAL_DISTRIB,283.5,5,74,8.42,PERISHABLE_FOOD,26,COMPLETED
DSP-11187,RT-HUB_-LOC-27,HUB_01,10/25/2025 05:57,LOCAL_URBAN,111.0,9,87,8.05,PHARMA_GDP,25,COMPLETED
DSP-11188,RT-HUB_-LOC-28,HUB_N,2025-10-25 07:35:00,LOCAL_URBAN,113.4,9,112,8.15,PERISHABLE_FOOD,26,COMPLETED
DSP-11189,RT-HUB_-LIN-29,HUB_N,2025-10-26T13:29:00Z,LINEHAUL_CORRIDOR,421.8,3,22,9.11,PHARMA_GDP,26,COMPLETED
DSP-11190,RT-ALLE-REG-30,ALLENTOWN_PA,10/26/2025 14:49,REGIONAL_DISTRIB,279.0,4,83,7.98,PHARMA_GDP,26,COMPLETED
DSP-11191,RT-HUB_-REG-31,HUB_01,2025-10-26 09:38:00,REGIONAL_DISTRIB,274.5,6,59,8.54,PERISHABLE_FOOD,26,COMPLETED
DSP-11192,RT-HUB_-LOC-32,HUB_N,2025-10-26T06:38:00Z,LOCAL_URBAN,112.1,10,114,8.43,PHARMA_GDP,25,COMPLETED
DSP-11193,RT-ALLE-LOC-33,ALLENTOWN_PA,10/27/2025 11:56,LOCAL_URBAN,133.4,9,109,9.06,PHARMA_GDP,25,COMPLETED
DSP-11194,RT-ALLE-LOC-34,ALLENTOWN_PA,2025-10-27 17:45:00,LOCAL_URBAN,129.2,7,88,8.21,PERISHABLE_FOOD,25,COMPLETED
DSP-11195,RT-HUB_-LOC-35,HUB_01,2025-10-27T07:55:00Z,LOCAL_URBAN,123.6,9,83,8.62,PERISHABLE_FOOD,25,COMPLETED
DSP-11196,RT-HUB_-REG-36,HUB_01,10/27/2025 10:23,REGIONAL_DISTRIB,299.4,5,81,8.8,PHARMA_GDP,26,COMPLETED
DSP-11197,RT-HUB_-LOC-37,HUB_N,2025-10-28 07:17:00,LOCAL_URBAN,112.4,9,110,8.11,PERISHABLE_FOOD,24,COMPLETED
DSP-11198,RT-ALLE-REG-38,ALLENTOWN_PA,2025-10-28T07:44:00Z,REGIONAL_DISTRIB,262.4,4,71,7.58,PHARMA_GDP,26,COMPLETED
DSP-11199,RT-ALLE-LIN-39,ALLENTOWN_PA,10/28/2025 06:34,LINEHAUL_CORRIDOR,428.1,2,20,8.9,PERISHABLE_FOOD,26,VOID_TEST
DSP-11200,RT-ALLE-LIN-40,ALLENTOWN_PA,2025-10-28 13:58:00,LINEHAUL_CORRIDOR,441.2,1,26,8.82,PHARMA_GDP,26,COMPLETED
DSP-11201,RT-HUB_-REG-01,HUB_C,2025-01-02T15:13:00Z,REGIONAL_DISTRIB,281.8,4,81,8.04,PHARMA_GDP,26,COMPLETED
DSP-11202,RT-GREE-REG-02,GREENSBORO_NC,01/02/2025 08:02,REGIONAL_DISTRIB,279.5,6,55,8.65,PHARMA_GDP,26,COMPLETED
DSP-11203,RT-GREE-LOC-03,GREENSBORO_NC,2025-01-02 11:12:00,LOCAL_URBAN,122.0,9,86,8.55,PERISHABLE_FOOD,25,COMPLETED
DSP-11204,RT-HUB_-REG-04,HUB_02,2025-01-02T09:59:00Z,REGIONAL_DISTRIB,264.8,5,81,7.97,PERISHABLE_FOOD,26,COMPLETED
DSP-11205,RT-HUB_-LOC-05,HUB_02,01/03/2025 07:59,LOCAL_URBAN,117.6,10,82,8.68,PERISHABLE_FOOD,25,COMPLETED
DSP-11206,RT-HUB_-REG-06,HUB_02,2025-01-03 11:27:00,REGIONAL_DISTRIB,304.2,5,71,8.91,PERISHABLE_FOOD,26,COMPLETED
DSP-11207,RT-HUB_-REG-07,HUB_02,2025-01-03T13:15:00Z,REGIONAL_DISTRIB,267.9,4,66,7.71,PERISHABLE_FOOD,26,COMPLETED
DSP-11208,RT-HUB_-REG-08,HUB_C,01/03/2025 12:00,REGIONAL_DISTRIB,294.3,5,84,8.67,PHARMA_GDP,26,COMPLETED
DSP-11209,RT-HUB_-REG-09,HUB_C,2025-01-04 15:07:00,REGIONAL_DISTRIB,301.7,6,71,9.18,PHARMA_GDP,26,COMPLETED
DSP-11210,RT-GREE-LIN-10,GREENSBORO_NC,2025-01-04T13:29:00Z,LINEHAUL_CORRIDOR,414.1,1,25,8.3,PHARMA_GDP,26,COMPLETED
DSP-11211,RT-HUB_-REG-11,HUB_02,01/04/2025 17:27,REGIONAL_DISTRIB,304.2,6,80,9.24,PHARMA_GDP,26,COMPLETED
DSP-11212,RT-HUB_-LIN-12,HUB_02,2025-01-04 13:18:00,LINEHAUL_CORRIDOR,413.7,2,23,8.62,PHARMA_GDP,26,COMPLETED
DSP-11213,RT-GREE-LIN-13,GREENSBORO_NC,2025-01-05T08:10:00Z,LINEHAUL_CORRIDOR,465.4,2,23,9.62,PERISHABLE_FOOD,26,COMPLETED
DSP-11214,RT-HUB_-LOC-14,HUB_C,01/05/2025 12:22,LOCAL_URBAN,122.3,9,94,8.56,PHARMA_GDP,24,COMPLETED
DSP-11215,RT-HUB_-LOC-15,HUB_C,2025-01-05 05:53:00,LOCAL_URBAN,110.6,7,93,7.36,PHARMA_GDP,24,COMPLETED
DSP-11216,RT-GREE-REG-16,GREENSBORO_NC,2025-01-05T09:23:00Z,REGIONAL_DISTRIB,263.2,4,76,7.6,PERISHABLE_FOOD,26,COMPLETED
DSP-11217,RT-HUB_-REG-17,HUB_02,01/06/2025 12:57,REGIONAL_DISTRIB,276.0,6,82,8.57,PHARMA_GDP,26,COMPLETED
DSP-11218,RT-HUB_-REG-18,HUB_C,2025-01-06 08:33:00,REGIONAL_DISTRIB,265.7,6,64,8.33,PHARMA_GDP,26,COMPLETED
DSP-11219,RT-HUB_-LOC-19,HUB_02,2025-01-06T07:25:00Z,LOCAL_URBAN,130.5,9,96,8.93,PHARMA_GDP,25,COMPLETED
DSP-11220,RT-HUB_-LOC-20,HUB_02,01/06/2025 17:27,LOCAL_URBAN,124.4,9,105,8.65,PERISHABLE_FOOD,26,COMPLETED
DSP-11221,RT-HUB_-LIN-21,HUB_02,2025-01-07 09:42:00,LINEHAUL_CORRIDOR,469.1,3,20,10.02,PHARMA_GDP,26,COMPLETED
DSP-11222,RT-HUB_-LOC-22,HUB_C,2025-01-07T18:06:00Z,LOCAL_URBAN,123.7,9,83,8.62,PHARMA_GDP,24,COMPLETED
DSP-11223,RT-GREE-LIN-23,GREENSBORO_NC,01/07/2025 14:00,LINEHAUL_CORRIDOR,458.4,2,22,9.48,PERISHABLE_FOOD,26,COMPLETED
DSP-11224,RT-HUB_-REG-24,HUB_02,2025-01-07 12:00:00,REGIONAL_DISTRIB,264.7,5,71,7.97,PHARMA_GDP,26,COMPLETED
DSP-11225,RT-HUB_-LOC-25,HUB_C,2025-01-08T16:13:00Z,LOCAL_URBAN,111.4,8,114,7.73,PERISHABLE_FOOD,25,COMPLETED
DSP-11226,RT-GREE-REG-26,GREENSBORO_NC,01/08/2025 13:38,REGIONAL_DISTRIB,277.4,5,77,8.27,PHARMA_GDP,26,COMPLETED
DSP-11227,RT-HUB_-LIN-27,HUB_C,2025-01-08 05:45:00,LINEHAUL_CORRIDOR,469.0,2,31,9.69,PHARMA_GDP,26,COMPLETED
DSP-11228,RT-GREE-LOC-28,GREENSBORO_NC,2025-01-08T05:34:00Z,LOCAL_URBAN,120.3,7,80,7.8,PERISHABLE_FOOD,24,COMPLETED
DSP-11229,RT-HUB_-LOC-29,HUB_02,01/09/2025 14:55,LOCAL_URBAN,111.1,9,95,8.05,PERISHABLE_FOOD,24,COMPLETED
DSP-11230,RT-HUB_-REG-30,HUB_C,2025-01-09 08:58:00,REGIONAL_DISTRIB,263.4,6,61,8.27,PERISHABLE_FOOD,26,COMPLETED
DSP-11231,RT-HUB_-REG-31,HUB_02,2025-01-09T11:14:00Z,REGIONAL_DISTRIB,273.2,6,62,8.5,PERISHABLE_FOOD,26,COMPLETED
DSP-11232,RT-HUB_-LOC-32,HUB_C,01/09/2025 13:44,LOCAL_URBAN,132.5,10,97,9.36,PHARMA_GDP,24,COMPLETED
DSP-11233,RT-GREE-LOC-33,GREENSBORO_NC,2025-01-10 13:11:00,LOCAL_URBAN,119.3,8,82,8.09,PERISHABLE_FOOD,26,COMPLETED
DSP-11234,RT-HUB_-LOC-34,HUB_C,2025-01-10T06:33:00Z,LOCAL_URBAN,130.9,9,97,8.95,PERISHABLE_FOOD,25,COMPLETED
DSP-11235,RT-GREE-REG-35,GREENSBORO_NC,01/10/2025 08:54,REGIONAL_DISTRIB,260.8,5,67,7.88,PERISHABLE_FOOD,26,COMPLETED
DSP-11236,RT-HUB_-REG-36,HUB_02,2025-01-10 15:18:00,REGIONAL_DISTRIB,289.7,4,72,8.23,PERISHABLE_FOOD,26,COMPLETED
DSP-11237,RT-HUB_-LIN-37,HUB_02,2025-01-11T12:20:00Z,LINEHAUL_CORRIDOR,445.5,1,30,8.9,PERISHABLE_FOOD,26,COMPLETED
DSP-11238,RT-GREE-REG-38,GREENSBORO_NC,01/11/2025 13:59,REGIONAL_DISTRIB,296.3,6,67,9.05,PERISHABLE_FOOD,26,COMPLETED
DSP-11239,RT-GREE-REG-39,GREENSBORO_NC,2025-01-11 08:28:00,REGIONAL_DISTRIB,283.4,4,85,8.08,PHARMA_GDP,26,COMPLETED
DSP-11240,RT-GREE-LIN-40,GREENSBORO_NC,2025-01-11T06:09:00Z,LINEHAUL_CORRIDOR,415.1,1,37,8.32,PHARMA_GDP,26,COMPLETED
DSP-11241,RT-HUB_-REG-01,HUB_02,01/12/2025 10:24,REGIONAL_DISTRIB,295.2,6,55,9.03,PHARMA_GDP,26,COMPLETED
DSP-11242,RT-HUB_-LOC-02,HUB_02,2025-01-12 08:56:00,LOCAL_URBAN,110.2,7,102,7.34,PERISHABLE_FOOD,26,COMPLETED
DSP-11243,RT-HUB_-REG-03,HUB_C,2025-01-12T10:19:00Z,REGIONAL_DISTRIB,287.5,5,85,8.51,PHARMA_GDP,26,COMPLETED
DSP-11244,RT-HUB_-LIN-04,HUB_02,01/12/2025 08:37,LINEHAUL_CORRIDOR,417.6,3,25,9.03,PHARMA_GDP,26,COMPLETED
DSP-11245,RT-HUB_-REG-05,HUB_C,2025-01-13 06:15:00,REGIONAL_DISTRIB,298.7,6,65,9.11,PHARMA_GDP,26,COMPLETED
DSP-11246,RT-HUB_-LOC-06,HUB_02,2025-01-13T08:52:00Z,LOCAL_URBAN,131.1,9,114,8.96,PERISHABLE_FOOD,26,COMPLETED
DSP-11247,RT-GREE-REG-07,GREENSBORO_NC,01/13/2025 15:56,REGIONAL_DISTRIB,283.0,4,61,8.07,PHARMA_GDP,26,COMPLETED
DSP-11248,RT-HUB_-LIN-08,HUB_02,2025-01-13 12:27:00,LINEHAUL_CORRIDOR,418.6,2,39,8.72,PERISHABLE_FOOD,26,COMPLETED
DSP-11249,RT-HUB_-LIN-09,HUB_02,2025-01-14T08:28:00Z,LINEHAUL_CORRIDOR,427.6,1,25,8.56,PHARMA_GDP,26,COMPLETED
DSP-11250,RT-HUB_-REG-10,HUB_C,01/14/2025 08:54,REGIONAL_DISTRIB,296.4,6,77,9.06,PERISHABLE_FOOD,26,COMPLETED
DSP-11251,RT-HUB_-REG-11,HUB_C,2025-01-14 15:02:00,REGIONAL_DISTRIB,266.8,6,57,8.35,PERISHABLE_FOOD,26,COMPLETED
DSP-11252,RT-GREE-REG-12,GREENSBORO_NC,2025-01-14T15:00:00Z,REGIONAL_DISTRIB,278.8,6,58,8.64,PERISHABLE_FOOD,26,COMPLETED
DSP-11253,RT-GREE-REG-13,GREENSBORO_NC,01/15/2025 09:21,REGIONAL_DISTRIB,272.1,6,64,8.48,PERISHABLE_FOOD,26,COMPLETED
DSP-11254,RT-HUB_-LOC-14,HUB_02,2025-01-15 10:35:00,LOCAL_URBAN,117.9,7,95,7.69,PERISHABLE_FOOD,25,COMPLETED
DSP-11255,RT-GREE-LOC-15,GREENSBORO_NC,2025-01-15T09:06:00Z,LOCAL_URBAN,119.1,10,94,8.75,PERISHABLE_FOOD,25,COMPLETED
DSP-11256,RT-HUB_-LIN-16,HUB_C,01/15/2025 17:48,LINEHAUL_CORRIDOR,424.7,2,38,8.83,PERISHABLE_FOOD,26,COMPLETED
DSP-11257,RT-HUB_-LOC-17,HUB_C,2025-01-16 08:26:00,LOCAL_URBAN,120.5,8,111,8.14,PERISHABLE_FOOD,24,COMPLETED
DSP-11258,RT-HUB_-LOC-18,HUB_C,2025-01-16T11:31:00Z,LOCAL_URBAN,116.6,10,86,8.63,PHARMA_GDP,24,COMPLETED
DSP-11259,RT-HUB_-LOC-19,HUB_C,01/16/2025 17:05,LOCAL_URBAN,131.7,10,107,9.32,PHARMA_GDP,25,COMPLETED
DSP-11260,RT-HUB_-LOC-20,HUB_02,2025-01-16 07:17:00,LOCAL_URBAN,132.4,9,86,9.02,PERISHABLE_FOOD,24,COMPLETED
DSP-11261,RT-HUB_-LIN-21,HUB_02,2025-01-17T16:38:00Z,LINEHAUL_CORRIDOR,447.8,3,33,9.61,PHARMA_GDP,26,COMPLETED
DSP-11262,RT-GREE-REG-22,GREENSBORO_NC,01/17/2025 15:07,REGIONAL_DISTRIB,301.2,6,57,9.17,PHARMA_GDP,26,COMPLETED
DSP-11263,RT-GREE-REG-23,GREENSBORO_NC,2025-01-17 17:36:00,REGIONAL_DISTRIB,274.4,4,71,7.87,PERISHABLE_FOOD,26,COMPLETED
DSP-11264,RT-HUB_-REG-24,HUB_02,2025-01-17T09:50:00Z,REGIONAL_DISTRIB,285.4,6,73,8.8,PERISHABLE_FOOD,26,COMPLETED
DSP-11265,RT-HUB_-LIN-25,HUB_C,01/18/2025 15:26,LINEHAUL_CORRIDOR,412.5,3,26,8.93,PERISHABLE_FOOD,26,COMPLETED
DSP-11266,RT-HUB_-REG-26,HUB_C,2025-01-18 07:48:00,REGIONAL_DISTRIB,267.5,5,63,8.04,PERISHABLE_FOOD,26,COMPLETED
DSP-11267,RT-HUB_-LIN-27,HUB_02,2025-01-18T14:23:00Z,LINEHAUL_CORRIDOR,455.2,1,28,9.09,PHARMA_GDP,26,COMPLETED
DSP-11268,RT-HUB_-LOC-28,HUB_C,01/18/2025 10:43,LOCAL_URBAN,132.6,8,80,8.69,PERISHABLE_FOOD,24,COMPLETED
DSP-11269,RT-GREE-REG-29,GREENSBORO_NC,2025-01-19 17:15:00,REGIONAL_DISTRIB,280.0,4,81,8.0,PERISHABLE_FOOD,26,COMPLETED
DSP-11270,RT-HUB_-REG-30,HUB_C,2025-01-19T17:12:00Z,REGIONAL_DISTRIB,279.5,5,57,8.32,PERISHABLE_FOOD,26,COMPLETED
DSP-11271,RT-HUB_-LIN-31,HUB_02,01/19/2025 09:59,LINEHAUL_CORRIDOR,454.7,1,22,9.08,PHARMA_GDP,26,COMPLETED
DSP-11272,RT-GREE-REG-32,GREENSBORO_NC,2025-01-19 11:36:00,REGIONAL_DISTRIB,263.3,6,65,8.27,PERISHABLE_FOOD,26,COMPLETED
DSP-11273,RT-GREE-REG-33,GREENSBORO_NC,2025-01-20T16:10:00Z,REGIONAL_DISTRIB,297.9,6,81,9.09,PERISHABLE_FOOD,26,VOID_TEST
DSP-11274,RT-HUB_-REG-34,HUB_C,01/20/2025 08:01,REGIONAL_DISTRIB,299.2,4,76,8.46,PHARMA_GDP,26,COMPLETED
DSP-11275,RT-GREE-REG-35,GREENSBORO_NC,2025-01-20 05:57:00,REGIONAL_DISTRIB,265.9,6,83,8.33,PHARMA_GDP,26,COMPLETED
DSP-11276,RT-GREE-REG-36,GREENSBORO_NC,2025-01-20T16:07:00Z,REGIONAL_DISTRIB,291.9,4,68,8.28,PERISHABLE_FOOD,26,COMPLETED
DSP-11277,RT-HUB_-REG-37,HUB_02,01/21/2025 10:12,REGIONAL_DISTRIB,289.6,4,83,8.23,PHARMA_GDP,26,COMPLETED
DSP-11278,RT-GREE-REG-38,GREENSBORO_NC,2025-01-21 18:18:00,REGIONAL_DISTRIB,276.1,5,64,8.24,PHARMA_GDP,26,COMPLETED
DSP-11279,RT-HUB_-REG-39,HUB_02,2025-01-21T15:37:00Z,REGIONAL_DISTRIB,289.8,4,60,8.23,PERISHABLE_FOOD,26,COMPLETED
DSP-11280,RT-HUB_-REG-40,HUB_02,01/21/2025 14:56,REGIONAL_DISTRIB,294.8,5,81,8.69,PERISHABLE_FOOD,26,COMPLETED
DSP-11281,RT-HUB_-REG-01,HUB_C,2025-01-22 10:13:00,REGIONAL_DISTRIB,282.8,5,56,8.4,PERISHABLE_FOOD,26,COMPLETED
DSP-11282,RT-HUB_-LIN-02,HUB_02,2025-01-22T11:10:00Z,LINEHAUL_CORRIDOR,435.5,2,21,9.04,PHARMA_GDP,26,COMPLETED
DSP-11283,RT-HUB_-REG-03,HUB_02,01/22/2025 15:09,REGIONAL_DISTRIB,270.0,4,72,7.76,PHARMA_GDP,26,COMPLETED
DSP-11284,RT-GREE-REG-04,GREENSBORO_NC,2025-01-22 11:19:00,REGIONAL_DISTRIB,302.8,4,80,8.54,PHARMA_GDP,26,COMPLETED
DSP-11285,RT-HUB_-REG-05,HUB_C,2025-01-23T13:55:00Z,REGIONAL_DISTRIB,283.3,5,72,8.41,PHARMA_GDP,26,COMPLETED
DSP-11286,RT-HUB_-REG-06,HUB_C,01/23/2025 05:32,REGIONAL_DISTRIB,267.3,5,65,8.03,PHARMA_GDP,26,COMPLETED
DSP-11287,RT-GREE-LOC-07,GREENSBORO_NC,2025-01-23 05:44:00,LOCAL_URBAN,119.9,10,82,8.78,PHARMA_GDP,25,COMPLETED
DSP-11288,RT-GREE-LOC-08,GREENSBORO_NC,2025-01-23T17:26:00Z,LOCAL_URBAN,116.8,7,104,7.64,PERISHABLE_FOOD,24,COMPLETED
DSP-11289,RT-HUB_-LOC-09,HUB_C,01/24/2025 15:28,LOCAL_URBAN,122.6,10,81,8.91,PHARMA_GDP,26,COMPLETED
DSP-11290,RT-GREE-REG-10,GREENSBORO_NC,2025-01-24 12:02:00,REGIONAL_DISTRIB,277.6,6,82,8.61,PHARMA_GDP,26,COMPLETED
DSP-11291,RT-HUB_-REG-11,HUB_02,2025-01-24T09:57:00Z,REGIONAL_DISTRIB,269.1,5,75,8.07,PERISHABLE_FOOD,26,COMPLETED
DSP-11292,RT-HUB_-REG-12,HUB_02,01/24/2025 06:01,REGIONAL_DISTRIB,281.8,6,72,8.71,PERISHABLE_FOOD,26,COMPLETED
DSP-11293,RT-HUB_-REG-13,HUB_02,2025-01-25 12:19:00,REGIONAL_DISTRIB,292.2,5,62,8.62,PERISHABLE_FOOD,26,COMPLETED
DSP-11294,RT-HUB_-REG-14,HUB_02,2025-01-25T07:05:00Z,REGIONAL_DISTRIB,264.9,5,65,7.97,PHARMA_GDP,26,COMPLETED
DSP-11295,RT-HUB_-REG-15,HUB_02,01/25/2025 06:19,REGIONAL_DISTRIB,263.8,5,74,7.95,PERISHABLE_FOOD,26,COMPLETED
DSP-11296,RT-HUB_-REG-16,HUB_02,2025-01-25 05:47:00,REGIONAL_DISTRIB,275.2,4,56,7.89,PHARMA_GDP,26,COMPLETED
DSP-11297,RT-GREE-REG-17,GREENSBORO_NC,2025-01-26T13:15:00Z,REGIONAL_DISTRIB,284.6,5,85,8.44,PERISHABLE_FOOD,26,COMPLETED
DSP-11298,RT-GREE-LIN-18,GREENSBORO_NC,01/26/2025 11:38,LINEHAUL_CORRIDOR,469.6,1,23,9.36,PERISHABLE_FOOD,26,COMPLETED
DSP-11299,RT-HUB_-REG-19,HUB_C,2025-01-26 06:26:00,REGIONAL_DISTRIB,265.5,4,69,7.65,PERISHABLE_FOOD,26,COMPLETED
DSP-11300,RT-HUB_-REG-20,HUB_C,2025-01-26T11:30:00Z,REGIONAL_DISTRIB,283.6,4,78,8.09,PERISHABLE_FOOD,26,COMPLETED
DSP-11301,RT-HUB_-LIN-21,HUB_02,01/27/2025 15:11,LINEHAUL_CORRIDOR,453.2,3,28,9.72,PERISHABLE_FOOD,26,COMPLETED
DSP-11302,RT-HUB_-REG-22,HUB_02,2025-01-27 12:59:00,REGIONAL_DISTRIB,269.2,6,85,8.41,PERISHABLE_FOOD,26,COMPLETED
DSP-11303,RT-HUB_-LIN-23,HUB_02,2025-01-27T05:50:00Z,LINEHAUL_CORRIDOR,453.2,1,25,9.05,PERISHABLE_FOOD,26,COMPLETED
DSP-11304,RT-HUB_-REG-24,HUB_C,01/27/2025 16:36,REGIONAL_DISTRIB,304.7,4,64,8.59,PERISHABLE_FOOD,26,COMPLETED
DSP-11305,RT-HUB_-LOC-25,HUB_02,2025-01-28 08:52:00,LOCAL_URBAN,125.6,8,84,8.38,PHARMA_GDP,26,COMPLETED
DSP-11306,RT-HUB_-REG-26,HUB_C,2025-01-28T15:19:00Z,REGIONAL_DISTRIB,296.9,5,73,8.74,PERISHABLE_FOOD,26,COMPLETED
DSP-11307,RT-HUB_-REG-27,HUB_02,01/28/2025 16:43,REGIONAL_DISTRIB,288.9,4,57,8.21,PERISHABLE_FOOD,26,COMPLETED
DSP-11308,RT-HUB_-REG-28,HUB_02,2025-01-28 11:06:00,REGIONAL_DISTRIB,265.7,6,73,8.33,PERISHABLE_FOOD,26,COMPLETED
DSP-11309,RT-GREE-REG-29,GREENSBORO_NC,2025-01-29T08:40:00Z,REGIONAL_DISTRIB,303.5,6,82,9.23,PERISHABLE_FOOD,26,VOID_TEST
DSP-11310,RT-HUB_-LIN-30,HUB_C,01/29/2025 05:50,LINEHAUL_CORRIDOR,415.5,3,24,8.99,PHARMA_GDP,26,COMPLETED
DSP-11311,RT-HUB_-LOC-31,HUB_C,2025-01-29 17:37:00,LOCAL_URBAN,130.2,10,110,9.25,PHARMA_GDP,26,COMPLETED
DSP-11312,RT-HUB_-REG-32,HUB_02,2025-01-29T13:35:00Z,REGIONAL_DISTRIB,277.3,5,66,8.27,PHARMA_GDP,26,COMPLETED
DSP-11313,RT-HUB_-LIN-33,HUB_C,01/30/2025 13:14,LINEHAUL_CORRIDOR,466.7,2,24,9.64,PERISHABLE_FOOD,26,COMPLETED
DSP-11314,RT-GREE-LOC-34,GREENSBORO_NC,2025-01-30 13:19:00,LOCAL_URBAN,132.5,9,91,9.02,PHARMA_GDP,25,COMPLETED
DSP-11315,RT-GREE-REG-35,GREENSBORO_NC,2025-01-30T08:58:00Z,REGIONAL_DISTRIB,287.8,4,67,8.19,PHARMA_GDP,26,COMPLETED
DSP-11316,RT-HUB_-LOC-36,HUB_C,01/30/2025 06:08,LOCAL_URBAN,117.8,7,103,7.69,PERISHABLE_FOOD,26,COMPLETED
DSP-11317,RT-GREE-REG-37,GREENSBORO_NC,2025-01-31 15:33:00,REGIONAL_DISTRIB,281.5,4,77,8.04,PERISHABLE_FOOD,26,COMPLETED
DSP-11318,RT-HUB_-LIN-38,HUB_C,2025-01-31T13:17:00Z,LINEHAUL_CORRIDOR,465.7,3,40,9.96,PERISHABLE_FOOD,26,COMPLETED
DSP-11319,RT-GREE-LIN-39,GREENSBORO_NC,01/31/2025 17:17,LINEHAUL_CORRIDOR,412.3,1,39,8.26,PERISHABLE_FOOD,26,COMPLETED
DSP-11320,RT-HUB_-LOC-40,HUB_C,2025-01-31 05:50:00,LOCAL_URBAN,130.9,7,83,8.28,PERISHABLE_FOOD,26,COMPLETED
DSP-11321,RT-GREE-REG-01,GREENSBORO_NC,2025-02-01T16:24:00Z,REGIONAL_DISTRIB,298.4,6,74,9.1,PERISHABLE_FOOD,26,COMPLETED
DSP-11322,RT-GREE-LOC-02,GREENSBORO_NC,02/01/2025 11:56,LOCAL_URBAN,134.7,9,113,9.12,PHARMA_GDP,26,COMPLETED
DSP-11323,RT-GREE-LOC-03,GREENSBORO_NC,2025-02-01 05:47:00,LOCAL_URBAN,114.8,8,97,7.88,PHARMA_GDP,25,COMPLETED
DSP-11324,RT-GREE-REG-04,GREENSBORO_NC,2025-02-01T09:47:00Z,REGIONAL_DISTRIB,267.8,6,81,8.38,PERISHABLE_FOOD,26,COMPLETED
DSP-11325,RT-HUB_-REG-05,HUB_C,02/02/2025 06:37,REGIONAL_DISTRIB,285.6,6,57,8.8,PERISHABLE_FOOD,26,COMPLETED
DSP-11326,RT-HUB_-REG-06,HUB_C,2025-02-02 17:30:00,REGIONAL_DISTRIB,268.4,6,75,8.39,PERISHABLE_FOOD,26,COMPLETED
DSP-11327,RT-HUB_-REG-07,HUB_02,2025-02-02T17:18:00Z,REGIONAL_DISTRIB,299.5,4,64,8.46,PERISHABLE_FOOD,26,COMPLETED
DSP-11328,RT-HUB_-LOC-08,HUB_02,02/02/2025 11:44,LOCAL_URBAN,127.6,8,97,8.47,PHARMA_GDP,25,COMPLETED
DSP-11329,RT-HUB_-LIN-09,HUB_02,2025-02-03 07:01:00,LINEHAUL_CORRIDOR,420.6,2,28,8.76,PERISHABLE_FOOD,26,COMPLETED
DSP-11330,RT-HUB_-REG-10,HUB_02,2025-02-03T06:23:00Z,REGIONAL_DISTRIB,288.9,5,81,8.55,PERISHABLE_FOOD,26,COMPLETED
DSP-11331,RT-HUB_-REG-11,HUB_C,02/03/2025 08:51,REGIONAL_DISTRIB,269.5,6,68,8.42,PHARMA_GDP,26,COMPLETED
DSP-11332,RT-GREE-REG-12,GREENSBORO_NC,2025-02-03 09:43:00,REGIONAL_DISTRIB,293.4,5,57,8.65,PERISHABLE_FOOD,26,COMPLETED
DSP-11333,RT-HUB_-LIN-13,HUB_C,2025-02-04T14:50:00Z,LINEHAUL_CORRIDOR,441.0,3,25,9.48,PERISHABLE_FOOD,26,COMPLETED
DSP-11334,RT-HUB_-REG-14,HUB_02,02/04/2025 05:40,REGIONAL_DISTRIB,300.6,5,77,8.82,PHARMA_GDP,26,COMPLETED
DSP-11335,RT-HUB_-REG-15,HUB_02,2025-02-04 13:04:00,REGIONAL_DISTRIB,300.6,4,84,8.49,PHARMA_GDP,26,COMPLETED
DSP-11336,RT-HUB_-REG-16,HUB_C,2025-02-04T13:23:00Z,REGIONAL_DISTRIB,287.7,6,73,8.85,PERISHABLE_FOOD,26,COMPLETED
DSP-11337,RT-GREE-REG-17,GREENSBORO_NC,02/05/2025 18:29,REGIONAL_DISTRIB,275.2,6,67,8.55,PHARMA_GDP,26,COMPLETED
DSP-11338,RT-GREE-LOC-18,GREENSBORO_NC,2025-02-05 13:40:00,LOCAL_URBAN,120.6,9,105,8.48,PERISHABLE_FOOD,24,COMPLETED
DSP-11339,RT-GREE-LIN-19,GREENSBORO_NC,2025-02-05T15:51:00Z,LINEHAUL_CORRIDOR,466.6,1,38,9.31,PERISHABLE_FOOD,26,COMPLETED
DSP-11340,RT-HUB_-LIN-20,HUB_C,02/05/2025 12:30,LINEHAUL_CORRIDOR,428.6,1,31,8.58,PERISHABLE_FOOD,26,COMPLETED
DSP-11341,RT-HUB_-LIN-21,HUB_C,2025-02-06 11:35:00,LINEHAUL_CORRIDOR,428.1,1,25,8.57,PHARMA_GDP,26,COMPLETED
DSP-11342,RT-HUB_-REG-22,HUB_C,2025-02-06T07:00:00Z,REGIONAL_DISTRIB,298.1,5,55,8.76,PERISHABLE_FOOD,26,COMPLETED
DSP-11343,RT-HUB_-REG-23,HUB_02,02/06/2025 18:28,REGIONAL_DISTRIB,301.1,6,67,9.17,PERISHABLE_FOOD,26,COMPLETED
DSP-11344,RT-HUB_-REG-24,HUB_C,2025-02-06 16:16:00,REGIONAL_DISTRIB,302.1,5,79,8.86,PHARMA_GDP,26,COMPLETED
DSP-11345,RT-GREE-REG-25,GREENSBORO_NC,2025-02-07T09:26:00Z,REGIONAL_DISTRIB,263.2,5,76,7.93,PERISHABLE_FOOD,26,COMPLETED
DSP-11346,RT-HUB_-REG-26,HUB_C,02/07/2025 07:11,REGIONAL_DISTRIB,275.3,4,74,7.89,PERISHABLE_FOOD,26,COMPLETED
DSP-11347,RT-HUB_-LOC-27,HUB_02,2025-02-07 07:57:00,LOCAL_URBAN,115.3,10,85,8.57,PHARMA_GDP,26,COMPLETED
DSP-11348,RT-HUB_-REG-28,HUB_02,2025-02-07T07:40:00Z,REGIONAL_DISTRIB,297.0,4,63,8.4,PERISHABLE_FOOD,26,COMPLETED
DSP-11349,RT-GREE-LIN-29,GREENSBORO_NC,02/08/2025 16:25,LINEHAUL_CORRIDOR,437.9,1,31,8.75,PERISHABLE_FOOD,26,COMPLETED
DSP-11350,RT-HUB_-LOC-30,HUB_C,2025-02-08 15:55:00,LOCAL_URBAN,113.2,10,109,8.48,PHARMA_GDP,26,COMPLETED
DSP-11351,RT-HUB_-REG-31,HUB_C,2025-02-08T13:53:00Z,REGIONAL_DISTRIB,271.6,6,58,8.47,PERISHABLE_FOOD,26,COMPLETED
DSP-11352,RT-GREE-REG-32,GREENSBORO_NC,02/08/2025 14:18,REGIONAL_DISTRIB,284.1,5,58,8.43,PERISHABLE_FOOD,26,COMPLETED
DSP-11353,RT-GREE-LOC-33,GREENSBORO_NC,2025-02-09 17:25:00,LOCAL_URBAN,110.2,9,92,8.01,PERISHABLE_FOOD,26,COMPLETED
DSP-11354,RT-HUB_-REG-34,HUB_C,2025-02-09T09:57:00Z,REGIONAL_DISTRIB,261.8,5,69,7.9,PHARMA_GDP,26,COMPLETED
DSP-11355,RT-HUB_-REG-35,HUB_02,02/09/2025 05:58,REGIONAL_DISTRIB,261.1,5,60,7.88,PHARMA_GDP,26,COMPLETED
DSP-11356,RT-GREE-LOC-36,GREENSBORO_NC,2025-02-09 07:35:00,LOCAL_URBAN,112.8,7,114,7.46,PERISHABLE_FOOD,24,COMPLETED
DSP-11357,RT-HUB_-REG-37,HUB_C,2025-02-10T17:09:00Z,REGIONAL_DISTRIB,288.5,5,83,8.54,PHARMA_GDP,26,COMPLETED
DSP-11358,RT-GREE-LIN-38,GREENSBORO_NC,02/10/2025 08:08,LINEHAUL_CORRIDOR,444.1,1,22,8.87,PHARMA_GDP,26,COMPLETED
DSP-11359,RT-GREE-LIN-39,GREENSBORO_NC,2025-02-10 11:55:00,LINEHAUL_CORRIDOR,416.1,3,22,9.0,PHARMA_GDP,26,COMPLETED
DSP-11360,RT-GREE-REG-40,GREENSBORO_NC,2025-02-10T17:42:00Z,REGIONAL_DISTRIB,289.4,4,81,8.22,PERISHABLE_FOOD,26,COMPLETED
DSP-11361,RT-HUB_-REG-01,HUB_02,02/11/2025 15:00,REGIONAL_DISTRIB,284.3,4,77,8.1,PERISHABLE_FOOD,26,COMPLETED
DSP-11362,RT-HUB_-REG-02,HUB_02,2025-02-11 14:55:00,REGIONAL_DISTRIB,291.0,4,63,8.26,PERISHABLE_FOOD,26,COMPLETED
DSP-11363,RT-GREE-REG-03,GREENSBORO_NC,2025-02-11T09:47:00Z,REGIONAL_DISTRIB,260.2,4,55,7.53,PERISHABLE_FOOD,26,COMPLETED
DSP-11364,RT-GREE-REG-04,GREENSBORO_NC,02/11/2025 14:48,REGIONAL_DISTRIB,270.0,4,77,7.76,PHARMA_GDP,26,COMPLETED
DSP-11365,RT-GREE-LIN-05,GREENSBORO_NC,2025-02-12 13:29:00,LINEHAUL_CORRIDOR,445.3,3,39,9.56,PHARMA_GDP,26,COMPLETED
DSP-11366,RT-HUB_-REG-06,HUB_02,2025-02-12T09:04:00Z,REGIONAL_DISTRIB,275.6,5,59,8.23,PERISHABLE_FOOD,26,COMPLETED
DSP-11367,RT-GREE-REG-07,GREENSBORO_NC,02/12/2025 16:01,REGIONAL_DISTRIB,278.1,6,82,8.62,PERISHABLE_FOOD,26,COMPLETED
DSP-11368,RT-HUB_-LOC-08,HUB_02,2025-02-12 13:13:00,LOCAL_URBAN,128.7,9,99,8.85,PHARMA_GDP,25,COMPLETED
DSP-11369,RT-HUB_-REG-09,HUB_C,2025-02-13T17:48:00Z,REGIONAL_DISTRIB,267.5,5,73,8.04,PERISHABLE_FOOD,26,COMPLETED
DSP-11370,RT-HUB_-LIN-10,HUB_02,02/13/2025 06:55,LINEHAUL_CORRIDOR,432.5,3,24,9.32,PHARMA_GDP,26,COMPLETED
DSP-11371,RT-HUB_-REG-11,HUB_C,2025-02-13 13:56:00,REGIONAL_DISTRIB,268.0,4,79,7.71,PERISHABLE_FOOD,26,COMPLETED
DSP-11372,RT-HUB_-REG-12,HUB_C,2025-02-13T16:26:00Z,REGIONAL_DISTRIB,287.0,5,79,8.5,PHARMA_GDP,26,COMPLETED
DSP-11373,RT-GREE-REG-13,GREENSBORO_NC,02/14/2025 13:18,REGIONAL_DISTRIB,274.3,6,72,8.53,PHARMA_GDP,26,COMPLETED
DSP-11374,RT-HUB_-LOC-14,HUB_02,2025-02-14 17:59:00,LOCAL_URBAN,131.8,10,98,9.32,PHARMA_GDP,25,COMPLETED
DSP-11375,RT-GREE-LIN-15,GREENSBORO_NC,2025-02-14T09:10:00Z,LINEHAUL_CORRIDOR,433.0,3,33,9.33,PERISHABLE_FOOD,26,COMPLETED
DSP-11376,RT-HUB_-LOC-16,HUB_C,02/14/2025 14:45,LOCAL_URBAN,125.5,7,106,8.04,PERISHABLE_FOOD,25,COMPLETED
DSP-11377,RT-GREE-REG-17,GREENSBORO_NC,2025-02-15 14:02:00,REGIONAL_DISTRIB,264.1,5,55,7.95,PERISHABLE_FOOD,26,COMPLETED
DSP-11378,RT-HUB_-REG-18,HUB_C,2025-02-15T10:38:00Z,REGIONAL_DISTRIB,292.5,4,60,8.3,PERISHABLE_FOOD,26,COMPLETED
DSP-11379,RT-HUB_-LOC-19,HUB_C,02/15/2025 13:02,LOCAL_URBAN,121.5,8,108,8.19,PERISHABLE_FOOD,24,COMPLETED
DSP-11380,RT-GREE-LIN-20,GREENSBORO_NC,2025-02-15 06:17:00,LINEHAUL_CORRIDOR,462.3,1,27,9.22,PERISHABLE_FOOD,26,COMPLETED
DSP-11381,RT-GREE-REG-21,GREENSBORO_NC,2025-02-16T10:26:00Z,REGIONAL_DISTRIB,283.4,5,82,8.41,PHARMA_GDP,26,COMPLETED
DSP-11382,RT-HUB_-REG-22,HUB_C,02/16/2025 16:33,REGIONAL_DISTRIB,287.3,6,77,8.84,PHARMA_GDP,26,COMPLETED
DSP-11383,RT-HUB_-LIN-23,HUB_02,2025-02-16 12:20:00,LINEHAUL_CORRIDOR,453.5,1,31,9.05,PHARMA_GDP,26,COMPLETED
DSP-11384,RT-HUB_-LIN-24,HUB_C,2025-02-16T12:12:00Z,LINEHAUL_CORRIDOR,455.5,3,23,9.76,PERISHABLE_FOOD,26,COMPLETED
DSP-11385,RT-HUB_-REG-25,HUB_C,02/17/2025 13:27,REGIONAL_DISTRIB,269.5,4,65,7.75,PERISHABLE_FOOD,26,COMPLETED
DSP-11386,RT-HUB_-REG-26,HUB_C,2025-02-17 16:46:00,REGIONAL_DISTRIB,275.4,6,69,8.56,PHARMA_GDP,26,COMPLETED
DSP-11387,RT-GREE-LOC-27,GREENSBORO_NC,2025-02-17T14:53:00Z,LOCAL_URBAN,113.5,9,81,8.16,PHARMA_GDP,25,COMPLETED
DSP-11388,RT-HUB_-LIN-28,HUB_02,02/17/2025 15:48,LINEHAUL_CORRIDOR,419.5,3,29,9.07,PERISHABLE_FOOD,26,COMPLETED
DSP-11389,RT-GREE-LOC-29,GREENSBORO_NC,2025-02-18 09:07:00,LOCAL_URBAN,125.2,10,96,9.02,PERISHABLE_FOOD,24,COMPLETED
DSP-11390,RT-GREE-LOC-30,GREENSBORO_NC,2025-02-18T11:11:00Z,LOCAL_URBAN,119.1,10,110,8.75,PERISHABLE_FOOD,24,COMPLETED
DSP-11391,RT-GREE-REG-31,GREENSBORO_NC,02/18/2025 08:00,REGIONAL_DISTRIB,276.8,5,75,8.26,PHARMA_GDP,26,COMPLETED
DSP-11392,RT-HUB_-REG-32,HUB_C,2025-02-18 10:08:00,REGIONAL_DISTRIB,262.9,4,64,7.59,PHARMA_GDP,26,COMPLETED
DSP-11393,RT-HUB_-REG-33,HUB_C,2025-02-19T17:24:00Z,REGIONAL_DISTRIB,276.0,5,73,8.24,PERISHABLE_FOOD,26,COMPLETED
DSP-11394,RT-GREE-LIN-34,GREENSBORO_NC,02/19/2025 11:02,LINEHAUL_CORRIDOR,454.5,2,21,9.41,PHARMA_GDP,26,COMPLETED
DSP-11395,RT-GREE-LIN-35,GREENSBORO_NC,2025-02-19 13:06:00,LINEHAUL_CORRIDOR,460.8,3,22,9.86,PERISHABLE_FOOD,26,COMPLETED
DSP-11396,RT-HUB_-REG-36,HUB_C,2025-02-19T09:14:00Z,REGIONAL_DISTRIB,293.3,6,84,8.98,PERISHABLE_FOOD,26,COMPLETED
DSP-11397,RT-HUB_-LOC-37,HUB_C,02/20/2025 07:27,LOCAL_URBAN,125.2,9,85,8.69,PERISHABLE_FOOD,26,COMPLETED
DSP-11398,RT-GREE-REG-38,GREENSBORO_NC,2025-02-20 12:36:00,REGIONAL_DISTRIB,269.3,4,73,7.75,PERISHABLE_FOOD,26,COMPLETED
DSP-11399,RT-HUB_-REG-39,HUB_C,2025-02-20T12:42:00Z,REGIONAL_DISTRIB,288.5,4,70,8.2,PHARMA_GDP,26,COMPLETED
DSP-11400,RT-GREE-LOC-40,GREENSBORO_NC,02/20/2025 17:26,LOCAL_URBAN,122.2,7,107,7.89,PERISHABLE_FOOD,24,COMPLETED
DSP-11401,RT-GREE-LOC-01,GREENSBORO_NC,2025-02-21 14:47:00,LOCAL_URBAN,130.1,10,80,9.25,PHARMA_GDP,25,COMPLETED
DSP-11402,RT-HUB_-REG-02,HUB_C,2025-02-21T13:45:00Z,REGIONAL_DISTRIB,281.7,5,85,8.37,PERISHABLE_FOOD,26,COMPLETED
DSP-11403,RT-GREE-REG-03,GREENSBORO_NC,02/21/2025 12:30,REGIONAL_DISTRIB,273.9,5,58,8.19,PERISHABLE_FOOD,26,COMPLETED
DSP-11404,RT-GREE-REG-04,GREENSBORO_NC,2025-02-21 07:29:00,REGIONAL_DISTRIB,267.3,4,79,7.7,PERISHABLE_FOOD,26,COMPLETED
DSP-11405,RT-HUB_-REG-05,HUB_02,2025-02-22T08:49:00Z,REGIONAL_DISTRIB,284.2,4,61,8.1,PERISHABLE_FOOD,26,COMPLETED
DSP-11406,RT-HUB_-REG-06,HUB_02,02/22/2025 15:13,REGIONAL_DISTRIB,281.2,6,64,8.7,PERISHABLE_FOOD,26,COMPLETED
DSP-11407,RT-HUB_-LOC-07,HUB_C,2025-02-22 11:03:00,LOCAL_URBAN,119.9,8,90,8.12,PERISHABLE_FOOD,24,COMPLETED
DSP-11408,RT-GREE-REG-08,GREENSBORO_NC,2025-02-22T13:29:00Z,REGIONAL_DISTRIB,278.8,6,63,8.64,PHARMA_GDP,26,COMPLETED
DSP-11409,RT-HUB_-REG-09,HUB_02,02/23/2025 12:49,REGIONAL_DISTRIB,273.8,6,66,8.52,PERISHABLE_FOOD,26,COMPLETED
DSP-11410,RT-HUB_-REG-10,HUB_02,2025-02-23 16:21:00,REGIONAL_DISTRIB,260.3,5,56,7.86,PERISHABLE_FOOD,26,COMPLETED
DSP-11411,RT-HUB_-REG-11,HUB_02,2025-02-23T10:23:00Z,REGIONAL_DISTRIB,260.9,6,61,8.21,PHARMA_GDP,26,COMPLETED
DSP-11412,RT-HUB_-REG-12,HUB_02,02/23/2025 15:02,REGIONAL_DISTRIB,277.2,6,72,8.6,PERISHABLE_FOOD,26,COMPLETED
DSP-11413,RT-HUB_-LOC-13,HUB_02,2025-02-24 12:32:00,LOCAL_URBAN,116.1,9,110,8.28,PERISHABLE_FOOD,26,COMPLETED
DSP-11414,RT-HUB_-REG-14,HUB_02,2025-02-24T05:36:00Z,REGIONAL_DISTRIB,300.9,5,62,8.83,PHARMA_GDP,26,COMPLETED
DSP-11415,RT-HUB_-REG-15,HUB_02,02/24/2025 11:19,REGIONAL_DISTRIB,276.6,5,58,8.25,PERISHABLE_FOOD,26,COMPLETED
DSP-11416,RT-HUB_-LIN-16,HUB_C,2025-02-24 08:50:00,LINEHAUL_CORRIDOR,445.4,3,26,9.57,PERISHABLE_FOOD,26,COMPLETED
DSP-11417,RT-GREE-REG-17,GREENSBORO_NC,2025-02-25T18:14:00Z,REGIONAL_DISTRIB,283.9,5,77,8.43,PHARMA_GDP,26,COMPLETED
DSP-11418,RT-HUB_-LIN-18,HUB_02,02/25/2025 08:59,LINEHAUL_CORRIDOR,431.7,2,26,8.97,PHARMA_GDP,26,COMPLETED
DSP-11419,RT-HUB_-REG-19,HUB_C,2025-02-25 07:37:00,REGIONAL_DISTRIB,291.7,5,74,8.61,PERISHABLE_FOOD,26,COMPLETED
DSP-11420,RT-HUB_-REG-20,HUB_02,2025-02-25T06:06:00Z,REGIONAL_DISTRIB,281.9,4,81,8.05,PERISHABLE_FOOD,26,COMPLETED
DSP-11421,RT-HUB_-LIN-21,HUB_C,02/26/2025 15:34,LINEHAUL_CORRIDOR,462.4,2,37,9.56,PERISHABLE_FOOD,26,COMPLETED
DSP-11422,RT-GREE-LOC-22,GREENSBORO_NC,2025-02-26 07:06:00,LOCAL_URBAN,124.0,7,114,7.97,PHARMA_GDP,26,COMPLETED
DSP-11423,RT-GREE-REG-23,GREENSBORO_NC,2025-02-26T12:58:00Z,REGIONAL_DISTRIB,268.6,4,79,7.73,PERISHABLE_FOOD,26,COMPLETED
DSP-11424,RT-GREE-LOC-24,GREENSBORO_NC,02/26/2025 17:22,LOCAL_URBAN,118.3,8,101,8.04,PERISHABLE_FOOD,26,COMPLETED
DSP-11425,RT-HUB_-REG-25,HUB_C,2025-02-27 08:50:00,REGIONAL_DISTRIB,273.2,6,81,8.5,PHARMA_GDP,26,COMPLETED
DSP-11426,RT-HUB_-LIN-26,HUB_02,2025-02-27T18:22:00Z,LINEHAUL_CORRIDOR,445.1,2,37,9.23,PERISHABLE_FOOD,26,COMPLETED
DSP-11427,RT-HUB_-LIN-27,HUB_02,02/27/2025 08:49,LINEHAUL_CORRIDOR,452.9,3,24,9.71,PHARMA_GDP,26,COMPLETED
DSP-11428,RT-HUB_-REG-28,HUB_C,2025-02-27 06:50:00,REGIONAL_DISTRIB,302.5,4,79,8.54,PHARMA_GDP,26,COMPLETED
DSP-11429,RT-HUB_-REG-29,HUB_C,2025-02-28T09:19:00Z,REGIONAL_DISTRIB,269.1,4,68,7.74,PERISHABLE_FOOD,26,COMPLETED
DSP-11430,RT-HUB_-LIN-30,HUB_C,02/28/2025 11:33,LINEHAUL_CORRIDOR,466.7,1,32,9.31,PHARMA_GDP,26,COMPLETED
DSP-11431,RT-HUB_-LOC-31,HUB_02,2025-02-28 15:16:00,LOCAL_URBAN,129.3,7,85,8.21,PERISHABLE_FOOD,26,COMPLETED
DSP-11432,RT-HUB_-REG-32,HUB_C,2025-02-28T11:42:00Z,REGIONAL_DISTRIB,265.4,5,78,7.99,PERISHABLE_FOOD,26,COMPLETED
DSP-11433,RT-HUB_-REG-33,HUB_C,03/01/2025 05:30,REGIONAL_DISTRIB,276.2,5,71,8.24,PHARMA_GDP,26,COMPLETED
DSP-11434,RT-HUB_-REG-34,HUB_02,2025-03-01 12:24:00,REGIONAL_DISTRIB,298.6,5,66,8.78,PERISHABLE_FOOD,26,COMPLETED
DSP-11435,RT-HUB_-LIN-35,HUB_C,2025-03-01T10:16:00Z,LINEHAUL_CORRIDOR,415.1,3,32,8.98,PERISHABLE_FOOD,26,COMPLETED
DSP-11436,RT-HUB_-LOC-36,HUB_02,03/01/2025 08:14,LOCAL_URBAN,131.2,8,80,8.63,PHARMA_GDP,24,COMPLETED
DSP-11437,RT-HUB_-LOC-37,HUB_C,2025-03-02 11:41:00,LOCAL_URBAN,130.1,9,103,8.91,PERISHABLE_FOOD,24,COMPLETED
DSP-11438,RT-GREE-LIN-38,GREENSBORO_NC,2025-03-02T17:40:00Z,LINEHAUL_CORRIDOR,454.5,3,25,9.74,PHARMA_GDP,26,COMPLETED
DSP-11439,RT-HUB_-REG-39,HUB_C,03/02/2025 10:31,REGIONAL_DISTRIB,288.1,5,74,8.53,PHARMA_GDP,26,COMPLETED
DSP-11440,RT-HUB_-REG-40,HUB_C,2025-03-02 07:36:00,REGIONAL_DISTRIB,266.5,5,56,8.01,PERISHABLE_FOOD,26,VOID_TEST
DSP-11441,RT-HUB_-LOC-01,HUB_C,2025-03-03T13:58:00Z,LOCAL_URBAN,134.7,7,110,8.46,PERISHABLE_FOOD,25,COMPLETED
DSP-11442,RT-GREE-LIN-02,GREENSBORO_NC,03/03/2025 07:50,LINEHAUL_CORRIDOR,410.0,2,35,8.55,PERISHABLE_FOOD,26,COMPLETED
DSP-11443,RT-HUB_-LIN-03,HUB_02,2025-03-03 07:44:00,LINEHAUL_CORRIDOR,450.1,1,35,8.99,PERISHABLE_FOOD,26,COMPLETED
DSP-11444,RT-HUB_-LOC-04,HUB_C,2025-03-03T06:45:00Z,LOCAL_URBAN,112.1,7,105,7.43,PHARMA_GDP,26,COMPLETED
DSP-11445,RT-HUB_-REG-05,HUB_C,03/04/2025 18:27,REGIONAL_DISTRIB,273.5,6,69,8.51,PERISHABLE_FOOD,26,COMPLETED
DSP-11446,RT-HUB_-REG-06,HUB_02,2025-03-04 15:33:00,REGIONAL_DISTRIB,266.5,6,84,8.35,PERISHABLE_FOOD,26,COMPLETED
DSP-11447,RT-HUB_-LOC-07,HUB_C,2025-03-04T15:00:00Z,LOCAL_URBAN,125.9,8,90,8.39,PHARMA_GDP,24,COMPLETED
DSP-11448,RT-HUB_-LOC-08,HUB_02,03/04/2025 14:46,LOCAL_URBAN,131.7,10,108,9.32,PERISHABLE_FOOD,25,COMPLETED
DSP-11449,RT-HUB_-REG-09,HUB_C,2025-03-05 09:51:00,REGIONAL_DISTRIB,289.5,6,84,8.89,PHARMA_GDP,26,COMPLETED
DSP-11450,RT-HUB_-REG-10,HUB_02,2025-03-05T07:20:00Z,REGIONAL_DISTRIB,280.5,4,76,8.01,PERISHABLE_FOOD,26,COMPLETED
DSP-11451,RT-GREE-LOC-11,GREENSBORO_NC,03/05/2025 07:05,LOCAL_URBAN,123.6,7,94,7.95,PERISHABLE_FOOD,24,COMPLETED
DSP-11452,RT-HUB_-LIN-12,HUB_C,2025-03-05 13:41:00,LINEHAUL_CORRIDOR,428.4,2,37,8.91,PERISHABLE_FOOD,26,COMPLETED
DSP-11453,RT-GREE-LOC-13,GREENSBORO_NC,2025-03-06T11:03:00Z,LOCAL_URBAN,131.0,8,81,8.62,PHARMA_GDP,26,COMPLETED
DSP-11454,RT-HUB_-REG-14,HUB_C,03/06/2025 17:03,REGIONAL_DISTRIB,283.9,4,80,8.09,PERISHABLE_FOOD,26,COMPLETED
DSP-11455,RT-HUB_-LOC-15,HUB_C,2025-03-06 12:24:00,LOCAL_URBAN,114.1,8,89,7.85,PERISHABLE_FOOD,26,COMPLETED
DSP-11456,RT-HUB_-LIN-16,HUB_C,2025-03-06T12:59:00Z,LINEHAUL_CORRIDOR,466.9,2,32,9.65,PERISHABLE_FOOD,26,COMPLETED
DSP-11457,RT-GREE-LIN-17,GREENSBORO_NC,03/07/2025 17:09,LINEHAUL_CORRIDOR,410.0,2,37,8.55,PERISHABLE_FOOD,26,COMPLETED
DSP-11458,RT-HUB_-LOC-18,HUB_C,2025-03-07 12:20:00,LOCAL_URBAN,120.3,8,110,8.13,PERISHABLE_FOOD,24,COMPLETED
DSP-11459,RT-HUB_-REG-19,HUB_02,2025-03-07T08:27:00Z,REGIONAL_DISTRIB,268.7,5,57,8.06,PHARMA_GDP,26,COMPLETED
DSP-11460,RT-GREE-REG-20,GREENSBORO_NC,03/07/2025 17:50,REGIONAL_DISTRIB,302.5,4,61,8.54,PERISHABLE_FOOD,26,VOID_TEST
DSP-11461,RT-HUB_-REG-21,HUB_C,2025-03-08 10:22:00,REGIONAL_DISTRIB,283.6,6,74,8.75,PERISHABLE_FOOD,26,COMPLETED
DSP-11462,RT-GREE-REG-22,GREENSBORO_NC,2025-03-08T12:23:00Z,REGIONAL_DISTRIB,266.9,6,65,8.35,PERISHABLE_FOOD,26,COMPLETED
DSP-11463,RT-HUB_-REG-23,HUB_C,03/08/2025 17:48,REGIONAL_DISTRIB,279.2,4,83,7.98,PERISHABLE_FOOD,26,COMPLETED
DSP-11464,RT-HUB_-LOC-24,HUB_C,2025-03-08 13:23:00,LOCAL_URBAN,128.3,9,95,8.83,PERISHABLE_FOOD,26,COMPLETED
DSP-11465,RT-HUB_-REG-25,HUB_02,2025-03-09T10:10:00Z,REGIONAL_DISTRIB,288.7,5,81,8.54,PERISHABLE_FOOD,26,COMPLETED
DSP-11466,RT-HUB_-REG-26,HUB_02,03/09/2025 09:07,REGIONAL_DISTRIB,271.3,5,57,8.13,PHARMA_GDP,26,COMPLETED
DSP-11467,RT-GREE-REG-27,GREENSBORO_NC,2025-03-09 15:03:00,REGIONAL_DISTRIB,272.0,6,70,8.48,PERISHABLE_FOOD,26,COMPLETED
DSP-11468,RT-GREE-REG-28,GREENSBORO_NC,2025-03-09T14:36:00Z,REGIONAL_DISTRIB,287.1,6,81,8.84,PERISHABLE_FOOD,26,COMPLETED
DSP-11469,RT-HUB_-REG-29,HUB_C,03/10/2025 11:11,REGIONAL_DISTRIB,290.3,6,68,8.91,PERISHABLE_FOOD,26,COMPLETED
DSP-11470,RT-HUB_-REG-30,HUB_02,2025-03-10 16:28:00,REGIONAL_DISTRIB,283.5,5,81,8.42,PERISHABLE_FOOD,26,COMPLETED
DSP-11471,RT-GREE-LOC-31,GREENSBORO_NC,2025-03-10T17:31:00Z,LOCAL_URBAN,125.8,9,86,8.72,PHARMA_GDP,25,COMPLETED
DSP-11472,RT-HUB_-REG-32,HUB_02,03/10/2025 17:33,REGIONAL_DISTRIB,290.7,5,85,8.59,PHARMA_GDP,26,COMPLETED
DSP-11473,RT-GREE-LIN-33,GREENSBORO_NC,2025-03-11 16:55:00,LINEHAUL_CORRIDOR,425.8,1,26,8.52,PERISHABLE_FOOD,26,COMPLETED
DSP-11474,RT-HUB_-LIN-34,HUB_C,2025-03-11T11:23:00Z,LINEHAUL_CORRIDOR,461.4,2,31,9.54,PERISHABLE_FOOD,26,COMPLETED
DSP-11475,RT-GREE-LOC-35,GREENSBORO_NC,03/11/2025 10:24,LOCAL_URBAN,120.2,10,91,8.8,PERISHABLE_FOOD,24,COMPLETED
DSP-11476,RT-HUB_-REG-36,HUB_02,2025-03-11 10:31:00,REGIONAL_DISTRIB,279.7,5,79,8.33,PHARMA_GDP,26,COMPLETED
DSP-11477,RT-GREE-REG-37,GREENSBORO_NC,2025-03-12T12:09:00Z,REGIONAL_DISTRIB,282.8,6,72,8.73,PHARMA_GDP,26,COMPLETED
DSP-11478,RT-HUB_-LOC-38,HUB_C,03/12/2025 13:52,LOCAL_URBAN,127.8,10,96,9.14,PHARMA_GDP,25,COMPLETED
DSP-11479,RT-HUB_-LOC-39,HUB_02,2025-03-12 13:22:00,LOCAL_URBAN,133.9,9,85,9.09,PHARMA_GDP,24,COMPLETED
DSP-11480,RT-GREE-LOC-40,GREENSBORO_NC,2025-03-12T08:45:00Z,LOCAL_URBAN,134.8,7,111,8.46,PHARMA_GDP,26,COMPLETED
DSP-11481,RT-HUB_-REG-01,HUB_02,03/13/2025 15:00,REGIONAL_DISTRIB,269.7,4,64,7.75,PHARMA_GDP,26,COMPLETED
DSP-11482,RT-HUB_-REG-02,HUB_02,2025-03-13 16:06:00,REGIONAL_DISTRIB,304.9,4,68,8.59,PHARMA_GDP,26,COMPLETED
DSP-11483,RT-HUB_-REG-03,HUB_02,2025-03-13T10:53:00Z,REGIONAL_DISTRIB,291.8,5,80,8.61,PERISHABLE_FOOD,26,COMPLETED
DSP-11484,RT-HUB_-REG-04,HUB_C,03/13/2025 18:04,REGIONAL_DISTRIB,276.1,6,59,8.57,PHARMA_GDP,26,COMPLETED
DSP-11485,RT-HUB_-LIN-05,HUB_C,2025-03-14 18:22:00,LINEHAUL_CORRIDOR,457.1,3,35,9.79,PERISHABLE_FOOD,26,COMPLETED
DSP-11486,RT-GREE-REG-06,GREENSBORO_NC,2025-03-14T10:06:00Z,REGIONAL_DISTRIB,291.6,6,81,8.94,PERISHABLE_FOOD,26,COMPLETED
DSP-11487,RT-HUB_-REG-07,HUB_02,03/14/2025 06:05,REGIONAL_DISTRIB,282.4,5,57,8.39,PERISHABLE_FOOD,26,COMPLETED
DSP-11488,RT-GREE-LOC-08,GREENSBORO_NC,2025-03-14 16:47:00,LOCAL_URBAN,118.7,8,84,8.06,PERISHABLE_FOOD,24,COMPLETED
DSP-11489,RT-GREE-LOC-09,GREENSBORO_NC,2025-03-15T15:58:00Z,LOCAL_URBAN,124.9,10,88,9.01,PERISHABLE_FOOD,24,COMPLETED
DSP-11490,RT-GREE-REG-10,GREENSBORO_NC,03/15/2025 08:19,REGIONAL_DISTRIB,274.9,6,80,8.55,PERISHABLE_FOOD,26,COMPLETED
DSP-11491,RT-GREE-REG-11,GREENSBORO_NC,2025-03-15 14:37:00,REGIONAL_DISTRIB,298.8,6,56,9.11,PERISHABLE_FOOD,26,COMPLETED
DSP-11492,RT-HUB_-REG-12,HUB_C,2025-03-15T15:19:00Z,REGIONAL_DISTRIB,283.8,6,60,8.76,PERISHABLE_FOOD,26,COMPLETED
DSP-11493,RT-HUB_-LIN-13,HUB_C,03/16/2025 12:06,LINEHAUL_CORRIDOR,411.8,2,23,8.59,PHARMA_GDP,26,COMPLETED
DSP-11494,RT-GREE-REG-14,GREENSBORO_NC,2025-03-16 07:36:00,REGIONAL_DISTRIB,278.3,6,70,8.63,PHARMA_GDP,26,COMPLETED
DSP-11495,RT-HUB_-REG-15,HUB_C,2025-03-16T08:44:00Z,REGIONAL_DISTRIB,299.6,5,57,8.8,PHARMA_GDP,26,COMPLETED
DSP-11496,RT-GREE-REG-16,GREENSBORO_NC,03/16/2025 13:33,REGIONAL_DISTRIB,275.3,4,71,7.89,PHARMA_GDP,26,COMPLETED
DSP-11497,RT-HUB_-LOC-17,HUB_C,2025-03-17 06:21:00,LOCAL_URBAN,134.1,7,80,8.43,PHARMA_GDP,25,COMPLETED
DSP-11498,RT-GREE-REG-18,GREENSBORO_NC,2025-03-17T08:04:00Z,REGIONAL_DISTRIB,263.1,4,61,7.6,PERISHABLE_FOOD,26,COMPLETED
DSP-11499,RT-HUB_-LOC-19,HUB_02,03/17/2025 17:24,LOCAL_URBAN,127.1,8,103,8.44,PERISHABLE_FOOD,25,COMPLETED
DSP-11500,RT-HUB_-REG-20,HUB_C,2025-03-17 18:29:00,REGIONAL_DISTRIB,296.6,5,55,8.73,PERISHABLE_FOOD,26,COMPLETED
DSP-11501,RT-HUB_-LOC-21,HUB_02,2025-03-18T08:09:00Z,LOCAL_URBAN,127.1,8,86,8.44,PERISHABLE_FOOD,26,COMPLETED
DSP-11502,RT-HUB_-LIN-22,HUB_02,03/18/2025 10:45,LINEHAUL_CORRIDOR,442.9,2,34,9.18,PERISHABLE_FOOD,26,COMPLETED
DSP-11503,RT-HUB_-LIN-23,HUB_C,2025-03-18 18:23:00,LINEHAUL_CORRIDOR,439.4,2,21,9.12,PHARMA_GDP,26,COMPLETED
DSP-11504,RT-GREE-REG-24,GREENSBORO_NC,2025-03-18T14:06:00Z,REGIONAL_DISTRIB,286.6,6,57,8.82,PERISHABLE_FOOD,26,COMPLETED
DSP-11505,RT-GREE-REG-25,GREENSBORO_NC,03/19/2025 13:18,REGIONAL_DISTRIB,294.1,6,61,9.0,PHARMA_GDP,26,COMPLETED
DSP-11506,RT-GREE-REG-26,GREENSBORO_NC,2025-03-19 11:05:00,REGIONAL_DISTRIB,279.6,4,70,7.99,PHARMA_GDP,26,COMPLETED
DSP-11507,RT-HUB_-REG-27,HUB_02,2025-03-19T14:23:00Z,REGIONAL_DISTRIB,304.7,5,79,8.92,PERISHABLE_FOOD,26,COMPLETED
DSP-11508,RT-HUB_-REG-28,HUB_C,03/19/2025 16:33,REGIONAL_DISTRIB,286.4,6,72,8.82,PHARMA_GDP,26,COMPLETED
DSP-11509,RT-HUB_-LIN-29,HUB_C,2025-03-20 17:02:00,LINEHAUL_CORRIDOR,433.1,2,37,9.0,PHARMA_GDP,26,COMPLETED
DSP-11510,RT-HUB_-REG-30,HUB_C,2025-03-20T08:27:00Z,REGIONAL_DISTRIB,290.7,4,84,8.25,PHARMA_GDP,26,COMPLETED
DSP-11511,RT-HUB_-LOC-31,HUB_02,03/20/2025 09:27,LOCAL_URBAN,115.1,8,80,7.9,PHARMA_GDP,25,COMPLETED
DSP-11512,RT-HUB_-LOC-32,HUB_02,2025-03-20 11:28:00,LOCAL_URBAN,116.0,9,91,8.27,PERISHABLE_FOOD,24,COMPLETED
DSP-11513,RT-HUB_-LOC-33,HUB_C,2025-03-21T15:49:00Z,LOCAL_URBAN,125.0,9,107,8.68,PERISHABLE_FOOD,26,COMPLETED
DSP-11514,RT-GREE-REG-34,GREENSBORO_NC,03/21/2025 11:47,REGIONAL_DISTRIB,272.3,6,55,8.48,PHARMA_GDP,26,COMPLETED
DSP-11515,RT-HUB_-LIN-35,HUB_C,2025-03-21 06:14:00,LINEHAUL_CORRIDOR,439.3,3,20,9.45,PERISHABLE_FOOD,26,COMPLETED
DSP-11516,RT-HUB_-REG-36,HUB_C,2025-03-21T06:41:00Z,REGIONAL_DISTRIB,270.0,6,58,8.43,PHARMA_GDP,26,COMPLETED
DSP-11517,RT-HUB_-LIN-37,HUB_C,03/22/2025 10:24,LINEHAUL_CORRIDOR,425.4,3,32,9.18,PHARMA_GDP,26,COMPLETED
DSP-11518,RT-HUB_-REG-38,HUB_C,2025-03-22 08:38:00,REGIONAL_DISTRIB,277.8,4,85,7.95,PHARMA_GDP,26,COMPLETED
DSP-11519,RT-HUB_-REG-39,HUB_C,2025-03-22T07:18:00Z,REGIONAL_DISTRIB,264.9,4,56,7.64,PERISHABLE_FOOD,26,COMPLETED
DSP-11520,RT-HUB_-LOC-40,HUB_C,03/22/2025 16:29,LOCAL_URBAN,125.4,10,89,9.03,PERISHABLE_FOOD,24,COMPLETED
DSP-11521,RT-HUB_-REG-01,HUB_C,2025-03-23 11:25:00,REGIONAL_DISTRIB,292.6,4,73,8.3,PHARMA_GDP,26,COMPLETED
DSP-11522,RT-HUB_-REG-02,HUB_C,2025-03-23T10:02:00Z,REGIONAL_DISTRIB,269.0,6,56,8.4,PHARMA_GDP,26,COMPLETED
DSP-11523,RT-HUB_-REG-03,HUB_C,03/23/2025 07:23,REGIONAL_DISTRIB,275.1,6,69,8.55,PHARMA_GDP,26,COMPLETED
DSP-11524,RT-GREE-REG-04,GREENSBORO_NC,2025-03-23 15:34:00,REGIONAL_DISTRIB,267.2,6,85,8.36,PHARMA_GDP,26,COMPLETED
DSP-11525,RT-GREE-LOC-05,GREENSBORO_NC,2025-03-24T15:44:00Z,LOCAL_URBAN,128.0,9,103,8.82,PHARMA_GDP,24,VOID_TEST
DSP-11526,RT-HUB_-REG-06,HUB_C,03/24/2025 15:04,REGIONAL_DISTRIB,296.6,6,58,9.06,PERISHABLE_FOOD,26,COMPLETED
DSP-11527,RT-GREE-LIN-07,GREENSBORO_NC,2025-03-24 13:28:00,LINEHAUL_CORRIDOR,438.6,3,40,9.43,PHARMA_GDP,26,COMPLETED
DSP-11528,RT-GREE-REG-08,GREENSBORO_NC,2025-03-24T13:04:00Z,REGIONAL_DISTRIB,271.3,6,69,8.46,PERISHABLE_FOOD,26,COMPLETED
DSP-11529,RT-HUB_-LOC-09,HUB_C,03/25/2025 11:17,LOCAL_URBAN,125.9,8,104,8.39,PERISHABLE_FOOD,24,COMPLETED
DSP-11530,RT-HUB_-LOC-10,HUB_02,2025-03-25 10:43:00,LOCAL_URBAN,121.5,8,105,8.19,PHARMA_GDP,26,COMPLETED
DSP-11531,RT-HUB_-LIN-11,HUB_02,2025-03-25T10:51:00Z,LINEHAUL_CORRIDOR,437.6,2,34,9.08,PERISHABLE_FOOD,26,COMPLETED
DSP-11532,RT-HUB_-LOC-12,HUB_02,03/25/2025 09:25,LOCAL_URBAN,123.2,8,93,8.27,PERISHABLE_FOOD,26,COMPLETED
DSP-11533,RT-GREE-REG-13,GREENSBORO_NC,2025-03-26 11:39:00,REGIONAL_DISTRIB,280.9,5,66,8.35,PERISHABLE_FOOD,26,COMPLETED
DSP-11534,RT-GREE-REG-14,GREENSBORO_NC,2025-03-26T11:05:00Z,REGIONAL_DISTRIB,273.5,6,68,8.51,PHARMA_GDP,26,COMPLETED
DSP-11535,RT-GREE-REG-15,GREENSBORO_NC,03/26/2025 12:06,REGIONAL_DISTRIB,283.3,4,85,8.08,PERISHABLE_FOOD,26,COMPLETED
DSP-11536,RT-HUB_-LIN-16,HUB_02,2025-03-26 07:56:00,LINEHAUL_CORRIDOR,450.8,1,40,9.0,PHARMA_GDP,26,COMPLETED
DSP-11537,RT-HUB_-LIN-17,HUB_C,2025-03-27T15:36:00Z,LINEHAUL_CORRIDOR,417.8,2,30,8.7,PERISHABLE_FOOD,26,COMPLETED
DSP-11538,RT-HUB_-LOC-18,HUB_C,03/27/2025 10:42,LOCAL_URBAN,133.0,7,101,8.38,PERISHABLE_FOOD,25,COMPLETED
DSP-11539,RT-HUB_-REG-19,HUB_C,2025-03-27 12:51:00,REGIONAL_DISTRIB,263.0,6,84,8.26,PHARMA_GDP,26,COMPLETED
DSP-11540,RT-HUB_-REG-20,HUB_02,2025-03-27T11:37:00Z,REGIONAL_DISTRIB,296.1,4,83,8.38,PERISHABLE_FOOD,26,COMPLETED
DSP-11541,RT-GREE-REG-21,GREENSBORO_NC,03/28/2025 17:24,REGIONAL_DISTRIB,285.3,6,70,8.79,PERISHABLE_FOOD,26,COMPLETED
DSP-11542,RT-HUB_-REG-22,HUB_C,2025-03-28 12:00:00,REGIONAL_DISTRIB,266.6,5,58,8.01,PERISHABLE_FOOD,26,COMPLETED
DSP-11543,RT-HUB_-REG-23,HUB_C,2025-03-28T13:27:00Z,REGIONAL_DISTRIB,286.4,5,84,8.49,PERISHABLE_FOOD,26,COMPLETED
DSP-11544,RT-HUB_-LIN-24,HUB_02,03/28/2025 07:38,LINEHAUL_CORRIDOR,444.0,2,22,9.21,PERISHABLE_FOOD,26,COMPLETED
DSP-11545,RT-GREE-REG-25,GREENSBORO_NC,2025-03-29 10:15:00,REGIONAL_DISTRIB,266.7,6,61,8.35,PERISHABLE_FOOD,26,COMPLETED
DSP-11546,RT-HUB_-REG-26,HUB_C,2025-03-29T07:53:00Z,REGIONAL_DISTRIB,304.3,5,55,8.91,PERISHABLE_FOOD,26,COMPLETED
DSP-11547,RT-HUB_-REG-27,HUB_C,03/29/2025 06:11,REGIONAL_DISTRIB,304.2,4,70,8.58,PHARMA_GDP,26,COMPLETED
DSP-11548,RT-HUB_-REG-28,HUB_02,2025-03-29 15:35:00,REGIONAL_DISTRIB,304.8,5,56,8.92,PHARMA_GDP,26,COMPLETED
DSP-11549,RT-HUB_-LOC-29,HUB_C,2025-03-30T12:54:00Z,LOCAL_URBAN,134.5,7,81,8.45,PHARMA_GDP,24,COMPLETED
DSP-11550,RT-GREE-REG-30,GREENSBORO_NC,03/30/2025 12:15,REGIONAL_DISTRIB,291.4,5,66,8.6,PERISHABLE_FOOD,26,COMPLETED
DSP-11551,RT-HUB_-REG-31,HUB_02,2025-03-30 15:35:00,REGIONAL_DISTRIB,284.9,5,64,8.45,PHARMA_GDP,26,COMPLETED
DSP-11552,RT-HUB_-LIN-32,HUB_02,2025-03-30T08:34:00Z,LINEHAUL_CORRIDOR,463.7,1,24,9.25,PERISHABLE_FOOD,26,COMPLETED
DSP-11553,RT-HUB_-LOC-33,HUB_C,03/31/2025 17:21,LOCAL_URBAN,130.0,7,84,8.24,PHARMA_GDP,24,COMPLETED
DSP-11554,RT-GREE-LOC-34,GREENSBORO_NC,2025-03-31 14:37:00,LOCAL_URBAN,124.6,10,101,9.0,PERISHABLE_FOOD,24,COMPLETED
DSP-11555,RT-HUB_-LOC-35,HUB_C,2025-03-31T05:57:00Z,LOCAL_URBAN,128.7,7,91,8.18,PHARMA_GDP,24,COMPLETED
DSP-11556,RT-HUB_-LOC-36,HUB_C,03/31/2025 13:22,LOCAL_URBAN,127.9,10,100,9.15,PERISHABLE_FOOD,24,COMPLETED
DSP-11557,RT-HUB_-REG-37,HUB_02,2025-04-01 12:41:00,REGIONAL_DISTRIB,268.4,5,78,8.06,PERISHABLE_FOOD,26,COMPLETED
DSP-11558,RT-HUB_-LOC-38,HUB_C,2025-04-01T16:37:00Z,LOCAL_URBAN,114.9,8,114,7.89,PERISHABLE_FOOD,24,COMPLETED
DSP-11559,RT-HUB_-LOC-39,HUB_C,04/01/2025 10:08,LOCAL_URBAN,131.2,8,90,8.63,PHARMA_GDP,26,COMPLETED
DSP-11560,RT-GREE-REG-40,GREENSBORO_NC,2025-04-01 16:26:00,REGIONAL_DISTRIB,279.2,5,78,8.31,PHARMA_GDP,26,COMPLETED
DSP-11561,RT-HUB_-REG-01,HUB_02,2025-04-02T15:18:00Z,REGIONAL_DISTRIB,267.3,4,57,7.7,PERISHABLE_FOOD,26,COMPLETED
DSP-11562,RT-HUB_-REG-02,HUB_C,04/02/2025 11:07,REGIONAL_DISTRIB,300.4,5,55,8.82,PERISHABLE_FOOD,26,COMPLETED
DSP-11563,RT-HUB_-REG-03,HUB_02,2025-04-02 12:52:00,REGIONAL_DISTRIB,287.2,4,73,8.17,PHARMA_GDP,26,COMPLETED
DSP-11564,RT-HUB_-REG-04,HUB_02,2025-04-02T09:07:00Z,REGIONAL_DISTRIB,273.5,5,65,8.18,PERISHABLE_FOOD,26,COMPLETED
DSP-11565,RT-GREE-REG-05,GREENSBORO_NC,04/03/2025 13:25,REGIONAL_DISTRIB,280.9,5,65,8.35,PERISHABLE_FOOD,26,COMPLETED
DSP-11566,RT-HUB_-LOC-06,HUB_02,2025-04-03 17:50:00,LOCAL_URBAN,128.4,10,106,9.17,PERISHABLE_FOOD,24,COMPLETED
DSP-11567,RT-GREE-LOC-07,GREENSBORO_NC,2025-04-03T08:36:00Z,LOCAL_URBAN,119.1,10,91,8.75,PHARMA_GDP,24,COMPLETED
DSP-11568,RT-HUB_-LOC-08,HUB_02,04/03/2025 13:47,LOCAL_URBAN,118.4,7,111,7.72,PHARMA_GDP,25,COMPLETED
DSP-11569,RT-HUB_-REG-09,HUB_02,2025-04-04 15:33:00,REGIONAL_DISTRIB,282.5,5,85,8.39,PERISHABLE_FOOD,26,COMPLETED
DSP-11570,RT-HUB_-LOC-10,HUB_C,2025-04-04T13:21:00Z,LOCAL_URBAN,118.1,10,98,8.7,PHARMA_GDP,26,COMPLETED
DSP-11571,RT-HUB_-LOC-11,HUB_02,04/04/2025 14:57,LOCAL_URBAN,117.7,8,101,8.02,PERISHABLE_FOOD,26,COMPLETED
DSP-11572,RT-GREE-LOC-12,GREENSBORO_NC,2025-04-04 06:31:00,LOCAL_URBAN,117.0,9,88,8.32,PHARMA_GDP,25,COMPLETED
DSP-11573,RT-HUB_-LOC-13,HUB_02,2025-04-05T17:47:00Z,LOCAL_URBAN,133.6,8,100,8.74,PERISHABLE_FOOD,25,COMPLETED
DSP-11574,RT-GREE-REG-14,GREENSBORO_NC,04/05/2025 17:07,REGIONAL_DISTRIB,291.4,4,85,8.27,PHARMA_GDP,26,COMPLETED
DSP-11575,RT-HUB_-REG-15,HUB_C,2025-04-05 12:18:00,REGIONAL_DISTRIB,281.1,4,65,8.03,PERISHABLE_FOOD,26,COMPLETED
DSP-11576,RT-HUB_-LOC-16,HUB_02,2025-04-05T18:19:00Z,LOCAL_URBAN,122.3,9,84,8.56,PERISHABLE_FOOD,24,COMPLETED
DSP-11577,RT-HUB_-REG-17,HUB_C,04/06/2025 10:52,REGIONAL_DISTRIB,295.0,5,62,8.69,PHARMA_GDP,26,COMPLETED
DSP-11578,RT-HUB_-REG-18,HUB_02,2025-04-06 18:11:00,REGIONAL_DISTRIB,295.3,5,70,8.7,PERISHABLE_FOOD,26,COMPLETED
DSP-11579,RT-GREE-REG-19,GREENSBORO_NC,2025-04-06T09:20:00Z,REGIONAL_DISTRIB,273.3,4,78,7.84,PERISHABLE_FOOD,26,COMPLETED
DSP-11580,RT-GREE-LIN-20,GREENSBORO_NC,04/06/2025 06:11,LINEHAUL_CORRIDOR,410.7,2,26,8.56,PHARMA_GDP,26,COMPLETED
DSP-11581,RT-HUB_-LOC-21,HUB_02,2025-04-07 08:08:00,LOCAL_URBAN,121.6,8,108,8.19,PERISHABLE_FOOD,26,COMPLETED
DSP-11582,RT-HUB_-LOC-22,HUB_02,2025-04-07T09:40:00Z,LOCAL_URBAN,116.8,9,92,8.31,PERISHABLE_FOOD,25,COMPLETED
DSP-11583,RT-HUB_-LIN-23,HUB_02,04/07/2025 11:23,LINEHAUL_CORRIDOR,417.4,2,37,8.69,PERISHABLE_FOOD,26,COMPLETED
DSP-11584,RT-GREE-LOC-24,GREENSBORO_NC,2025-04-07 17:32:00,LOCAL_URBAN,120.9,9,105,8.5,PHARMA_GDP,26,COMPLETED
DSP-11585,RT-HUB_-REG-25,HUB_02,2025-04-08T12:34:00Z,REGIONAL_DISTRIB,285.6,6,56,8.8,PERISHABLE_FOOD,26,COMPLETED
DSP-11586,RT-HUB_-LOC-26,HUB_C,04/08/2025 10:35,LOCAL_URBAN,123.1,8,85,8.26,PERISHABLE_FOOD,25,COMPLETED
DSP-11587,RT-HUB_-REG-27,HUB_C,2025-04-08 16:39:00,REGIONAL_DISTRIB,284.5,6,68,8.77,PERISHABLE_FOOD,26,COMPLETED
DSP-11588,RT-HUB_-LIN-28,HUB_C,2025-04-08T16:13:00Z,LINEHAUL_CORRIDOR,436.9,1,28,8.74,PHARMA_GDP,26,COMPLETED
DSP-11589,RT-HUB_-REG-29,HUB_C,04/09/2025 08:25,REGIONAL_DISTRIB,291.4,5,56,8.6,PHARMA_GDP,26,COMPLETED
DSP-11590,RT-HUB_-REG-30,HUB_02,2025-04-09 12:31:00,REGIONAL_DISTRIB,294.0,6,67,9.0,PHARMA_GDP,26,COMPLETED
DSP-11591,RT-GREE-REG-31,GREENSBORO_NC,2025-04-09T15:01:00Z,REGIONAL_DISTRIB,263.1,4,73,7.6,PHARMA_GDP,26,VOID_TEST
DSP-11592,RT-GREE-LOC-32,GREENSBORO_NC,04/09/2025 06:28,LOCAL_URBAN,132.0,8,105,8.67,PHARMA_GDP,26,COMPLETED
DSP-11593,RT-GREE-REG-33,GREENSBORO_NC,2025-04-10 18:08:00,REGIONAL_DISTRIB,285.0,6,67,8.79,PHARMA_GDP,26,COMPLETED
DSP-11594,RT-HUB_-REG-34,HUB_C,2025-04-10T13:08:00Z,REGIONAL_DISTRIB,271.7,4,75,7.8,PHARMA_GDP,26,COMPLETED
DSP-11595,RT-GREE-REG-35,GREENSBORO_NC,04/10/2025 17:29,REGIONAL_DISTRIB,278.3,4,58,7.96,PHARMA_GDP,26,COMPLETED
DSP-11596,RT-HUB_-REG-36,HUB_C,2025-04-10 15:22:00,REGIONAL_DISTRIB,293.1,5,81,8.65,PERISHABLE_FOOD,26,COMPLETED
DSP-11597,RT-HUB_-LOC-37,HUB_02,2025-04-11T05:43:00Z,LOCAL_URBAN,125.7,9,93,8.71,PERISHABLE_FOOD,25,COMPLETED
DSP-11598,RT-HUB_-LOC-38,HUB_02,04/11/2025 15:18,LOCAL_URBAN,133.7,10,100,9.41,PERISHABLE_FOOD,25,COMPLETED
DSP-11599,RT-HUB_-REG-39,HUB_02,2025-04-11 14:36:00,REGIONAL_DISTRIB,286.9,6,82,8.83,PERISHABLE_FOOD,26,COMPLETED
DSP-11600,RT-HUB_-REG-40,HUB_C,2025-04-11T12:16:00Z,REGIONAL_DISTRIB,298.6,5,84,8.78,PHARMA_GDP,26,COMPLETED
DSP-11601,RT-HUB_-LOC-01,HUB_C,04/12/2025 06:47,LOCAL_URBAN,119.2,8,107,8.08,PERISHABLE_FOOD,25,COMPLETED
DSP-11602,RT-HUB_-REG-02,HUB_C,2025-04-12 18:28:00,REGIONAL_DISTRIB,261.6,4,64,7.56,PHARMA_GDP,26,COMPLETED
DSP-11603,RT-GREE-REG-03,GREENSBORO_NC,2025-04-12T07:30:00Z,REGIONAL_DISTRIB,290.7,4,83,8.25,PERISHABLE_FOOD,26,COMPLETED
DSP-11604,RT-GREE-LOC-04,GREENSBORO_NC,04/12/2025 12:34,LOCAL_URBAN,131.7,9,97,8.99,PHARMA_GDP,26,COMPLETED
DSP-11605,RT-HUB_-LOC-05,HUB_C,2025-04-13 12:56:00,LOCAL_URBAN,119.9,10,81,8.78,PHARMA_GDP,25,COMPLETED
DSP-11606,RT-HUB_-REG-06,HUB_C,2025-04-13T16:48:00Z,REGIONAL_DISTRIB,262.0,4,85,7.57,PERISHABLE_FOOD,26,COMPLETED
DSP-11607,RT-HUB_-LIN-07,HUB_C,04/13/2025 17:30,LINEHAUL_CORRIDOR,411.5,2,26,8.58,PHARMA_GDP,26,COMPLETED
DSP-11608,RT-HUB_-LIN-08,HUB_C,2025-04-13 17:44:00,LINEHAUL_CORRIDOR,460.1,2,37,9.51,PERISHABLE_FOOD,26,COMPLETED
DSP-11609,RT-GREE-LOC-09,GREENSBORO_NC,2025-04-14T07:53:00Z,LOCAL_URBAN,119.1,9,109,8.41,PERISHABLE_FOOD,26,COMPLETED
DSP-11610,RT-HUB_-REG-10,HUB_02,04/14/2025 08:07,REGIONAL_DISTRIB,284.3,5,78,8.44,PERISHABLE_FOOD,26,COMPLETED
DSP-11611,RT-HUB_-LIN-11,HUB_02,2025-04-14 10:57:00,LINEHAUL_CORRIDOR,456.0,1,35,9.1,PERISHABLE_FOOD,26,COMPLETED
DSP-11612,RT-HUB_-LIN-12,HUB_02,2025-04-14T05:51:00Z,LINEHAUL_CORRIDOR,430.0,2,40,8.94,PERISHABLE_FOOD,26,COMPLETED
DSP-11613,RT-GREE-LOC-13,GREENSBORO_NC,04/15/2025 16:55,LOCAL_URBAN,118.5,8,88,8.05,PERISHABLE_FOOD,24,COMPLETED
DSP-11614,RT-HUB_-LIN-14,HUB_02,2025-04-15 10:29:00,LINEHAUL_CORRIDOR,469.4,3,21,10.03,PERISHABLE_FOOD,26,COMPLETED
DSP-11615,RT-HUB_-REG-15,HUB_C,2025-04-15T14:29:00Z,REGIONAL_DISTRIB,290.8,5,70,8.59,PHARMA_GDP,26,COMPLETED
DSP-11616,RT-GREE-LIN-16,GREENSBORO_NC,04/15/2025 09:10,LINEHAUL_CORRIDOR,423.1,2,33,8.8,PERISHABLE_FOOD,26,COMPLETED
DSP-11617,RT-HUB_-LIN-17,HUB_C,2025-04-16 12:39:00,LINEHAUL_CORRIDOR,463.7,1,20,9.25,PERISHABLE_FOOD,26,COMPLETED
DSP-11618,RT-GREE-LIN-18,GREENSBORO_NC,2025-04-16T08:31:00Z,LINEHAUL_CORRIDOR,424.5,2,29,8.83,PERISHABLE_FOOD,26,COMPLETED
DSP-11619,RT-HUB_-LOC-19,HUB_02,04/16/2025 11:52,LOCAL_URBAN,114.6,7,84,7.54,PHARMA_GDP,24,COMPLETED
DSP-11620,RT-HUB_-REG-20,HUB_C,2025-04-16 15:07:00,REGIONAL_DISTRIB,273.5,5,66,8.18,PHARMA_GDP,26,COMPLETED
DSP-11621,RT-GREE-REG-21,GREENSBORO_NC,2025-04-17T05:46:00Z,REGIONAL_DISTRIB,261.9,5,56,7.9,PERISHABLE_FOOD,26,COMPLETED
DSP-11622,RT-HUB_-REG-22,HUB_02,04/17/2025 16:01,REGIONAL_DISTRIB,294.6,5,77,8.68,PERISHABLE_FOOD,26,COMPLETED
DSP-11623,RT-HUB_-LOC-23,HUB_02,2025-04-17 06:45:00,LOCAL_URBAN,122.2,7,110,7.89,PHARMA_GDP,24,COMPLETED
DSP-11624,RT-GREE-REG-24,GREENSBORO_NC,2025-04-17T05:50:00Z,REGIONAL_DISTRIB,264.2,5,78,7.96,PHARMA_GDP,26,COMPLETED
DSP-11625,RT-GREE-LIN-25,GREENSBORO_NC,04/18/2025 15:25,LINEHAUL_CORRIDOR,423.0,2,23,8.8,PHARMA_GDP,26,COMPLETED
DSP-11626,RT-HUB_-LIN-26,HUB_C,2025-04-18 18:29:00,LINEHAUL_CORRIDOR,436.7,3,25,9.4,PERISHABLE_FOOD,26,COMPLETED
DSP-11627,RT-GREE-LOC-27,GREENSBORO_NC,2025-04-18T07:32:00Z,LOCAL_URBAN,124.6,10,91,9.0,PERISHABLE_FOOD,25,COMPLETED
DSP-11628,RT-HUB_-REG-28,HUB_02,04/18/2025 05:54,REGIONAL_DISTRIB,290.9,4,61,8.26,PERISHABLE_FOOD,26,COMPLETED
DSP-11629,RT-GREE-LIN-29,GREENSBORO_NC,2025-04-19 16:07:00,LINEHAUL_CORRIDOR,456.3,1,29,9.11,PHARMA_GDP,26,COMPLETED
DSP-11630,RT-HUB_-REG-30,HUB_C,2025-04-19T17:08:00Z,REGIONAL_DISTRIB,296.4,4,58,8.39,PHARMA_GDP,26,COMPLETED
DSP-11631,RT-HUB_-REG-31,HUB_02,04/19/2025 16:04,REGIONAL_DISTRIB,295.7,5,55,8.71,PERISHABLE_FOOD,26,COMPLETED
DSP-11632,RT-HUB_-LOC-32,HUB_02,2025-04-19 15:52:00,LOCAL_URBAN,120.9,10,84,8.83,PHARMA_GDP,25,COMPLETED
DSP-11633,RT-GREE-LIN-33,GREENSBORO_NC,2025-04-20T14:41:00Z,LINEHAUL_CORRIDOR,464.4,1,23,9.26,PHARMA_GDP,26,COMPLETED
DSP-11634,RT-HUB_-REG-34,HUB_02,04/20/2025 14:56,REGIONAL_DISTRIB,284.6,6,63,8.78,PERISHABLE_FOOD,26,COMPLETED
DSP-11635,RT-HUB_-LOC-35,HUB_C,2025-04-20 14:20:00,LOCAL_URBAN,113.7,8,105,7.83,PHARMA_GDP,24,VOID_TEST
DSP-11636,RT-GREE-REG-36,GREENSBORO_NC,2025-04-20T11:28:00Z,REGIONAL_DISTRIB,286.4,4,64,8.15,PERISHABLE_FOOD,26,COMPLETED
DSP-11637,RT-HUB_-LIN-37,HUB_02,04/21/2025 07:54,LINEHAUL_CORRIDOR,421.3,2,35,8.77,PERISHABLE_FOOD,26,COMPLETED
DSP-11638,RT-GREE-REG-38,GREENSBORO_NC,2025-04-21 17:34:00,REGIONAL_DISTRIB,296.2,4,76,8.39,PHARMA_GDP,26,COMPLETED
DSP-11639,RT-HUB_-REG-39,HUB_C,2025-04-21T09:56:00Z,REGIONAL_DISTRIB,271.1,5,81,8.12,PERISHABLE_FOOD,26,COMPLETED
DSP-11640,RT-HUB_-LOC-40,HUB_02,04/21/2025 10:55,LOCAL_URBAN,118.0,10,81,8.7,PHARMA_GDP,26,COMPLETED
DSP-11641,RT-HUB_-REG-01,HUB_C,2025-04-22 16:25:00,REGIONAL_DISTRIB,265.7,6,85,8.33,PERISHABLE_FOOD,26,COMPLETED
DSP-11642,RT-HUB_-LOC-02,HUB_C,2025-04-22T11:34:00Z,LOCAL_URBAN,123.0,10,84,8.92,PERISHABLE_FOOD,24,COMPLETED
DSP-11643,RT-GREE-LIN-03,GREENSBORO_NC,04/22/2025 09:59,LINEHAUL_CORRIDOR,418.7,3,21,9.05,PHARMA_GDP,26,COMPLETED
DSP-11644,RT-HUB_-REG-04,HUB_02,2025-04-22 14:01:00,REGIONAL_DISTRIB,284.1,5,84,8.43,PHARMA_GDP,26,COMPLETED
DSP-11645,RT-GREE-REG-05,GREENSBORO_NC,2025-04-23T12:51:00Z,REGIONAL_DISTRIB,285.2,6,74,8.79,PERISHABLE_FOOD,26,COMPLETED
DSP-11646,RT-HUB_-LIN-06,HUB_02,04/23/2025 10:25,LINEHAUL_CORRIDOR,442.0,3,40,9.5,PHARMA_GDP,26,COMPLETED
DSP-11647,RT-GREE-LOC-07,GREENSBORO_NC,2025-04-23 09:42:00,LOCAL_URBAN,133.2,9,95,9.05,PERISHABLE_FOOD,25,COMPLETED
DSP-11648,RT-GREE-REG-08,GREENSBORO_NC,2025-04-23T18:09:00Z,REGIONAL_DISTRIB,272.5,6,68,8.49,PERISHABLE_FOOD,26,COMPLETED
DSP-11649,RT-HUB_-LIN-09,HUB_C,04/24/2025 09:21,LINEHAUL_CORRIDOR,451.3,1,31,9.01,PERISHABLE_FOOD,26,COMPLETED
DSP-11650,RT-GREE-LOC-10,GREENSBORO_NC,2025-04-24 10:41:00,LOCAL_URBAN,128.1,9,95,8.82,PHARMA_GDP,26,COMPLETED
DSP-11651,RT-HUB_-REG-11,HUB_02,2025-04-24T13:51:00Z,REGIONAL_DISTRIB,277.6,6,63,8.61,PERISHABLE_FOOD,26,COMPLETED
DSP-11652,RT-GREE-LOC-12,GREENSBORO_NC,04/24/2025 06:42,LOCAL_URBAN,113.1,10,115,8.47,PERISHABLE_FOOD,24,COMPLETED
DSP-11653,RT-HUB_-LIN-13,HUB_02,2025-04-25 08:47:00,LINEHAUL_CORRIDOR,437.3,3,38,9.41,PERISHABLE_FOOD,26,COMPLETED
DSP-11654,RT-HUB_-REG-14,HUB_02,2025-04-25T06:38:00Z,REGIONAL_DISTRIB,282.0,4,70,8.05,PERISHABLE_FOOD,26,COMPLETED
DSP-11655,RT-HUB_-REG-15,HUB_02,04/25/2025 14:04,REGIONAL_DISTRIB,304.7,4,82,8.59,PHARMA_GDP,26,COMPLETED
DSP-11656,RT-HUB_-LIN-16,HUB_C,2025-04-25 05:37:00,LINEHAUL_CORRIDOR,451.2,1,21,9.01,PERISHABLE_FOOD,26,COMPLETED
DSP-11657,RT-GREE-REG-17,GREENSBORO_NC,2025-04-26T13:52:00Z,REGIONAL_DISTRIB,272.8,4,62,7.83,PHARMA_GDP,26,COMPLETED
DSP-11658,RT-HUB_-LOC-18,HUB_C,04/26/2025 09:04,LOCAL_URBAN,124.6,8,90,8.33,PERISHABLE_FOOD,25,COMPLETED
DSP-11659,RT-HUB_-LOC-19,HUB_C,2025-04-26 11:44:00,LOCAL_URBAN,128.5,9,111,8.84,PHARMA_GDP,24,COMPLETED
DSP-11660,RT-GREE-LOC-20,GREENSBORO_NC,2025-04-26T15:49:00Z,LOCAL_URBAN,114.3,8,97,7.86,PHARMA_GDP,24,COMPLETED
DSP-11661,RT-GREE-LIN-21,GREENSBORO_NC,04/27/2025 16:58,LINEHAUL_CORRIDOR,436.8,1,23,8.73,PERISHABLE_FOOD,26,COMPLETED
DSP-11662,RT-GREE-LIN-22,GREENSBORO_NC,2025-04-27 09:26:00,LINEHAUL_CORRIDOR,461.0,2,20,9.53,PERISHABLE_FOOD,26,COMPLETED
DSP-11663,RT-HUB_-REG-23,HUB_02,2025-04-27T13:08:00Z,REGIONAL_DISTRIB,283.6,5,55,8.42,PERISHABLE_FOOD,26,COMPLETED
DSP-11664,RT-HUB_-REG-24,HUB_C,04/27/2025 08:43,REGIONAL_DISTRIB,287.0,6,76,8.83,PHARMA_GDP,26,COMPLETED
DSP-11665,RT-HUB_-REG-25,HUB_02,2025-04-28 06:13:00,REGIONAL_DISTRIB,292.2,4,67,8.29,PERISHABLE_FOOD,26,COMPLETED
DSP-11666,RT-HUB_-REG-26,HUB_C,2025-04-28T10:54:00Z,REGIONAL_DISTRIB,262.9,6,80,8.26,PHARMA_GDP,26,COMPLETED
DSP-11667,RT-HUB_-REG-27,HUB_02,04/28/2025 09:53,REGIONAL_DISTRIB,300.9,4,68,8.5,PHARMA_GDP,26,COMPLETED
DSP-11668,RT-HUB_-REG-28,HUB_02,2025-04-28 05:54:00,REGIONAL_DISTRIB,267.6,6,75,8.37,PERISHABLE_FOOD,26,COMPLETED
DSP-11669,RT-HUB_-LOC-29,HUB_C,2025-04-29T14:29:00Z,LOCAL_URBAN,132.9,7,115,8.37,PHARMA_GDP,24,COMPLETED
DSP-11670,RT-HUB_-REG-30,HUB_C,04/29/2025 11:49,REGIONAL_DISTRIB,298.6,5,82,8.78,PERISHABLE_FOOD,26,COMPLETED
DSP-11671,RT-HUB_-LOC-31,HUB_C,2025-04-29 12:27:00,LOCAL_URBAN,112.3,7,91,7.44,PHARMA_GDP,25,COMPLETED
DSP-11672,RT-HUB_-LIN-32,HUB_C,2025-04-29T10:22:00Z,LINEHAUL_CORRIDOR,421.7,3,22,9.11,PHARMA_GDP,26,COMPLETED
DSP-11673,RT-GREE-LOC-33,GREENSBORO_NC,04/30/2025 09:20,LOCAL_URBAN,121.6,9,91,8.53,PHARMA_GDP,24,VOID_TEST
DSP-11674,RT-HUB_-REG-34,HUB_C,2025-04-30 11:38:00,REGIONAL_DISTRIB,283.1,4,71,8.07,PERISHABLE_FOOD,26,COMPLETED
DSP-11675,RT-HUB_-LOC-35,HUB_02,2025-04-30T08:15:00Z,LOCAL_URBAN,113.3,9,97,8.15,PERISHABLE_FOOD,25,COMPLETED
DSP-11676,RT-HUB_-LOC-36,HUB_C,04/30/2025 05:48,LOCAL_URBAN,125.2,7,84,8.02,PERISHABLE_FOOD,24,COMPLETED
DSP-11677,RT-HUB_-REG-37,HUB_02,2025-05-01 16:03:00,REGIONAL_DISTRIB,277.8,6,78,8.61,PHARMA_GDP,26,COMPLETED
DSP-11678,RT-GREE-REG-38,GREENSBORO_NC,2025-05-01T08:02:00Z,REGIONAL_DISTRIB,297.7,5,79,8.75,PHARMA_GDP,26,COMPLETED
DSP-11679,RT-HUB_-LIN-39,HUB_C,05/01/2025 15:27,LINEHAUL_CORRIDOR,422.4,3,31,9.12,PERISHABLE_FOOD,26,COMPLETED
DSP-11680,RT-HUB_-REG-40,HUB_02,2025-05-01 12:19:00,REGIONAL_DISTRIB,261.1,5,61,7.88,PERISHABLE_FOOD,26,COMPLETED
DSP-11681,RT-HUB_-REG-01,HUB_C,2025-05-02T11:45:00Z,REGIONAL_DISTRIB,286.6,6,59,8.82,PERISHABLE_FOOD,26,COMPLETED
DSP-11682,RT-HUB_-LIN-02,HUB_C,05/02/2025 08:59,LINEHAUL_CORRIDOR,425.2,2,34,8.84,PERISHABLE_FOOD,26,COMPLETED
DSP-11683,RT-HUB_-LOC-03,HUB_C,2025-05-02 13:28:00,LOCAL_URBAN,113.6,7,98,7.5,PHARMA_GDP,25,COMPLETED
DSP-11684,RT-GREE-LIN-04,GREENSBORO_NC,2025-05-02T06:29:00Z,LINEHAUL_CORRIDOR,414.7,2,31,8.64,PERISHABLE_FOOD,26,COMPLETED
DSP-11685,RT-HUB_-LOC-05,HUB_02,05/03/2025 08:17,LOCAL_URBAN,118.3,9,112,8.38,PHARMA_GDP,24,COMPLETED
DSP-11686,RT-HUB_-LOC-06,HUB_02,2025-05-03 18:09:00,LOCAL_URBAN,122.7,9,81,8.58,PERISHABLE_FOOD,25,COMPLETED
DSP-11687,RT-GREE-REG-07,GREENSBORO_NC,2025-05-03T18:01:00Z,REGIONAL_DISTRIB,276.6,6,73,8.59,PHARMA_GDP,26,COMPLETED
DSP-11688,RT-GREE-LOC-08,GREENSBORO_NC,05/03/2025 11:12,LOCAL_URBAN,129.5,7,89,8.22,PERISHABLE_FOOD,25,COMPLETED
DSP-11689,RT-GREE-REG-09,GREENSBORO_NC,2025-05-04 14:54:00,REGIONAL_DISTRIB,272.0,4,79,7.81,PERISHABLE_FOOD,26,COMPLETED
DSP-11690,RT-HUB_-LOC-10,HUB_C,2025-05-04T12:21:00Z,LOCAL_URBAN,117.6,8,92,8.01,PHARMA_GDP,24,COMPLETED
DSP-11691,RT-HUB_-REG-11,HUB_C,05/04/2025 05:46,REGIONAL_DISTRIB,285.6,4,55,8.13,PERISHABLE_FOOD,26,COMPLETED
DSP-11692,RT-HUB_-LOC-12,HUB_C,2025-05-04 13:21:00,LOCAL_URBAN,132.9,8,111,8.71,PHARMA_GDP,26,COMPLETED
DSP-11693,RT-GREE-REG-13,GREENSBORO_NC,2025-05-05T16:12:00Z,REGIONAL_DISTRIB,276.7,5,85,8.25,PERISHABLE_FOOD,26,COMPLETED
DSP-11694,RT-HUB_-REG-14,HUB_C,05/05/2025 09:22,REGIONAL_DISTRIB,297.6,6,71,9.09,PERISHABLE_FOOD,26,COMPLETED
DSP-11695,RT-HUB_-REG-15,HUB_02,2025-05-05 06:07:00,REGIONAL_DISTRIB,302.3,5,70,8.86,PERISHABLE_FOOD,26,COMPLETED
DSP-11696,RT-HUB_-LOC-16,HUB_02,2025-05-05T13:27:00Z,LOCAL_URBAN,113.7,8,94,7.83,PERISHABLE_FOOD,24,COMPLETED
DSP-11697,RT-HUB_-REG-17,HUB_C,05/06/2025 09:35,REGIONAL_DISTRIB,282.8,5,78,8.4,PHARMA_GDP,26,COMPLETED
DSP-11698,RT-GREE-REG-18,GREENSBORO_NC,2025-05-06 11:55:00,REGIONAL_DISTRIB,301.8,4,79,8.52,PHARMA_GDP,26,COMPLETED
DSP-11699,RT-HUB_-REG-19,HUB_C,2025-05-06T09:01:00Z,REGIONAL_DISTRIB,304.0,5,85,8.9,PHARMA_GDP,26,COMPLETED
DSP-11700,RT-HUB_-LIN-20,HUB_02,05/06/2025 09:45,LINEHAUL_CORRIDOR,433.8,1,32,8.68,PERISHABLE_FOOD,26,COMPLETED
DSP-11701,RT-HUB_-REG-21,HUB_C,2025-05-07 06:35:00,REGIONAL_DISTRIB,286.9,6,67,8.83,PERISHABLE_FOOD,26,COMPLETED
DSP-11702,RT-HUB_-LOC-22,HUB_C,2025-05-07T12:41:00Z,LOCAL_URBAN,120.7,7,89,7.82,PERISHABLE_FOOD,24,COMPLETED
DSP-11703,RT-HUB_-LIN-23,HUB_02,05/07/2025 05:40,LINEHAUL_CORRIDOR,432.0,3,31,9.31,PERISHABLE_FOOD,26,COMPLETED
DSP-11704,RT-HUB_-LOC-24,HUB_02,2025-05-07 17:40:00,LOCAL_URBAN,134.9,7,82,8.47,PERISHABLE_FOOD,24,COMPLETED
DSP-11705,RT-HUB_-LOC-25,HUB_02,2025-05-08T15:24:00Z,LOCAL_URBAN,124.8,7,98,8.01,PHARMA_GDP,25,COMPLETED
DSP-11706,RT-GREE-REG-26,GREENSBORO_NC,05/08/2025 05:55,REGIONAL_DISTRIB,283.2,5,74,8.41,PHARMA_GDP,26,COMPLETED
DSP-11707,RT-GREE-LOC-27,GREENSBORO_NC,2025-05-08 10:11:00,LOCAL_URBAN,121.8,10,102,8.87,PERISHABLE_FOOD,25,COMPLETED
DSP-11708,RT-HUB_-REG-28,HUB_02,2025-05-08T12:39:00Z,REGIONAL_DISTRIB,301.9,5,76,8.85,PHARMA_GDP,26,COMPLETED
DSP-11709,RT-HUB_-LOC-29,HUB_C,05/09/2025 07:39,LOCAL_URBAN,124.7,7,89,8.0,PHARMA_GDP,25,COMPLETED
DSP-11710,RT-HUB_-REG-30,HUB_02,2025-05-09 11:37:00,REGIONAL_DISTRIB,290.9,6,62,8.93,PERISHABLE_FOOD,26,COMPLETED
DSP-11711,RT-GREE-LIN-31,GREENSBORO_NC,2025-05-09T13:11:00Z,LINEHAUL_CORRIDOR,443.1,3,29,9.52,PERISHABLE_FOOD,26,COMPLETED
DSP-11712,RT-HUB_-REG-32,HUB_C,05/09/2025 11:41,REGIONAL_DISTRIB,275.5,4,56,7.89,PERISHABLE_FOOD,26,COMPLETED
DSP-11713,RT-HUB_-REG-33,HUB_02,2025-05-10 11:17:00,REGIONAL_DISTRIB,277.9,6,82,8.62,PHARMA_GDP,26,COMPLETED
DSP-11714,RT-HUB_-REG-34,HUB_02,2025-05-10T17:40:00Z,REGIONAL_DISTRIB,303.1,6,82,9.22,PERISHABLE_FOOD,26,COMPLETED
DSP-11715,RT-HUB_-LOC-35,HUB_02,05/10/2025 09:02,LOCAL_URBAN,131.9,9,89,9.0,PHARMA_GDP,24,COMPLETED
DSP-11716,RT-HUB_-LIN-36,HUB_02,2025-05-10 16:51:00,LINEHAUL_CORRIDOR,453.2,2,21,9.38,PERISHABLE_FOOD,26,COMPLETED
DSP-11717,RT-HUB_-REG-37,HUB_02,2025-05-11T16:12:00Z,REGIONAL_DISTRIB,264.7,6,61,8.3,PHARMA_GDP,26,COMPLETED
DSP-11718,RT-GREE-REG-38,GREENSBORO_NC,05/11/2025 12:19,REGIONAL_DISTRIB,283.9,6,73,8.76,PERISHABLE_FOOD,26,COMPLETED
DSP-11719,RT-HUB_-REG-39,HUB_C,2025-05-11 05:48:00,REGIONAL_DISTRIB,292.4,6,64,8.96,PERISHABLE_FOOD,26,COMPLETED
DSP-11720,RT-HUB_-REG-40,HUB_02,2025-05-11T13:28:00Z,REGIONAL_DISTRIB,303.4,4,70,8.56,PERISHABLE_FOOD,26,COMPLETED
DSP-11721,RT-GREE-LOC-01,GREENSBORO_NC,05/12/2025 06:22,LOCAL_URBAN,117.9,8,108,8.03,PHARMA_GDP,26,COMPLETED
DSP-11722,RT-GREE-REG-02,GREENSBORO_NC,2025-05-12 08:55:00,REGIONAL_DISTRIB,271.9,6,62,8.47,PHARMA_GDP,26,VOID_TEST
DSP-11723,RT-HUB_-LIN-03,HUB_C,2025-05-12T06:02:00Z,LINEHAUL_CORRIDOR,458.1,2,37,9.48,PERISHABLE_FOOD,26,COMPLETED
DSP-11724,RT-GREE-REG-04,GREENSBORO_NC,05/12/2025 13:07,REGIONAL_DISTRIB,288.8,5,79,8.54,PERISHABLE_FOOD,26,COMPLETED
DSP-11725,RT-GREE-REG-05,GREENSBORO_NC,2025-05-13 08:04:00,REGIONAL_DISTRIB,295.1,4,84,8.36,PERISHABLE_FOOD,26,COMPLETED
DSP-11726,RT-HUB_-REG-06,HUB_C,2025-05-13T06:38:00Z,REGIONAL_DISTRIB,263.6,6,62,8.28,PERISHABLE_FOOD,26,COMPLETED
DSP-11727,RT-GREE-REG-07,GREENSBORO_NC,05/13/2025 09:16,REGIONAL_DISTRIB,289.6,6,63,8.9,PHARMA_GDP,26,COMPLETED
DSP-11728,RT-HUB_-REG-08,HUB_C,2025-05-13 06:39:00,REGIONAL_DISTRIB,273.0,6,77,8.5,PERISHABLE_FOOD,26,COMPLETED
DSP-11729,RT-HUB_-LIN-09,HUB_C,2025-05-14T10:37:00Z,LINEHAUL_CORRIDOR,414.0,2,25,8.63,PHARMA_GDP,26,COMPLETED
DSP-11730,RT-GREE-REG-10,GREENSBORO_NC,05/14/2025 11:20,REGIONAL_DISTRIB,265.5,6,74,8.32,PHARMA_GDP,26,COMPLETED
DSP-11731,RT-HUB_-REG-11,HUB_C,2025-05-14 06:40:00,REGIONAL_DISTRIB,268.5,5,78,8.06,PHARMA_GDP,26,COMPLETED
DSP-11732,RT-HUB_-REG-12,HUB_C,2025-05-14T05:51:00Z,REGIONAL_DISTRIB,291.0,4,70,8.26,PERISHABLE_FOOD,26,COMPLETED
DSP-11733,RT-HUB_-LOC-13,HUB_02,05/15/2025 16:00,LOCAL_URBAN,122.8,10,93,8.92,PHARMA_GDP,26,COMPLETED
DSP-11734,RT-GREE-REG-14,GREENSBORO_NC,2025-05-15 14:19:00,REGIONAL_DISTRIB,303.9,6,62,9.24,PERISHABLE_FOOD,26,COMPLETED
DSP-11735,RT-HUB_-REG-15,HUB_02,2025-05-15T14:52:00Z,REGIONAL_DISTRIB,269.0,4,56,7.74,PERISHABLE_FOOD,26,COMPLETED
DSP-11736,RT-GREE-LIN-16,GREENSBORO_NC,05/15/2025 06:38,LINEHAUL_CORRIDOR,448.9,2,20,9.3,PERISHABLE_FOOD,26,COMPLETED
DSP-11737,RT-GREE-REG-17,GREENSBORO_NC,2025-05-16 07:09:00,REGIONAL_DISTRIB,294.5,6,59,9.01,PERISHABLE_FOOD,26,COMPLETED
DSP-11738,RT-GREE-REG-18,GREENSBORO_NC,2025-05-16T05:49:00Z,REGIONAL_DISTRIB,274.0,5,64,8.19,PHARMA_GDP,26,COMPLETED
DSP-11739,RT-HUB_-REG-19,HUB_C,05/16/2025 07:03,REGIONAL_DISTRIB,296.7,4,63,8.4,PHARMA_GDP,26,COMPLETED
DSP-11740,RT-HUB_-REG-20,HUB_02,2025-05-16 08:15:00,REGIONAL_DISTRIB,273.5,4,55,7.85,PERISHABLE_FOOD,26,COMPLETED
DSP-11741,RT-HUB_-LIN-21,HUB_C,2025-05-17T17:51:00Z,LINEHAUL_CORRIDOR,446.2,1,31,8.91,PHARMA_GDP,26,COMPLETED
DSP-11742,RT-HUB_-LOC-22,HUB_C,05/17/2025 18:05,LOCAL_URBAN,115.3,7,94,7.57,PHARMA_GDP,25,COMPLETED
DSP-11743,RT-HUB_-LIN-23,HUB_C,2025-05-17 07:27:00,LINEHAUL_CORRIDOR,442.9,3,37,9.52,PHARMA_GDP,26,COMPLETED
DSP-11744,RT-HUB_-REG-24,HUB_C,2025-05-17T07:34:00Z,REGIONAL_DISTRIB,299.5,4,76,8.46,PHARMA_GDP,26,COMPLETED
DSP-11745,RT-GREE-LOC-25,GREENSBORO_NC,05/18/2025 13:36,LOCAL_URBAN,132.3,7,110,8.35,PERISHABLE_FOOD,25,COMPLETED
DSP-11746,RT-GREE-LIN-26,GREENSBORO_NC,2025-05-18 16:28:00,LINEHAUL_CORRIDOR,463.7,1,22,9.25,PHARMA_GDP,26,COMPLETED
DSP-11747,RT-HUB_-REG-27,HUB_C,2025-05-18T17:22:00Z,REGIONAL_DISTRIB,260.8,4,78,7.54,PERISHABLE_FOOD,26,COMPLETED
DSP-11748,RT-GREE-LOC-28,GREENSBORO_NC,05/18/2025 05:57,LOCAL_URBAN,120.2,9,92,8.46,PERISHABLE_FOOD,24,COMPLETED
DSP-11749,RT-GREE-REG-29,GREENSBORO_NC,2025-05-19 14:48:00,REGIONAL_DISTRIB,297.1,5,66,8.74,PHARMA_GDP,26,COMPLETED
DSP-11750,RT-GREE-LIN-30,GREENSBORO_NC,2025-05-19T05:37:00Z,LINEHAUL_CORRIDOR,417.5,2,28,8.7,PERISHABLE_FOOD,26,COMPLETED
DSP-11751,RT-HUB_-REG-31,HUB_C,05/19/2025 15:45,REGIONAL_DISTRIB,291.1,6,60,8.93,PERISHABLE_FOOD,26,COMPLETED
DSP-11752,RT-HUB_-LOC-32,HUB_C,2025-05-19 08:47:00,LOCAL_URBAN,116.2,7,84,7.62,PERISHABLE_FOOD,24,COMPLETED
DSP-11753,RT-GREE-LOC-33,GREENSBORO_NC,2025-05-20T08:58:00Z,LOCAL_URBAN,115.3,7,80,7.57,PHARMA_GDP,25,COMPLETED
DSP-11754,RT-GREE-REG-34,GREENSBORO_NC,05/20/2025 16:03,REGIONAL_DISTRIB,265.5,5,65,7.99,PERISHABLE_FOOD,26,COMPLETED
DSP-11755,RT-HUB_-REG-35,HUB_02,2025-05-20 16:24:00,REGIONAL_DISTRIB,298.6,4,61,8.44,PHARMA_GDP,26,COMPLETED
DSP-11756,RT-HUB_-REG-36,HUB_C,2025-05-20T12:40:00Z,REGIONAL_DISTRIB,302.7,5,56,8.87,PHARMA_GDP,26,COMPLETED
DSP-11757,RT-HUB_-REG-37,HUB_C,05/21/2025 07:48,REGIONAL_DISTRIB,283.6,4,68,8.09,PHARMA_GDP,26,COMPLETED
DSP-11758,RT-HUB_-REG-38,HUB_02,2025-05-21 10:11:00,REGIONAL_DISTRIB,281.3,6,57,8.7,PERISHABLE_FOOD,26,COMPLETED
DSP-11759,RT-HUB_-REG-39,HUB_C,2025-05-21T12:44:00Z,REGIONAL_DISTRIB,272.4,5,85,8.15,PHARMA_GDP,26,COMPLETED
DSP-11760,RT-HUB_-LOC-40,HUB_C,05/21/2025 14:11,LOCAL_URBAN,115.9,10,104,8.6,PHARMA_GDP,26,COMPLETED
DSP-11761,RT-HUB_-REG-01,HUB_C,2025-05-22 16:55:00,REGIONAL_DISTRIB,276.7,5,77,8.25,PHARMA_GDP,26,COMPLETED
DSP-11762,RT-GREE-LIN-02,GREENSBORO_NC,2025-05-22T16:01:00Z,LINEHAUL_CORRIDOR,416.4,2,28,8.67,PERISHABLE_FOOD,26,COMPLETED
DSP-11763,RT-HUB_-LOC-03,HUB_C,05/22/2025 07:36,LOCAL_URBAN,110.5,10,101,8.36,PHARMA_GDP,24,COMPLETED
DSP-11764,RT-GREE-REG-04,GREENSBORO_NC,2025-05-22 16:23:00,REGIONAL_DISTRIB,271.3,5,73,8.13,PHARMA_GDP,26,COMPLETED
DSP-11765,RT-GREE-REG-05,GREENSBORO_NC,2025-05-23T10:32:00Z,REGIONAL_DISTRIB,264.3,5,74,7.96,PHARMA_GDP,26,COMPLETED
DSP-11766,RT-HUB_-REG-06,HUB_02,05/23/2025 16:34,REGIONAL_DISTRIB,270.9,5,70,8.12,PHARMA_GDP,26,COMPLETED
DSP-11767,RT-HUB_-LOC-07,HUB_C,2025-05-23 06:36:00,LOCAL_URBAN,131.7,8,109,8.65,PHARMA_GDP,26,COMPLETED
DSP-11768,RT-GREE-REG-08,GREENSBORO_NC,2025-05-23T05:46:00Z,REGIONAL_DISTRIB,266.1,6,61,8.34,PHARMA_GDP,26,VOID_TEST
DSP-11769,RT-GREE-REG-09,GREENSBORO_NC,05/24/2025 06:51,REGIONAL_DISTRIB,304.6,6,73,9.25,PERISHABLE_FOOD,26,COMPLETED
DSP-11770,RT-GREE-LOC-10,GREENSBORO_NC,2025-05-24 13:40:00,LOCAL_URBAN,130.1,8,82,8.58,PERISHABLE_FOOD,25,COMPLETED
DSP-11771,RT-GREE-REG-11,GREENSBORO_NC,2025-05-24T10:36:00Z,REGIONAL_DISTRIB,301.7,5,81,8.85,PERISHABLE_FOOD,26,COMPLETED
DSP-11772,RT-GREE-LOC-12,GREENSBORO_NC,05/24/2025 17:58,LOCAL_URBAN,124.4,7,107,7.99,PERISHABLE_FOOD,25,COMPLETED
DSP-11773,RT-HUB_-LOC-13,HUB_C,2025-05-25 09:17:00,LOCAL_URBAN,112.4,7,97,7.44,PHARMA_GDP,24,COMPLETED
DSP-11774,RT-HUB_-LOC-14,HUB_C,2025-05-25T12:44:00Z,LOCAL_URBAN,115.2,8,98,7.9,PERISHABLE_FOOD,26,COMPLETED
DSP-11775,RT-HUB_-LOC-15,HUB_C,05/25/2025 15:57,LOCAL_URBAN,132.8,8,103,8.7,PERISHABLE_FOOD,25,COMPLETED
DSP-11776,RT-HUB_-LIN-16,HUB_C,2025-05-25 13:41:00,LINEHAUL_CORRIDOR,419.5,2,20,8.73,PHARMA_GDP,26,COMPLETED
DSP-11777,RT-HUB_-LOC-17,HUB_02,2025-05-26T11:44:00Z,LOCAL_URBAN,129.1,8,84,8.53,PHARMA_GDP,24,COMPLETED
DSP-11778,RT-HUB_-REG-18,HUB_C,05/26/2025 12:40,REGIONAL_DISTRIB,283.4,6,83,8.75,PERISHABLE_FOOD,26,COMPLETED
DSP-11779,RT-GREE-REG-19,GREENSBORO_NC,2025-05-26 09:50:00,REGIONAL_DISTRIB,285.5,5,68,8.46,PHARMA_GDP,26,COMPLETED
DSP-11780,RT-HUB_-LIN-20,HUB_C,2025-05-26T18:04:00Z,LINEHAUL_CORRIDOR,457.9,1,26,9.14,PHARMA_GDP,26,COMPLETED
DSP-11781,RT-HUB_-LIN-21,HUB_C,05/27/2025 17:14,LINEHAUL_CORRIDOR,416.9,3,24,9.02,PERISHABLE_FOOD,26,COMPLETED
DSP-11782,RT-HUB_-REG-22,HUB_C,2025-05-27 06:03:00,REGIONAL_DISTRIB,277.8,6,73,8.61,PERISHABLE_FOOD,26,COMPLETED
DSP-11783,RT-HUB_-REG-23,HUB_C,2025-05-27T09:04:00Z,REGIONAL_DISTRIB,270.8,4,71,7.78,PERISHABLE_FOOD,26,COMPLETED
DSP-11784,RT-HUB_-REG-24,HUB_02,05/27/2025 05:57,REGIONAL_DISTRIB,264.2,5,65,7.96,PERISHABLE_FOOD,26,COMPLETED
DSP-11785,RT-HUB_-LOC-25,HUB_C,2025-05-28 06:57:00,LOCAL_URBAN,129.8,7,113,8.23,PHARMA_GDP,25,COMPLETED
DSP-11786,RT-GREE-LOC-26,GREENSBORO_NC,2025-05-28T05:32:00Z,LOCAL_URBAN,129.0,10,90,9.2,PERISHABLE_FOOD,25,COMPLETED
DSP-11787,RT-HUB_-REG-27,HUB_C,05/28/2025 18:17,REGIONAL_DISTRIB,291.1,6,55,8.93,PHARMA_GDP,26,COMPLETED
DSP-11788,RT-GREE-LOC-28,GREENSBORO_NC,2025-05-28 15:53:00,LOCAL_URBAN,127.2,10,86,9.12,PERISHABLE_FOOD,26,COMPLETED
DSP-11789,RT-GREE-REG-29,GREENSBORO_NC,2025-05-29T12:13:00Z,REGIONAL_DISTRIB,287.2,6,59,8.84,PERISHABLE_FOOD,26,COMPLETED
DSP-11790,RT-GREE-REG-30,GREENSBORO_NC,05/29/2025 15:12,REGIONAL_DISTRIB,293.9,5,60,8.66,PHARMA_GDP,26,COMPLETED
DSP-11791,RT-HUB_-REG-31,HUB_02,2025-05-29 14:09:00,REGIONAL_DISTRIB,283.5,4,59,8.08,PHARMA_GDP,26,COMPLETED
DSP-11792,RT-HUB_-REG-32,HUB_02,2025-05-29T06:12:00Z,REGIONAL_DISTRIB,261.8,5,69,7.9,PHARMA_GDP,26,COMPLETED
DSP-11793,RT-HUB_-REG-33,HUB_C,05/30/2025 13:39,REGIONAL_DISTRIB,288.7,4,66,8.21,PERISHABLE_FOOD,26,COMPLETED
DSP-11794,RT-GREE-LOC-34,GREENSBORO_NC,2025-05-30 11:12:00,LOCAL_URBAN,120.3,9,112,8.47,PHARMA_GDP,25,COMPLETED
DSP-11795,RT-HUB_-LIN-35,HUB_02,2025-05-30T16:00:00Z,LINEHAUL_CORRIDOR,457.1,2,21,9.46,PERISHABLE_FOOD,26,COMPLETED
DSP-11796,RT-HUB_-LOC-36,HUB_C,05/30/2025 18:09,LOCAL_URBAN,125.1,10,102,9.02,PERISHABLE_FOOD,24,COMPLETED
DSP-11797,RT-GREE-LOC-37,GREENSBORO_NC,2025-05-31 10:23:00,LOCAL_URBAN,111.6,9,83,8.07,PERISHABLE_FOOD,25,COMPLETED
DSP-11798,RT-GREE-LIN-38,GREENSBORO_NC,2025-05-31T14:00:00Z,LINEHAUL_CORRIDOR,454.3,2,40,9.4,PERISHABLE_FOOD,26,COMPLETED
DSP-11799,RT-HUB_-REG-39,HUB_C,05/31/2025 09:45,REGIONAL_DISTRIB,277.0,4,71,7.93,PERISHABLE_FOOD,26,COMPLETED
DSP-11800,RT-HUB_-LOC-40,HUB_C,2025-05-31 16:12:00,LOCAL_URBAN,120.0,9,90,8.45,PERISHABLE_FOOD,26,COMPLETED
DSP-11801,RT-HUB_-REG-01,HUB_02,2025-06-01T17:16:00Z,REGIONAL_DISTRIB,260.9,5,79,7.88,PERISHABLE_FOOD,26,COMPLETED
DSP-11802,RT-HUB_-LOC-02,HUB_02,06/01/2025 11:48,LOCAL_URBAN,117.7,9,85,8.35,PERISHABLE_FOOD,24,COMPLETED
DSP-11803,RT-GREE-REG-03,GREENSBORO_NC,2025-06-01 07:55:00,REGIONAL_DISTRIB,276.0,5,79,8.24,PHARMA_GDP,26,COMPLETED
DSP-11804,RT-GREE-REG-04,GREENSBORO_NC,2025-06-01T15:35:00Z,REGIONAL_DISTRIB,275.3,6,60,8.55,PHARMA_GDP,26,COMPLETED
DSP-11805,RT-HUB_-REG-05,HUB_02,06/02/2025 17:44,REGIONAL_DISTRIB,272.6,5,71,8.16,PERISHABLE_FOOD,26,COMPLETED
DSP-11806,RT-HUB_-LOC-06,HUB_02,2025-06-02 13:09:00,LOCAL_URBAN,127.4,8,97,8.46,PHARMA_GDP,24,COMPLETED
DSP-11807,RT-HUB_-REG-07,HUB_C,2025-06-02T08:43:00Z,REGIONAL_DISTRIB,275.3,5,76,8.22,PERISHABLE_FOOD,26,COMPLETED
DSP-11808,RT-HUB_-LIN-08,HUB_C,06/02/2025 16:37,LINEHAUL_CORRIDOR,459.4,1,36,9.17,PHARMA_GDP,26,COMPLETED
DSP-11809,RT-HUB_-LIN-09,HUB_C,2025-06-03 13:59:00,LINEHAUL_CORRIDOR,458.4,1,23,9.15,PERISHABLE_FOOD,26,COMPLETED
DSP-11810,RT-HUB_-REG-10,HUB_C,2025-06-03T12:43:00Z,REGIONAL_DISTRIB,287.3,4,62,8.17,PERISHABLE_FOOD,26,COMPLETED
DSP-11811,RT-GREE-REG-11,GREENSBORO_NC,06/03/2025 07:28,REGIONAL_DISTRIB,270.2,5,82,8.1,PHARMA_GDP,26,COMPLETED
DSP-11812,RT-GREE-REG-12,GREENSBORO_NC,2025-06-03 18:05:00,REGIONAL_DISTRIB,303.3,5,58,8.89,PERISHABLE_FOOD,26,COMPLETED
DSP-11813,RT-GREE-LIN-13,GREENSBORO_NC,2025-06-04T14:36:00Z,LINEHAUL_CORRIDOR,410.6,1,26,8.23,PERISHABLE_FOOD,26,COMPLETED
DSP-11814,RT-HUB_-LOC-14,HUB_02,06/04/2025 13:10,LOCAL_URBAN,113.2,7,95,7.48,PERISHABLE_FOOD,25,COMPLETED
DSP-11815,RT-HUB_-REG-15,HUB_02,2025-06-04 06:26:00,REGIONAL_DISTRIB,297.0,6,58,9.07,PERISHABLE_FOOD,26,COMPLETED
DSP-11816,RT-HUB_-REG-16,HUB_C,2025-06-04T10:08:00Z,REGIONAL_DISTRIB,287.4,5,59,8.51,PERISHABLE_FOOD,26,COMPLETED
DSP-11817,RT-HUB_-LIN-17,HUB_C,06/05/2025 08:44,LINEHAUL_CORRIDOR,448.4,3,29,9.62,PHARMA_GDP,26,COMPLETED
DSP-11818,RT-HUB_-REG-18,HUB_02,2025-06-05 08:22:00,REGIONAL_DISTRIB,261.2,4,79,7.55,PERISHABLE_FOOD,26,COMPLETED
DSP-11819,RT-HUB_-REG-19,HUB_C,2025-06-05T10:56:00Z,REGIONAL_DISTRIB,282.8,4,62,8.07,PERISHABLE_FOOD,26,COMPLETED
DSP-11820,RT-HUB_-LIN-20,HUB_02,06/05/2025 16:32,LINEHAUL_CORRIDOR,451.7,3,29,9.69,PHARMA_GDP,26,COMPLETED
DSP-11821,RT-GREE-LOC-21,GREENSBORO_NC,2025-06-06 12:20:00,LOCAL_URBAN,129.8,8,111,8.57,PERISHABLE_FOOD,25,COMPLETED
DSP-11822,RT-GREE-REG-22,GREENSBORO_NC,2025-06-06T05:42:00Z,REGIONAL_DISTRIB,265.2,4,68,7.65,PERISHABLE_FOOD,26,COMPLETED
DSP-11823,RT-HUB_-REG-23,HUB_C,06/06/2025 17:31,REGIONAL_DISTRIB,269.1,5,67,8.07,PERISHABLE_FOOD,26,COMPLETED
DSP-11824,RT-GREE-REG-24,GREENSBORO_NC,2025-06-06 17:43:00,REGIONAL_DISTRIB,274.4,6,61,8.53,PHARMA_GDP,26,COMPLETED
DSP-11825,RT-HUB_-REG-25,HUB_02,2025-06-07T13:10:00Z,REGIONAL_DISTRIB,296.8,6,72,9.07,PHARMA_GDP,26,COMPLETED
DSP-11826,RT-HUB_-REG-26,HUB_02,06/07/2025 10:17,REGIONAL_DISTRIB,289.0,4,74,8.21,PHARMA_GDP,26,COMPLETED
DSP-11827,RT-HUB_-LOC-27,HUB_C,2025-06-07 10:49:00,LOCAL_URBAN,132.4,7,113,8.35,PERISHABLE_FOOD,24,COMPLETED
DSP-11828,RT-GREE-LIN-28,GREENSBORO_NC,2025-06-07T09:11:00Z,LINEHAUL_CORRIDOR,454.2,3,24,9.73,PHARMA_GDP,26,COMPLETED
DSP-11829,RT-GREE-LOC-29,GREENSBORO_NC,06/08/2025 15:22,LOCAL_URBAN,112.6,9,108,8.12,PERISHABLE_FOOD,24,COMPLETED
DSP-11830,RT-HUB_-LIN-30,HUB_02,2025-06-08 06:15:00,LINEHAUL_CORRIDOR,444.9,1,29,8.89,PHARMA_GDP,26,COMPLETED
DSP-11831,RT-HUB_-REG-31,HUB_02,2025-06-08T18:09:00Z,REGIONAL_DISTRIB,267.5,6,77,8.37,PERISHABLE_FOOD,26,COMPLETED
DSP-11832,RT-HUB_-LIN-32,HUB_02,06/08/2025 07:26,LINEHAUL_CORRIDOR,449.4,3,40,9.64,PERISHABLE_FOOD,26,COMPLETED
DSP-11833,RT-HUB_-REG-33,HUB_C,2025-06-09 07:51:00,REGIONAL_DISTRIB,276.5,5,75,8.25,PERISHABLE_FOOD,26,COMPLETED
DSP-11834,RT-HUB_-LOC-34,HUB_02,2025-06-09T06:41:00Z,LOCAL_URBAN,122.5,9,92,8.57,PERISHABLE_FOOD,24,COMPLETED
DSP-11835,RT-HUB_-REG-35,HUB_C,06/09/2025 12:09,REGIONAL_DISTRIB,266.4,5,67,8.01,PERISHABLE_FOOD,26,COMPLETED
DSP-11836,RT-GREE-REG-36,GREENSBORO_NC,2025-06-09 15:58:00,REGIONAL_DISTRIB,277.9,4,69,7.95,PERISHABLE_FOOD,26,COMPLETED
DSP-11837,RT-HUB_-REG-37,HUB_C,2025-06-10T11:12:00Z,REGIONAL_DISTRIB,302.4,6,62,9.2,PERISHABLE_FOOD,26,COMPLETED
DSP-11838,RT-HUB_-REG-38,HUB_02,06/10/2025 10:22,REGIONAL_DISTRIB,300.4,6,59,9.15,PERISHABLE_FOOD,26,VOID_TEST
DSP-11839,RT-HUB_-LIN-39,HUB_02,2025-06-10 10:31:00,LINEHAUL_CORRIDOR,463.2,1,24,9.24,PERISHABLE_FOOD,26,COMPLETED
DSP-11840,RT-HUB_-REG-40,HUB_C,2025-06-10T07:20:00Z,REGIONAL_DISTRIB,294.3,6,76,9.01,PHARMA_GDP,26,COMPLETED
DSP-11841,RT-GREE-REG-01,GREENSBORO_NC,06/11/2025 14:00,REGIONAL_DISTRIB,278.3,4,84,7.96,PERISHABLE_FOOD,26,COMPLETED
DSP-11842,RT-HUB_-REG-02,HUB_C,2025-06-11 14:51:00,REGIONAL_DISTRIB,290.9,4,79,8.26,PHARMA_GDP,26,COMPLETED
DSP-11843,RT-HUB_-REG-03,HUB_C,2025-06-11T15:20:00Z,REGIONAL_DISTRIB,268.6,5,67,8.06,PERISHABLE_FOOD,26,COMPLETED
DSP-11844,RT-GREE-REG-04,GREENSBORO_NC,06/11/2025 17:44,REGIONAL_DISTRIB,300.5,4,81,8.49,PERISHABLE_FOOD,26,VOID_TEST
DSP-11845,RT-GREE-LIN-05,GREENSBORO_NC,2025-06-12 07:23:00,LINEHAUL_CORRIDOR,436.1,2,32,9.05,PHARMA_GDP,26,COMPLETED
DSP-11846,RT-HUB_-REG-06,HUB_02,2025-06-12T05:33:00Z,REGIONAL_DISTRIB,263.4,6,61,8.27,PERISHABLE_FOOD,26,COMPLETED
DSP-11847,RT-HUB_-REG-07,HUB_02,06/12/2025 16:50,REGIONAL_DISTRIB,287.5,5,57,8.51,PHARMA_GDP,26,COMPLETED
DSP-11848,RT-HUB_-REG-08,HUB_02,2025-06-12 15:56:00,REGIONAL_DISTRIB,298.8,6,61,9.11,PERISHABLE_FOOD,26,COMPLETED
DSP-11849,RT-HUB_-REG-09,HUB_C,2025-06-13T12:58:00Z,REGIONAL_DISTRIB,269.9,5,63,8.09,PHARMA_GDP,26,COMPLETED
DSP-11850,RT-HUB_-LOC-10,HUB_02,06/13/2025 15:38,LOCAL_URBAN,127.9,10,88,9.15,PERISHABLE_FOOD,25,COMPLETED
DSP-11851,RT-HUB_-LOC-11,HUB_02,2025-06-13 08:06:00,LOCAL_URBAN,130.0,10,110,9.24,PERISHABLE_FOOD,24,COMPLETED
DSP-11852,RT-GREE-LOC-12,GREENSBORO_NC,2025-06-13T13:46:00Z,LOCAL_URBAN,129.4,7,105,8.22,PERISHABLE_FOOD,26,COMPLETED
DSP-11853,RT-HUB_-LOC-13,HUB_C,06/14/2025 11:15,LOCAL_URBAN,121.3,7,88,7.85,PERISHABLE_FOOD,25,COMPLETED
DSP-11854,RT-HUB_-REG-14,HUB_C,2025-06-14 12:30:00,REGIONAL_DISTRIB,303.2,4,69,8.55,PERISHABLE_FOOD,26,COMPLETED
DSP-11855,RT-HUB_-REG-15,HUB_C,2025-06-14T17:57:00Z,REGIONAL_DISTRIB,263.5,4,55,7.61,PHARMA_GDP,26,COMPLETED
DSP-11856,RT-GREE-LIN-16,GREENSBORO_NC,06/14/2025 11:37,LINEHAUL_CORRIDOR,429.1,2,35,8.92,PERISHABLE_FOOD,26,COMPLETED
DSP-11857,RT-HUB_-LOC-17,HUB_02,2025-06-15 16:40:00,LOCAL_URBAN,126.7,9,99,8.76,PHARMA_GDP,24,COMPLETED
DSP-11858,RT-HUB_-LOC-18,HUB_02,2025-06-15T11:47:00Z,LOCAL_URBAN,131.6,9,112,8.98,PHARMA_GDP,24,COMPLETED
DSP-11859,RT-HUB_-LOC-19,HUB_C,06/15/2025 07:29,LOCAL_URBAN,115.1,9,86,8.23,PHARMA_GDP,26,COMPLETED
DSP-11860,RT-HUB_-REG-20,HUB_02,2025-06-15 06:23:00,REGIONAL_DISTRIB,282.5,6,60,8.73,PERISHABLE_FOOD,26,COMPLETED
DSP-11861,RT-HUB_-LIN-21,HUB_C,2025-06-16T15:42:00Z,LINEHAUL_CORRIDOR,463.7,3,37,9.92,PERISHABLE_FOOD,26,COMPLETED
DSP-11862,RT-HUB_-LOC-22,HUB_02,06/16/2025 09:25,LOCAL_URBAN,123.7,10,108,8.96,PHARMA_GDP,25,COMPLETED
DSP-11863,RT-HUB_-LIN-23,HUB_C,2025-06-16 11:31:00,LINEHAUL_CORRIDOR,460.9,1,37,9.2,PERISHABLE_FOOD,26,COMPLETED
DSP-11864,RT-GREE-REG-24,GREENSBORO_NC,2025-06-16T12:13:00Z,REGIONAL_DISTRIB,303.2,4,70,8.55,PERISHABLE_FOOD,26,COMPLETED
DSP-11865,RT-HUB_-REG-25,HUB_C,06/17/2025 12:03,REGIONAL_DISTRIB,291.5,5,82,8.61,PERISHABLE_FOOD,26,COMPLETED
DSP-11866,RT-HUB_-LIN-26,HUB_C,2025-06-17 16:23:00,LINEHAUL_CORRIDOR,410.9,1,32,8.24,PERISHABLE_FOOD,26,COMPLETED
DSP-11867,RT-HUB_-REG-27,HUB_C,2025-06-17T06:19:00Z,REGIONAL_DISTRIB,274.8,4,57,7.88,PERISHABLE_FOOD,26,COMPLETED
DSP-11868,RT-HUB_-LIN-28,HUB_02,06/17/2025 14:11,LINEHAUL_CORRIDOR,451.2,2,38,9.34,PHARMA_GDP,26,COMPLETED
DSP-11869,RT-HUB_-LOC-29,HUB_C,2025-06-18 06:05:00,LOCAL_URBAN,124.3,9,105,8.65,PERISHABLE_FOOD,26,COMPLETED
DSP-11870,RT-GREE-REG-30,GREENSBORO_NC,2025-06-18T07:38:00Z,REGIONAL_DISTRIB,279.3,6,72,8.65,PHARMA_GDP,26,COMPLETED
DSP-11871,RT-HUB_-LIN-31,HUB_C,06/18/2025 17:08,LINEHAUL_CORRIDOR,457.9,3,27,9.81,PERISHABLE_FOOD,26,COMPLETED
DSP-11872,RT-HUB_-REG-32,HUB_02,2025-06-18 17:09:00,REGIONAL_DISTRIB,273.1,4,64,7.84,PERISHABLE_FOOD,26,COMPLETED
DSP-11873,RT-GREE-LOC-33,GREENSBORO_NC,2025-06-19T13:21:00Z,LOCAL_URBAN,112.1,9,108,8.1,PERISHABLE_FOOD,26,COMPLETED
DSP-11874,RT-HUB_-REG-34,HUB_C,06/19/2025 12:54,REGIONAL_DISTRIB,279.9,5,84,8.33,PHARMA_GDP,26,COMPLETED
DSP-11875,RT-GREE-REG-35,GREENSBORO_NC,2025-06-19 12:19:00,REGIONAL_DISTRIB,289.6,4,84,8.23,PERISHABLE_FOOD,26,COMPLETED
DSP-11876,RT-GREE-LOC-36,GREENSBORO_NC,2025-06-19T12:04:00Z,LOCAL_URBAN,125.7,10,111,9.05,PERISHABLE_FOOD,25,COMPLETED
DSP-11877,RT-GREE-REG-37,GREENSBORO_NC,06/20/2025 11:03,REGIONAL_DISTRIB,279.6,5,77,8.32,PERISHABLE_FOOD,26,COMPLETED
DSP-11878,RT-HUB_-LIN-38,HUB_02,2025-06-20 12:11:00,LINEHAUL_CORRIDOR,412.3,3,37,8.93,PHARMA_GDP,26,COMPLETED
DSP-11879,RT-GREE-REG-39,GREENSBORO_NC,2025-06-20T17:54:00Z,REGIONAL_DISTRIB,276.6,6,63,8.59,PERISHABLE_FOOD,26,COMPLETED
DSP-11880,RT-GREE-REG-40,GREENSBORO_NC,06/20/2025 10:27,REGIONAL_DISTRIB,280.5,4,55,8.01,PERISHABLE_FOOD,26,COMPLETED
DSP-11881,RT-GREE-REG-01,GREENSBORO_NC,2025-06-21 13:07:00,REGIONAL_DISTRIB,276.9,5,60,8.26,PERISHABLE_FOOD,26,COMPLETED
DSP-11882,RT-HUB_-REG-02,HUB_C,2025-06-21T16:04:00Z,REGIONAL_DISTRIB,296.7,5,60,8.73,PERISHABLE_FOOD,26,COMPLETED
DSP-11883,RT-HUB_-REG-03,HUB_02,06/21/2025 10:55,REGIONAL_DISTRIB,297.4,4,82,8.41,PERISHABLE_FOOD,26,COMPLETED
DSP-11884,RT-HUB_-REG-04,HUB_C,2025-06-21 08:28:00,REGIONAL_DISTRIB,301.2,4,72,8.5,PERISHABLE_FOOD,26,COMPLETED
DSP-11885,RT-HUB_-LOC-05,HUB_02,2025-06-22T11:03:00Z,LOCAL_URBAN,124.4,10,94,8.99,PERISHABLE_FOOD,24,COMPLETED
DSP-11886,RT-GREE-REG-06,GREENSBORO_NC,06/22/2025 10:53,REGIONAL_DISTRIB,270.1,6,58,8.43,PERISHABLE_FOOD,26,COMPLETED
DSP-11887,RT-GREE-REG-07,GREENSBORO_NC,2025-06-22 06:09:00,REGIONAL_DISTRIB,271.8,5,85,8.14,PERISHABLE_FOOD,26,COMPLETED
DSP-11888,RT-HUB_-REG-08,HUB_02,2025-06-22T16:09:00Z,REGIONAL_DISTRIB,272.9,5,62,8.16,PHARMA_GDP,26,COMPLETED
DSP-11889,RT-GREE-LIN-09,GREENSBORO_NC,06/23/2025 07:33,LINEHAUL_CORRIDOR,459.5,1,23,9.17,PERISHABLE_FOOD,26,COMPLETED
DSP-11890,RT-GREE-REG-10,GREENSBORO_NC,2025-06-23 11:49:00,REGIONAL_DISTRIB,270.6,4,57,7.78,PERISHABLE_FOOD,26,COMPLETED
DSP-11891,RT-HUB_-REG-11,HUB_02,2025-06-23T11:09:00Z,REGIONAL_DISTRIB,274.7,5,61,8.21,PHARMA_GDP,26,COMPLETED
DSP-11892,RT-HUB_-REG-12,HUB_02,06/23/2025 13:24,REGIONAL_DISTRIB,298.1,6,58,9.1,PHARMA_GDP,26,COMPLETED
DSP-11893,RT-HUB_-LIN-13,HUB_C,2025-06-24 18:20:00,LINEHAUL_CORRIDOR,425.9,1,40,8.52,PERISHABLE_FOOD,26,COMPLETED
DSP-11894,RT-HUB_-LOC-14,HUB_02,2025-06-24T15:16:00Z,LOCAL_URBAN,119.6,7,113,7.77,PERISHABLE_FOOD,24,COMPLETED
DSP-11895,RT-HUB_-LOC-15,HUB_02,06/24/2025 11:40,LOCAL_URBAN,119.0,8,112,8.08,PERISHABLE_FOOD,25,COMPLETED
DSP-11896,RT-HUB_-REG-16,HUB_02,2025-06-24 18:07:00,REGIONAL_DISTRIB,301.1,5,68,8.84,PHARMA_GDP,26,COMPLETED
DSP-11897,RT-HUB_-REG-17,HUB_02,2025-06-25T13:51:00Z,REGIONAL_DISTRIB,272.6,4,59,7.82,PERISHABLE_FOOD,26,COMPLETED
DSP-11898,RT-GREE-REG-18,GREENSBORO_NC,06/25/2025 18:25,REGIONAL_DISTRIB,288.4,6,73,8.87,PERISHABLE_FOOD,26,COMPLETED
DSP-11899,RT-GREE-LIN-19,GREENSBORO_NC,2025-06-25 07:21:00,LINEHAUL_CORRIDOR,427.3,3,24,9.22,PHARMA_GDP,26,COMPLETED
DSP-11900,RT-HUB_-LOC-20,HUB_02,2025-06-25T11:10:00Z,LOCAL_URBAN,133.3,7,82,8.39,PHARMA_GDP,25,COMPLETED
DSP-11901,RT-GREE-LIN-21,GREENSBORO_NC,06/26/2025 17:50,LINEHAUL_CORRIDOR,414.4,1,24,8.3,PERISHABLE_FOOD,26,COMPLETED
DSP-11902,RT-HUB_-LOC-22,HUB_C,2025-06-26 15:57:00,LOCAL_URBAN,118.1,10,82,8.7,PERISHABLE_FOOD,26,COMPLETED
DSP-11903,RT-HUB_-REG-23,HUB_C,2025-06-26T12:07:00Z,REGIONAL_DISTRIB,272.8,5,82,8.16,PERISHABLE_FOOD,26,COMPLETED
DSP-11904,RT-GREE-REG-24,GREENSBORO_NC,06/26/2025 16:20,REGIONAL_DISTRIB,282.5,6,84,8.73,PHARMA_GDP,26,COMPLETED
DSP-11905,RT-HUB_-REG-25,HUB_02,2025-06-27 10:48:00,REGIONAL_DISTRIB,266.7,4,59,7.68,PHARMA_GDP,26,COMPLETED
DSP-11906,RT-HUB_-REG-26,HUB_C,2025-06-27T16:38:00Z,REGIONAL_DISTRIB,296.2,4,77,8.39,PERISHABLE_FOOD,26,COMPLETED
DSP-11907,RT-HUB_-LOC-27,HUB_C,06/27/2025 12:17,LOCAL_URBAN,125.2,7,99,8.02,PERISHABLE_FOOD,24,VOID_TEST
DSP-11908,RT-HUB_-REG-28,HUB_C,2025-06-27 10:31:00,REGIONAL_DISTRIB,278.7,5,60,8.3,PHARMA_GDP,26,COMPLETED
DSP-11909,RT-HUB_-REG-29,HUB_02,2025-06-28T11:00:00Z,REGIONAL_DISTRIB,291.8,6,69,8.95,PHARMA_GDP,26,COMPLETED
DSP-11910,RT-HUB_-REG-30,HUB_02,06/28/2025 08:25,REGIONAL_DISTRIB,276.3,6,63,8.58,PERISHABLE_FOOD,26,COMPLETED
DSP-11911,RT-HUB_-REG-31,HUB_C,2025-06-28 12:27:00,REGIONAL_DISTRIB,287.8,6,81,8.85,PERISHABLE_FOOD,26,COMPLETED
DSP-11912,RT-HUB_-REG-32,HUB_C,2025-06-28T07:11:00Z,REGIONAL_DISTRIB,277.7,6,82,8.61,PHARMA_GDP,26,COMPLETED
DSP-11913,RT-HUB_-REG-33,HUB_C,06/29/2025 15:11,REGIONAL_DISTRIB,269.7,5,80,8.09,PERISHABLE_FOOD,26,COMPLETED
DSP-11914,RT-HUB_-LIN-34,HUB_C,2025-06-29 16:56:00,LINEHAUL_CORRIDOR,465.6,2,25,9.62,PHARMA_GDP,26,COMPLETED
DSP-11915,RT-HUB_-REG-35,HUB_C,2025-06-29T09:05:00Z,REGIONAL_DISTRIB,296.0,6,82,9.05,PERISHABLE_FOOD,26,COMPLETED
DSP-11916,RT-HUB_-LIN-36,HUB_C,06/29/2025 11:05,LINEHAUL_CORRIDOR,429.5,2,27,8.93,PERISHABLE_FOOD,26,COMPLETED
DSP-11917,RT-HUB_-REG-37,HUB_02,2025-06-30 08:40:00,REGIONAL_DISTRIB,282.0,6,69,8.71,PERISHABLE_FOOD,26,COMPLETED
DSP-11918,RT-HUB_-LOC-38,HUB_02,2025-06-30T18:19:00Z,LOCAL_URBAN,110.5,9,96,8.02,PERISHABLE_FOOD,26,COMPLETED
DSP-11919,RT-GREE-REG-39,GREENSBORO_NC,06/30/2025 05:41,REGIONAL_DISTRIB,268.1,5,74,8.05,PERISHABLE_FOOD,26,COMPLETED
DSP-11920,RT-HUB_-LOC-40,HUB_02,2025-06-30 16:37:00,LOCAL_URBAN,111.4,8,109,7.73,PERISHABLE_FOOD,25,COMPLETED
DSP-11921,RT-GREE-LIN-01,GREENSBORO_NC,2025-07-01T07:39:00Z,LINEHAUL_CORRIDOR,429.6,3,37,9.26,PERISHABLE_FOOD,26,COMPLETED
DSP-11922,RT-GREE-REG-02,GREENSBORO_NC,07/01/2025 13:42,REGIONAL_DISTRIB,264.4,5,67,7.96,PERISHABLE_FOOD,26,COMPLETED
DSP-11923,RT-HUB_-REG-03,HUB_C,2025-07-01 14:02:00,REGIONAL_DISTRIB,284.9,6,80,8.78,PERISHABLE_FOOD,26,COMPLETED
DSP-11924,RT-GREE-REG-04,GREENSBORO_NC,2025-07-01T16:02:00Z,REGIONAL_DISTRIB,290.8,6,78,8.92,PERISHABLE_FOOD,26,COMPLETED
DSP-11925,RT-HUB_-REG-05,HUB_C,07/02/2025 08:31,REGIONAL_DISTRIB,277.7,4,80,7.95,PERISHABLE_FOOD,26,COMPLETED
DSP-11926,RT-HUB_-LOC-06,HUB_02,2025-07-02 11:23:00,LOCAL_URBAN,119.7,7,100,7.77,PHARMA_GDP,24,COMPLETED
DSP-11927,RT-HUB_-LIN-07,HUB_C,2025-07-02T18:29:00Z,LINEHAUL_CORRIDOR,444.2,1,20,8.88,PERISHABLE_FOOD,26,COMPLETED
DSP-11928,RT-GREE-REG-08,GREENSBORO_NC,07/02/2025 16:25,REGIONAL_DISTRIB,289.9,4,64,8.24,PHARMA_GDP,26,COMPLETED
DSP-11929,RT-HUB_-LOC-09,HUB_C,2025-07-03 09:13:00,LOCAL_URBAN,130.6,7,106,8.27,PERISHABLE_FOOD,24,COMPLETED
DSP-11930,RT-HUB_-REG-10,HUB_C,2025-07-03T06:43:00Z,REGIONAL_DISTRIB,265.2,5,56,7.98,PERISHABLE_FOOD,26,COMPLETED
DSP-11931,RT-GREE-LIN-11,GREENSBORO_NC,07/03/2025 05:37,LINEHAUL_CORRIDOR,467.6,2,34,9.66,PERISHABLE_FOOD,26,COMPLETED
DSP-11932,RT-GREE-REG-12,GREENSBORO_NC,2025-07-03 05:37:00,REGIONAL_DISTRIB,265.2,5,67,7.98,PHARMA_GDP,26,COMPLETED
DSP-11933,RT-HUB_-REG-13,HUB_C,2025-07-04T08:42:00Z,REGIONAL_DISTRIB,292.5,6,78,8.96,PERISHABLE_FOOD,26,COMPLETED
DSP-11934,RT-GREE-REG-14,GREENSBORO_NC,07/04/2025 09:04,REGIONAL_DISTRIB,261.7,6,61,8.23,PERISHABLE_FOOD,26,VOID_TEST
DSP-11935,RT-HUB_-REG-15,HUB_C,2025-07-04 18:20:00,REGIONAL_DISTRIB,299.5,5,79,8.8,PERISHABLE_FOOD,26,COMPLETED
DSP-11936,RT-HUB_-LOC-16,HUB_C,2025-07-04T06:06:00Z,LOCAL_URBAN,110.6,10,113,8.36,PHARMA_GDP,25,COMPLETED
DSP-11937,RT-HUB_-LOC-17,HUB_C,07/05/2025 09:14,LOCAL_URBAN,117.2,8,81,7.99,PERISHABLE_FOOD,26,COMPLETED
DSP-11938,RT-HUB_-REG-18,HUB_02,2025-07-05 18:29:00,REGIONAL_DISTRIB,297.8,4,80,8.42,PERISHABLE_FOOD,26,COMPLETED
DSP-11939,RT-GREE-REG-19,GREENSBORO_NC,2025-07-05T17:36:00Z,REGIONAL_DISTRIB,275.5,6,73,8.56,PERISHABLE_FOOD,26,COMPLETED
DSP-11940,RT-HUB_-LOC-20,HUB_02,07/05/2025 10:54,LOCAL_URBAN,116.9,10,102,8.65,PERISHABLE_FOOD,26,COMPLETED
DSP-11941,RT-HUB_-LOC-21,HUB_C,2025-07-06 05:57:00,LOCAL_URBAN,110.7,7,89,7.37,PHARMA_GDP,25,COMPLETED
DSP-11942,RT-GREE-LOC-22,GREENSBORO_NC,2025-07-06T14:33:00Z,LOCAL_URBAN,115.8,10,97,8.6,PHARMA_GDP,26,COMPLETED
DSP-11943,RT-GREE-LIN-23,GREENSBORO_NC,07/06/2025 08:25,LINEHAUL_CORRIDOR,435.9,3,20,9.38,PHARMA_GDP,26,COMPLETED
DSP-11944,RT-GREE-LIN-24,GREENSBORO_NC,2025-07-06 16:10:00,LINEHAUL_CORRIDOR,416.4,2,28,8.67,PERISHABLE_FOOD,26,COMPLETED
DSP-11945,RT-HUB_-REG-25,HUB_C,2025-07-07T14:53:00Z,REGIONAL_DISTRIB,299.0,4,62,8.45,PHARMA_GDP,26,COMPLETED
DSP-11946,RT-HUB_-LIN-26,HUB_02,07/07/2025 14:34,LINEHAUL_CORRIDOR,443.9,3,34,9.54,PHARMA_GDP,26,COMPLETED
DSP-11947,RT-GREE-REG-27,GREENSBORO_NC,2025-07-07 08:46:00,REGIONAL_DISTRIB,304.9,5,64,8.93,PERISHABLE_FOOD,26,COMPLETED
DSP-11948,RT-HUB_-LOC-28,HUB_C,2025-07-07T13:33:00Z,LOCAL_URBAN,130.3,10,107,9.26,PHARMA_GDP,24,COMPLETED
DSP-11949,RT-GREE-LOC-29,GREENSBORO_NC,07/08/2025 11:47,LOCAL_URBAN,115.2,10,115,8.57,PHARMA_GDP,25,COMPLETED
DSP-11950,RT-HUB_-REG-30,HUB_C,2025-07-08 18:16:00,REGIONAL_DISTRIB,279.1,4,72,7.98,PHARMA_GDP,26,COMPLETED
DSP-11951,RT-HUB_-LOC-31,HUB_02,2025-07-08T06:42:00Z,LOCAL_URBAN,124.8,7,101,8.01,PERISHABLE_FOOD,25,COMPLETED
DSP-11952,RT-HUB_-REG-32,HUB_02,07/08/2025 06:22,REGIONAL_DISTRIB,271.1,5,77,8.12,PHARMA_GDP,26,COMPLETED
DSP-11953,RT-HUB_-LIN-33,HUB_02,2025-07-09 07:37:00,LINEHAUL_CORRIDOR,467.2,2,29,9.65,PHARMA_GDP,26,COMPLETED
DSP-11954,RT-HUB_-LOC-34,HUB_C,2025-07-09T10:58:00Z,LOCAL_URBAN,120.9,9,114,8.5,PERISHABLE_FOOD,26,COMPLETED
DSP-11955,RT-HUB_-REG-35,HUB_02,07/09/2025 09:12,REGIONAL_DISTRIB,282.3,4,58,8.05,PERISHABLE_FOOD,26,COMPLETED
DSP-11956,RT-HUB_-REG-36,HUB_C,2025-07-09 11:57:00,REGIONAL_DISTRIB,267.0,5,84,8.02,PHARMA_GDP,26,COMPLETED
DSP-11957,RT-HUB_-REG-37,HUB_C,2025-07-10T05:32:00Z,REGIONAL_DISTRIB,262.9,4,81,7.59,PHARMA_GDP,26,COMPLETED
DSP-11958,RT-HUB_-REG-38,HUB_02,07/10/2025 17:34,REGIONAL_DISTRIB,279.2,5,85,8.31,PHARMA_GDP,26,COMPLETED
DSP-11959,RT-HUB_-REG-39,HUB_C,2025-07-10 06:17:00,REGIONAL_DISTRIB,281.9,5,58,8.38,PERISHABLE_FOOD,26,COMPLETED
DSP-11960,RT-GREE-LOC-40,GREENSBORO_NC,2025-07-10T09:12:00Z,LOCAL_URBAN,129.2,7,97,8.21,PERISHABLE_FOOD,25,COMPLETED
DSP-11961,RT-HUB_-REG-01,HUB_C,07/11/2025 18:07,REGIONAL_DISTRIB,267.7,5,74,8.04,PERISHABLE_FOOD,26,COMPLETED
DSP-11962,RT-GREE-LIN-02,GREENSBORO_NC,2025-07-11 15:44:00,LINEHAUL_CORRIDOR,465.8,2,39,9.62,PERISHABLE_FOOD,26,COMPLETED
DSP-11963,RT-HUB_-REG-03,HUB_C,2025-07-11T06:56:00Z,REGIONAL_DISTRIB,279.8,4,81,8.0,PHARMA_GDP,26,COMPLETED
DSP-11964,RT-HUB_-LOC-04,HUB_C,07/11/2025 08:44,LOCAL_URBAN,122.1,7,111,7.88,PERISHABLE_FOOD,25,COMPLETED
DSP-11965,RT-HUB_-REG-05,HUB_02,2025-07-12 15:06:00,REGIONAL_DISTRIB,269.5,6,85,8.42,PERISHABLE_FOOD,26,COMPLETED
DSP-11966,RT-GREE-REG-06,GREENSBORO_NC,2025-07-12T12:24:00Z,REGIONAL_DISTRIB,260.7,6,81,8.21,PERISHABLE_FOOD,26,COMPLETED
DSP-11967,RT-GREE-LOC-07,GREENSBORO_NC,07/12/2025 07:36,LOCAL_URBAN,115.4,7,112,7.58,PERISHABLE_FOOD,26,COMPLETED
DSP-11968,RT-HUB_-LIN-08,HUB_C,2025-07-12 07:24:00,LINEHAUL_CORRIDOR,449.6,3,20,9.65,PERISHABLE_FOOD,26,COMPLETED
DSP-11969,RT-GREE-LIN-09,GREENSBORO_NC,2025-07-13T08:27:00Z,LINEHAUL_CORRIDOR,458.0,1,31,9.14,PERISHABLE_FOOD,26,COMPLETED
DSP-11970,RT-HUB_-LIN-10,HUB_02,07/13/2025 16:02,LINEHAUL_CORRIDOR,453.9,3,36,9.73,PERISHABLE_FOOD,26,COMPLETED
DSP-11971,RT-HUB_-LIN-11,HUB_C,2025-07-13 17:37:00,LINEHAUL_CORRIDOR,465.7,2,29,9.62,PERISHABLE_FOOD,26,COMPLETED
DSP-11972,RT-HUB_-REG-12,HUB_02,2025-07-13T13:29:00Z,REGIONAL_DISTRIB,293.2,4,73,8.31,PERISHABLE_FOOD,26,VOID_TEST
DSP-11973,RT-HUB_-LOC-13,HUB_C,07/14/2025 15:35,LOCAL_URBAN,110.6,7,106,7.36,PERISHABLE_FOOD,25,COMPLETED
DSP-11974,RT-HUB_-LIN-14,HUB_C,2025-07-14 18:11:00,LINEHAUL_CORRIDOR,432.8,1,29,8.66,PERISHABLE_FOOD,26,COMPLETED
DSP-11975,RT-HUB_-REG-15,HUB_C,2025-07-14T14:27:00Z,REGIONAL_DISTRIB,282.5,6,63,8.73,PERISHABLE_FOOD,26,COMPLETED
DSP-11976,RT-HUB_-REG-16,HUB_02,07/14/2025 09:32,REGIONAL_DISTRIB,277.6,6,84,8.61,PERISHABLE_FOOD,26,COMPLETED
DSP-11977,RT-HUB_-REG-17,HUB_C,2025-07-15 10:57:00,REGIONAL_DISTRIB,271.6,4,80,7.8,PERISHABLE_FOOD,26,COMPLETED
DSP-11978,RT-GREE-REG-18,GREENSBORO_NC,2025-07-15T11:16:00Z,REGIONAL_DISTRIB,268.0,5,76,8.05,PERISHABLE_FOOD,26,COMPLETED
DSP-11979,RT-HUB_-REG-19,HUB_C,07/15/2025 10:10,REGIONAL_DISTRIB,280.7,6,76,8.68,PERISHABLE_FOOD,26,COMPLETED
DSP-11980,RT-GREE-LIN-20,GREENSBORO_NC,2025-07-15 16:46:00,LINEHAUL_CORRIDOR,452.1,2,39,9.36,PHARMA_GDP,26,COMPLETED
DSP-11981,RT-HUB_-LOC-21,HUB_02,2025-07-16T08:05:00Z,LOCAL_URBAN,121.3,9,89,8.51,PHARMA_GDP,24,COMPLETED
DSP-11982,RT-HUB_-LOC-22,HUB_02,07/16/2025 10:04,LOCAL_URBAN,134.5,9,95,9.11,PERISHABLE_FOOD,25,COMPLETED
DSP-11983,RT-HUB_-REG-23,HUB_C,2025-07-16 14:32:00,REGIONAL_DISTRIB,285.8,4,63,8.14,PERISHABLE_FOOD,26,COMPLETED
DSP-11984,RT-HUB_-LIN-24,HUB_C,2025-07-16T11:31:00Z,LINEHAUL_CORRIDOR,433.7,1,36,8.67,PERISHABLE_FOOD,26,COMPLETED
DSP-11985,RT-HUB_-LOC-25,HUB_C,07/17/2025 16:22,LOCAL_URBAN,111.8,7,95,7.42,PHARMA_GDP,26,COMPLETED
DSP-11986,RT-HUB_-REG-26,HUB_C,2025-07-17 10:41:00,REGIONAL_DISTRIB,264.9,4,70,7.64,PERISHABLE_FOOD,26,COMPLETED
DSP-11987,RT-HUB_-LIN-27,HUB_C,2025-07-17T07:53:00Z,LINEHAUL_CORRIDOR,429.3,3,23,9.26,PHARMA_GDP,26,COMPLETED
DSP-11988,RT-HUB_-REG-28,HUB_02,07/17/2025 11:11,REGIONAL_DISTRIB,282.3,5,58,8.39,PERISHABLE_FOOD,26,COMPLETED
DSP-11989,RT-HUB_-REG-29,HUB_C,2025-07-18 13:18:00,REGIONAL_DISTRIB,272.3,6,68,8.48,PHARMA_GDP,26,COMPLETED
DSP-11990,RT-GREE-LOC-30,GREENSBORO_NC,2025-07-18T15:32:00Z,LOCAL_URBAN,122.9,9,114,8.59,PERISHABLE_FOOD,26,COMPLETED
DSP-11991,RT-GREE-LOC-31,GREENSBORO_NC,07/18/2025 09:56,LOCAL_URBAN,120.0,8,86,8.12,PHARMA_GDP,25,COMPLETED
DSP-11992,RT-HUB_-REG-32,HUB_C,2025-07-18 10:04:00,REGIONAL_DISTRIB,297.8,6,60,9.09,PERISHABLE_FOOD,26,COMPLETED
DSP-11993,RT-GREE-REG-33,GREENSBORO_NC,2025-07-19T17:09:00Z,REGIONAL_DISTRIB,296.2,4,77,8.39,PERISHABLE_FOOD,26,COMPLETED
DSP-11994,RT-HUB_-LIN-34,HUB_02,07/19/2025 11:21,LINEHAUL_CORRIDOR,432.9,2,22,8.99,PHARMA_GDP,26,COMPLETED
DSP-11995,RT-HUB_-LOC-35,HUB_C,2025-07-19 10:45:00,LOCAL_URBAN,113.4,8,83,7.82,PERISHABLE_FOOD,25,COMPLETED
DSP-11996,RT-HUB_-LIN-36,HUB_02,2025-07-19T16:16:00Z,LINEHAUL_CORRIDOR,412.7,1,22,8.27,PERISHABLE_FOOD,26,COMPLETED
DSP-11997,RT-GREE-REG-37,GREENSBORO_NC,07/20/2025 12:15,REGIONAL_DISTRIB,294.7,5,61,8.68,PERISHABLE_FOOD,26,COMPLETED
DSP-11998,RT-HUB_-REG-38,HUB_C,2025-07-20 05:33:00,REGIONAL_DISTRIB,271.7,5,74,8.14,PHARMA_GDP,26,COMPLETED
DSP-11999,RT-GREE-REG-39,GREENSBORO_NC,2025-07-20T07:33:00Z,REGIONAL_DISTRIB,273.6,4,64,7.85,PERISHABLE_FOOD,26,COMPLETED
DSP-12000,RT-HUB_-LIN-40,HUB_02,07/20/2025 12:56,LINEHAUL_CORRIDOR,450.9,2,37,9.34,PERISHABLE_FOOD,26,COMPLETED
DSP-12001,RT-HUB_-REG-01,HUB_02,2025-07-21 13:18:00,REGIONAL_DISTRIB,260.6,5,65,7.87,PERISHABLE_FOOD,26,COMPLETED
DSP-12002,RT-GREE-LIN-02,GREENSBORO_NC,2025-07-21T18:02:00Z,LINEHAUL_CORRIDOR,444.3,2,30,9.21,PERISHABLE_FOOD,26,COMPLETED
DSP-12003,RT-HUB_-REG-03,HUB_C,07/21/2025 17:38,REGIONAL_DISTRIB,270.9,5,63,8.12,PERISHABLE_FOOD,26,COMPLETED
DSP-12004,RT-HUB_-REG-04,HUB_C,2025-07-21 15:08:00,REGIONAL_DISTRIB,275.1,5,56,8.22,PHARMA_GDP,26,COMPLETED
DSP-12005,RT-HUB_-LOC-05,HUB_C,2025-07-22T07:39:00Z,LOCAL_URBAN,133.3,10,90,9.39,PERISHABLE_FOOD,24,COMPLETED
DSP-12006,RT-HUB_-REG-06,HUB_02,07/22/2025 08:18,REGIONAL_DISTRIB,299.7,6,76,9.14,PERISHABLE_FOOD,26,COMPLETED
DSP-12007,RT-HUB_-REG-07,HUB_C,2025-07-22 06:53:00,REGIONAL_DISTRIB,264.7,4,63,7.64,PERISHABLE_FOOD,26,COMPLETED
DSP-12008,RT-GREE-LIN-08,GREENSBORO_NC,2025-07-22T06:18:00Z,LINEHAUL_CORRIDOR,425.1,3,40,9.18,PHARMA_GDP,26,COMPLETED
DSP-12009,RT-GREE-LOC-09,GREENSBORO_NC,07/23/2025 07:42,LOCAL_URBAN,121.9,10,110,8.87,PERISHABLE_FOOD,26,COMPLETED
DSP-12010,RT-HUB_-REG-10,HUB_C,2025-07-23 17:47:00,REGIONAL_DISTRIB,299.7,5,69,8.8,PERISHABLE_FOOD,26,COMPLETED
DSP-12011,RT-GREE-REG-11,GREENSBORO_NC,2025-07-23T08:16:00Z,REGIONAL_DISTRIB,271.8,4,75,7.8,PERISHABLE_FOOD,26,COMPLETED
DSP-12012,RT-HUB_-LOC-12,HUB_C,07/23/2025 11:14,LOCAL_URBAN,123.2,8,110,8.27,PHARMA_GDP,25,COMPLETED
DSP-12013,RT-HUB_-LIN-13,HUB_02,2025-07-24 10:46:00,LINEHAUL_CORRIDOR,441.9,2,37,9.16,PHARMA_GDP,26,COMPLETED
DSP-12014,RT-HUB_-REG-14,HUB_C,2025-07-24T09:53:00Z,REGIONAL_DISTRIB,265.6,6,77,8.32,PERISHABLE_FOOD,26,COMPLETED
DSP-12015,RT-HUB_-LOC-15,HUB_02,07/24/2025 10:11,LOCAL_URBAN,126.9,10,96,9.1,PHARMA_GDP,25,COMPLETED
DSP-12016,RT-GREE-LOC-16,GREENSBORO_NC,2025-07-24 08:29:00,LOCAL_URBAN,114.9,7,87,7.56,PHARMA_GDP,24,COMPLETED
DSP-12017,RT-HUB_-REG-17,HUB_02,2025-07-25T12:58:00Z,REGIONAL_DISTRIB,284.2,6,78,8.77,PERISHABLE_FOOD,26,COMPLETED
DSP-12018,RT-HUB_-REG-18,HUB_02,07/25/2025 12:40,REGIONAL_DISTRIB,270.9,5,75,8.12,PERISHABLE_FOOD,26,COMPLETED
DSP-12019,RT-GREE-REG-19,GREENSBORO_NC,2025-07-25 16:04:00,REGIONAL_DISTRIB,290.8,4,83,8.26,PERISHABLE_FOOD,26,COMPLETED
DSP-12020,RT-HUB_-REG-20,HUB_C,2025-07-25T17:10:00Z,REGIONAL_DISTRIB,277.4,4,81,7.94,PHARMA_GDP,26,COMPLETED
DSP-12021,RT-HUB_-REG-21,HUB_02,07/26/2025 10:09,REGIONAL_DISTRIB,295.7,4,65,8.37,PERISHABLE_FOOD,26,COMPLETED
DSP-12022,RT-HUB_-LIN-22,HUB_02,2025-07-26 13:34:00,LINEHAUL_CORRIDOR,462.9,1,21,9.24,PERISHABLE_FOOD,26,COMPLETED
DSP-12023,RT-HUB_-REG-23,HUB_02,2025-07-26T10:41:00Z,REGIONAL_DISTRIB,282.7,6,83,8.73,PHARMA_GDP,26,COMPLETED
DSP-12024,RT-HUB_-LIN-24,HUB_02,07/26/2025 14:26,LINEHAUL_CORRIDOR,467.3,2,28,9.65,PERISHABLE_FOOD,26,COMPLETED
DSP-12025,RT-HUB_-REG-25,HUB_C,2025-07-27 06:11:00,REGIONAL_DISTRIB,287.9,5,77,8.52,PERISHABLE_FOOD,26,COMPLETED
DSP-12026,RT-GREE-REG-26,GREENSBORO_NC,2025-07-27T14:02:00Z,REGIONAL_DISTRIB,270.8,6,58,8.45,PHARMA_GDP,26,COMPLETED
DSP-12027,RT-GREE-REG-27,GREENSBORO_NC,07/27/2025 18:14,REGIONAL_DISTRIB,296.2,6,73,9.05,PERISHABLE_FOOD,26,COMPLETED
DSP-12028,RT-HUB_-LIN-28,HUB_02,2025-07-27 10:23:00,LINEHAUL_CORRIDOR,428.9,3,24,9.25,PERISHABLE_FOOD,26,COMPLETED
DSP-12029,RT-HUB_-REG-29,HUB_C,2025-07-28T16:46:00Z,REGIONAL_DISTRIB,270.5,4,82,7.77,PERISHABLE_FOOD,26,COMPLETED
DSP-12030,RT-HUB_-LIN-30,HUB_C,07/28/2025 13:45,LINEHAUL_CORRIDOR,459.9,3,27,9.84,PERISHABLE_FOOD,26,COMPLETED
DSP-12031,RT-HUB_-LOC-31,HUB_C,2025-07-28 14:43:00,LOCAL_URBAN,112.8,10,81,8.46,PHARMA_GDP,24,COMPLETED
DSP-12032,RT-GREE-LIN-32,GREENSBORO_NC,2025-07-28T07:39:00Z,LINEHAUL_CORRIDOR,465.4,3,38,9.95,PERISHABLE_FOOD,26,COMPLETED
DSP-12033,RT-HUB_-LOC-33,HUB_C,07/29/2025 11:59,LOCAL_URBAN,115.8,7,81,7.6,PHARMA_GDP,26,COMPLETED
DSP-12034,RT-HUB_-LOC-34,HUB_C,2025-07-29 07:22:00,LOCAL_URBAN,110.7,10,104,8.37,PHARMA_GDP,26,COMPLETED
DSP-12035,RT-HUB_-REG-35,HUB_02,2025-07-29T11:11:00Z,REGIONAL_DISTRIB,264.2,4,84,7.62,PERISHABLE_FOOD,26,COMPLETED
DSP-12036,RT-HUB_-REG-36,HUB_C,07/29/2025 08:50,REGIONAL_DISTRIB,294.0,5,63,8.67,PERISHABLE_FOOD,26,COMPLETED
DSP-12037,RT-GREE-REG-37,GREENSBORO_NC,2025-07-30 13:23:00,REGIONAL_DISTRIB,290.4,4,56,8.25,PHARMA_GDP,26,COMPLETED
DSP-12038,RT-HUB_-LOC-38,HUB_C,2025-07-30T11:58:00Z,LOCAL_URBAN,130.4,9,101,8.93,PERISHABLE_FOOD,26,COMPLETED
DSP-12039,RT-HUB_-LOC-39,HUB_02,07/30/2025 11:57,LOCAL_URBAN,127.2,10,107,9.12,PERISHABLE_FOOD,26,COMPLETED
DSP-12040,RT-HUB_-LOC-40,HUB_C,2025-07-30 07:15:00,LOCAL_URBAN,126.2,9,99,8.74,PERISHABLE_FOOD,26,COMPLETED
DSP-12041,RT-HUB_-LIN-01,HUB_C,2025-07-31T15:22:00Z,LINEHAUL_CORRIDOR,410.1,2,37,8.55,PHARMA_GDP,26,COMPLETED
DSP-12042,RT-GREE-REG-02,GREENSBORO_NC,07/31/2025 18:05,REGIONAL_DISTRIB,287.8,4,71,8.19,PERISHABLE_FOOD,26,COMPLETED
DSP-12043,RT-HUB_-REG-03,HUB_02,2025-07-31 07:54:00,REGIONAL_DISTRIB,269.1,6,59,8.41,PHARMA_GDP,26,COMPLETED
DSP-12044,RT-HUB_-REG-04,HUB_C,2025-07-31T13:03:00Z,REGIONAL_DISTRIB,284.3,6,72,8.77,PERISHABLE_FOOD,26,COMPLETED
DSP-12045,RT-GREE-REG-05,GREENSBORO_NC,08/01/2025 07:53,REGIONAL_DISTRIB,295.2,4,66,8.36,PHARMA_GDP,26,COMPLETED
DSP-12046,RT-HUB_-REG-06,HUB_C,2025-08-01 05:35:00,REGIONAL_DISTRIB,300.4,4,77,8.49,PERISHABLE_FOOD,26,COMPLETED
DSP-12047,RT-GREE-REG-07,GREENSBORO_NC,2025-08-01T11:30:00Z,REGIONAL_DISTRIB,276.1,6,71,8.57,PERISHABLE_FOOD,26,COMPLETED
DSP-12048,RT-HUB_-REG-08,HUB_C,08/01/2025 17:59,REGIONAL_DISTRIB,260.3,6,66,8.2,PERISHABLE_FOOD,26,COMPLETED
DSP-12049,RT-GREE-REG-09,GREENSBORO_NC,2025-08-02 16:17:00,REGIONAL_DISTRIB,303.1,5,70,8.88,PERISHABLE_FOOD,26,COMPLETED
DSP-12050,RT-HUB_-REG-10,HUB_02,2025-08-02T09:35:00Z,REGIONAL_DISTRIB,268.3,4,58,7.72,PERISHABLE_FOOD,26,COMPLETED
DSP-12051,RT-GREE-REG-11,GREENSBORO_NC,08/02/2025 11:02,REGIONAL_DISTRIB,266.2,5,60,8.0,PHARMA_GDP,26,COMPLETED
DSP-12052,RT-HUB_-LOC-12,HUB_02,2025-08-02 07:22:00,LOCAL_URBAN,127.7,9,103,8.8,PHARMA_GDP,24,COMPLETED
DSP-12053,RT-GREE-REG-13,GREENSBORO_NC,2025-08-03T06:24:00Z,REGIONAL_DISTRIB,281.9,4,65,8.05,PERISHABLE_FOOD,26,COMPLETED
DSP-12054,RT-HUB_-LIN-14,HUB_C,08/03/2025 07:10,LINEHAUL_CORRIDOR,432.0,1,38,8.64,PHARMA_GDP,26,COMPLETED
DSP-12055,RT-GREE-LIN-15,GREENSBORO_NC,2025-08-03 10:24:00,LINEHAUL_CORRIDOR,434.6,1,34,8.69,PHARMA_GDP,26,COMPLETED
DSP-12056,RT-HUB_-REG-16,HUB_C,2025-08-03T05:33:00Z,REGIONAL_DISTRIB,301.4,6,65,9.18,PERISHABLE_FOOD,26,COMPLETED
DSP-12057,RT-GREE-REG-17,GREENSBORO_NC,08/04/2025 16:58,REGIONAL_DISTRIB,301.1,6,60,9.17,PHARMA_GDP,26,COMPLETED
DSP-12058,RT-HUB_-LIN-18,HUB_C,2025-08-04 06:20:00,LINEHAUL_CORRIDOR,414.3,3,31,8.97,PHARMA_GDP,26,COMPLETED
DSP-12059,RT-GREE-REG-19,GREENSBORO_NC,2025-08-04T06:09:00Z,REGIONAL_DISTRIB,293.9,4,57,8.33,PHARMA_GDP,26,COMPLETED
DSP-12060,RT-HUB_-LIN-20,HUB_02,08/04/2025 07:17,LINEHAUL_CORRIDOR,416.6,3,22,9.01,PHARMA_GDP,26,COMPLETED
DSP-12061,RT-GREE-REG-21,GREENSBORO_NC,2025-08-05 08:32:00,REGIONAL_DISTRIB,302.6,5,56,8.87,PERISHABLE_FOOD,26,COMPLETED
DSP-12062,RT-HUB_-LIN-22,HUB_C,2025-08-05T10:27:00Z,LINEHAUL_CORRIDOR,445.6,3,20,9.57,PHARMA_GDP,26,COMPLETED
DSP-12063,RT-GREE-LOC-23,GREENSBORO_NC,08/05/2025 09:44,LOCAL_URBAN,122.6,9,115,8.57,PERISHABLE_FOOD,26,COMPLETED
DSP-12064,RT-HUB_-REG-24,HUB_C,2025-08-05 11:52:00,REGIONAL_DISTRIB,283.5,5,73,8.42,PERISHABLE_FOOD,26,COMPLETED
DSP-12065,RT-HUB_-REG-25,HUB_02,2025-08-06T15:20:00Z,REGIONAL_DISTRIB,281.2,4,68,8.03,PERISHABLE_FOOD,26,COMPLETED
DSP-12066,RT-HUB_-LIN-26,HUB_C,08/06/2025 05:46,LINEHAUL_CORRIDOR,422.1,2,37,8.78,PHARMA_GDP,26,COMPLETED
DSP-12067,RT-HUB_-REG-27,HUB_C,2025-08-06 06:59:00,REGIONAL_DISTRIB,285.3,6,67,8.79,PHARMA_GDP,26,COMPLETED
DSP-12068,RT-HUB_-LIN-28,HUB_C,2025-08-06T11:25:00Z,LINEHAUL_CORRIDOR,457.0,3,31,9.79,PERISHABLE_FOOD,26,COMPLETED
DSP-12069,RT-HUB_-REG-29,HUB_02,08/07/2025 12:42,REGIONAL_DISTRIB,278.3,5,72,8.29,PERISHABLE_FOOD,26,COMPLETED
DSP-12070,RT-HUB_-LIN-30,HUB_C,2025-08-07 07:50:00,LINEHAUL_CORRIDOR,469.8,2,37,9.7,PERISHABLE_FOOD,26,COMPLETED
DSP-12071,RT-HUB_-LIN-31,HUB_02,2025-08-07T13:33:00Z,LINEHAUL_CORRIDOR,457.9,3,29,9.81,PHARMA_GDP,26,COMPLETED
DSP-12072,RT-HUB_-REG-32,HUB_C,08/07/2025 13:09,REGIONAL_DISTRIB,280.0,5,77,8.33,PHARMA_GDP,26,COMPLETED
DSP-12073,RT-HUB_-REG-33,HUB_C,2025-08-08 14:32:00,REGIONAL_DISTRIB,277.9,4,73,7.95,PHARMA_GDP,26,COMPLETED
DSP-12074,RT-HUB_-LIN-34,HUB_02,2025-08-08T16:31:00Z,LINEHAUL_CORRIDOR,429.5,1,35,8.59,PERISHABLE_FOOD,26,COMPLETED
DSP-12075,RT-GREE-LOC-35,GREENSBORO_NC,08/08/2025 11:36,LOCAL_URBAN,115.8,7,86,7.6,PERISHABLE_FOOD,26,COMPLETED
DSP-12076,RT-GREE-LOC-36,GREENSBORO_NC,2025-08-08 16:14:00,LOCAL_URBAN,118.2,9,108,8.37,PERISHABLE_FOOD,24,COMPLETED
DSP-12077,RT-GREE-LOC-37,GREENSBORO_NC,2025-08-09T16:35:00Z,LOCAL_URBAN,127.9,9,94,8.81,PHARMA_GDP,25,COMPLETED
DSP-12078,RT-HUB_-LIN-38,HUB_C,08/09/2025 05:30,LINEHAUL_CORRIDOR,450.0,1,34,8.99,PERISHABLE_FOOD,26,COMPLETED
DSP-12079,RT-HUB_-REG-39,HUB_02,2025-08-09 09:25:00,REGIONAL_DISTRIB,291.5,4,57,8.27,PHARMA_GDP,26,COMPLETED
DSP-12080,RT-HUB_-LIN-40,HUB_C,2025-08-09T05:58:00Z,LINEHAUL_CORRIDOR,430.8,3,38,9.28,PHARMA_GDP,26,COMPLETED
DSP-12081,RT-HUB_-LOC-01,HUB_02,08/10/2025 06:29,LOCAL_URBAN,121.1,8,88,8.17,PERISHABLE_FOOD,26,COMPLETED
DSP-12082,RT-GREE-REG-02,GREENSBORO_NC,2025-08-10 05:30:00,REGIONAL_DISTRIB,276.5,4,84,7.92,PHARMA_GDP,26,COMPLETED
DSP-12083,RT-HUB_-LIN-03,HUB_02,2025-08-10T05:47:00Z,LINEHAUL_CORRIDOR,447.3,2,20,9.27,PHARMA_GDP,26,COMPLETED
DSP-12084,RT-HUB_-LIN-04,HUB_C,08/10/2025 06:34,LINEHAUL_CORRIDOR,435.7,3,39,9.38,PERISHABLE_FOOD,26,COMPLETED
DSP-12085,RT-GREE-REG-05,GREENSBORO_NC,2025-08-11 13:52:00,REGIONAL_DISTRIB,264.2,4,75,7.62,PHARMA_GDP,26,COMPLETED
DSP-12086,RT-HUB_-LIN-06,HUB_C,2025-08-11T06:32:00Z,LINEHAUL_CORRIDOR,451.2,2,24,9.34,PHARMA_GDP,26,COMPLETED
DSP-12087,RT-HUB_-REG-07,HUB_02,08/11/2025 13:33,REGIONAL_DISTRIB,286.0,6,55,8.81,PHARMA_GDP,26,COMPLETED
DSP-12088,RT-HUB_-REG-08,HUB_02,2025-08-11 13:02:00,REGIONAL_DISTRIB,281.5,4,79,8.04,PERISHABLE_FOOD,26,COMPLETED
DSP-12089,RT-GREE-LOC-09,GREENSBORO_NC,2025-08-12T10:07:00Z,LOCAL_URBAN,132.2,8,92,8.68,PERISHABLE_FOOD,25,COMPLETED
DSP-12090,RT-HUB_-LIN-10,HUB_02,08/12/2025 10:50,LINEHAUL_CORRIDOR,411.2,2,35,8.57,PERISHABLE_FOOD,26,VOID_TEST
DSP-12091,RT-HUB_-REG-11,HUB_C,2025-08-12 10:46:00,REGIONAL_DISTRIB,297.3,4,70,8.41,PHARMA_GDP,26,COMPLETED
DSP-12092,RT-HUB_-LOC-12,HUB_02,2025-08-12T08:12:00Z,LOCAL_URBAN,112.6,9,91,8.12,PERISHABLE_FOOD,26,COMPLETED
DSP-12093,RT-GREE-REG-13,GREENSBORO_NC,08/13/2025 06:30,REGIONAL_DISTRIB,269.8,4,64,7.76,PHARMA_GDP,26,COMPLETED
DSP-12094,RT-HUB_-REG-14,HUB_C,2025-08-13 08:30:00,REGIONAL_DISTRIB,288.9,5,81,8.55,PERISHABLE_FOOD,26,COMPLETED
DSP-12095,RT-GREE-REG-15,GREENSBORO_NC,2025-08-13T06:54:00Z,REGIONAL_DISTRIB,278.6,5,62,8.3,PHARMA_GDP,26,COMPLETED
DSP-12096,RT-HUB_-REG-16,HUB_C,08/13/2025 12:51,REGIONAL_DISTRIB,287.7,4,64,8.18,PERISHABLE_FOOD,26,COMPLETED
DSP-12097,RT-GREE-REG-17,GREENSBORO_NC,2025-08-14 06:40:00,REGIONAL_DISTRIB,304.2,5,65,8.91,PERISHABLE_FOOD,26,COMPLETED
DSP-12098,RT-GREE-REG-18,GREENSBORO_NC,2025-08-14T12:12:00Z,REGIONAL_DISTRIB,274.0,5,56,8.19,PHARMA_GDP,26,COMPLETED
DSP-12099,RT-HUB_-REG-19,HUB_C,08/14/2025 06:46,REGIONAL_DISTRIB,299.8,4,69,8.47,PHARMA_GDP,26,COMPLETED
DSP-12100,RT-HUB_-LIN-20,HUB_02,2025-08-14 07:21:00,LINEHAUL_CORRIDOR,451.7,1,20,9.02,PERISHABLE_FOOD,26,COMPLETED
DSP-12101,RT-HUB_-LOC-21,HUB_C,2025-08-15T07:36:00Z,LOCAL_URBAN,128.8,7,91,8.19,PHARMA_GDP,26,COMPLETED
DSP-12102,RT-GREE-REG-22,GREENSBORO_NC,08/15/2025 14:06,REGIONAL_DISTRIB,267.7,5,84,8.04,PERISHABLE_FOOD,26,COMPLETED
DSP-12103,RT-GREE-LOC-23,GREENSBORO_NC,2025-08-15 13:57:00,LOCAL_URBAN,119.2,7,107,7.75,PHARMA_GDP,24,COMPLETED
DSP-12104,RT-HUB_-REG-24,HUB_02,2025-08-15T17:00:00Z,REGIONAL_DISTRIB,284.8,6,73,8.78,PERISHABLE_FOOD,26,COMPLETED
DSP-12105,RT-GREE-LOC-25,GREENSBORO_NC,08/16/2025 09:00,LOCAL_URBAN,123.9,7,83,7.97,PERISHABLE_FOOD,25,COMPLETED
DSP-12106,RT-GREE-REG-26,GREENSBORO_NC,2025-08-16 14:28:00,REGIONAL_DISTRIB,269.7,6,67,8.42,PERISHABLE_FOOD,26,COMPLETED
DSP-12107,RT-HUB_-LIN-27,HUB_C,2025-08-16T08:16:00Z,LINEHAUL_CORRIDOR,426.6,2,21,8.87,PERISHABLE_FOOD,26,COMPLETED
DSP-12108,RT-HUB_-LOC-28,HUB_C,08/16/2025 08:38,LOCAL_URBAN,114.4,8,98,7.87,PERISHABLE_FOOD,26,COMPLETED
DSP-12109,RT-HUB_-LOC-29,HUB_C,2025-08-17 09:16:00,LOCAL_URBAN,112.2,9,111,8.1,PERISHABLE_FOOD,26,COMPLETED
DSP-12110,RT-GREE-LIN-30,GREENSBORO_NC,2025-08-17T15:08:00Z,LINEHAUL_CORRIDOR,454.9,1,33,9.08,PERISHABLE_FOOD,26,COMPLETED
DSP-12111,RT-GREE-LOC-31,GREENSBORO_NC,08/17/2025 05:47,LOCAL_URBAN,113.2,7,88,7.48,PHARMA_GDP,24,COMPLETED
DSP-12112,RT-GREE-LOC-32,GREENSBORO_NC,2025-08-17 17:26:00,LOCAL_URBAN,131.3,8,108,8.63,PERISHABLE_FOOD,24,COMPLETED
DSP-12113,RT-HUB_-REG-33,HUB_02,2025-08-18T05:56:00Z,REGIONAL_DISTRIB,261.9,4,71,7.57,PHARMA_GDP,26,COMPLETED
DSP-12114,RT-HUB_-LOC-34,HUB_C,08/18/2025 09:29,LOCAL_URBAN,134.6,7,102,8.45,PERISHABLE_FOOD,26,COMPLETED
DSP-12115,RT-HUB_-REG-35,HUB_02,2025-08-18 08:19:00,REGIONAL_DISTRIB,277.9,6,58,8.62,PERISHABLE_FOOD,26,COMPLETED
DSP-12116,RT-HUB_-REG-36,HUB_C,2025-08-18T12:49:00Z,REGIONAL_DISTRIB,304.6,4,68,8.59,PERISHABLE_FOOD,26,COMPLETED
DSP-12117,RT-GREE-LOC-37,GREENSBORO_NC,08/19/2025 09:45,LOCAL_URBAN,133.6,8,87,8.74,PERISHABLE_FOOD,24,COMPLETED
DSP-12118,RT-GREE-REG-38,GREENSBORO_NC,2025-08-19 14:35:00,REGIONAL_DISTRIB,272.4,6,67,8.49,PHARMA_GDP,26,COMPLETED
DSP-12119,RT-HUB_-LIN-39,HUB_C,2025-08-19T14:26:00Z,LINEHAUL_CORRIDOR,435.2,1,36,8.7,PHARMA_GDP,26,COMPLETED
DSP-12120,RT-HUB_-LIN-40,HUB_02,08/19/2025 07:35,LINEHAUL_CORRIDOR,464.4,2,21,9.6,PHARMA_GDP,26,COMPLETED
DSP-12121,RT-HUB_-REG-01,HUB_02,2025-08-20 10:11:00,REGIONAL_DISTRIB,262.7,6,64,8.25,PERISHABLE_FOOD,26,COMPLETED
DSP-12122,RT-HUB_-REG-02,HUB_02,2025-08-20T14:56:00Z,REGIONAL_DISTRIB,268.8,5,74,8.07,PERISHABLE_FOOD,26,COMPLETED
DSP-12123,RT-HUB_-REG-03,HUB_02,08/20/2025 11:38,REGIONAL_DISTRIB,277.0,5,61,8.26,PHARMA_GDP,26,COMPLETED
DSP-12124,RT-HUB_-LOC-04,HUB_C,2025-08-20 08:28:00,LOCAL_URBAN,134.2,9,93,9.1,PERISHABLE_FOOD,26,COMPLETED
DSP-12125,RT-HUB_-LIN-05,HUB_02,2025-08-21T16:02:00Z,LINEHAUL_CORRIDOR,443.3,2,28,9.19,PERISHABLE_FOOD,26,COMPLETED
DSP-12126,RT-GREE-LIN-06,GREENSBORO_NC,08/21/2025 17:09,LINEHAUL_CORRIDOR,412.4,3,35,8.93,PERISHABLE_FOOD,26,COMPLETED
DSP-12127,RT-HUB_-REG-07,HUB_C,2025-08-21 09:44:00,REGIONAL_DISTRIB,292.6,6,57,8.97,PERISHABLE_FOOD,26,COMPLETED
DSP-12128,RT-HUB_-LIN-08,HUB_02,2025-08-21T11:12:00Z,LINEHAUL_CORRIDOR,463.2,3,29,9.91,PERISHABLE_FOOD,26,COMPLETED
DSP-12129,RT-GREE-LOC-09,GREENSBORO_NC,08/22/2025 06:35,LOCAL_URBAN,116.1,8,82,7.94,PERISHABLE_FOOD,24,COMPLETED
DSP-12130,RT-HUB_-LIN-10,HUB_02,2025-08-22 11:25:00,LINEHAUL_CORRIDOR,441.7,2,20,9.16,PHARMA_GDP,26,COMPLETED
DSP-12131,RT-GREE-REG-11,GREENSBORO_NC,2025-08-22T12:07:00Z,REGIONAL_DISTRIB,291.0,6,63,8.93,PERISHABLE_FOOD,26,COMPLETED
DSP-12132,RT-GREE-REG-12,GREENSBORO_NC,08/22/2025 08:57,REGIONAL_DISTRIB,272.1,6,65,8.48,PERISHABLE_FOOD,26,COMPLETED
DSP-12133,RT-HUB_-LIN-13,HUB_02,2025-08-23 17:34:00,LINEHAUL_CORRIDOR,426.3,2,39,8.86,PERISHABLE_FOOD,26,COMPLETED
DSP-12134,RT-HUB_-LOC-14,HUB_02,2025-08-23T06:06:00Z,LOCAL_URBAN,114.4,9,103,8.2,PHARMA_GDP,26,COMPLETED
DSP-12135,RT-GREE-LIN-15,GREENSBORO_NC,08/23/2025 14:39,LINEHAUL_CORRIDOR,428.4,1,30,8.57,PHARMA_GDP,26,COMPLETED
DSP-12136,RT-HUB_-REG-16,HUB_02,2025-08-23 05:59:00,REGIONAL_DISTRIB,277.9,5,60,8.28,PHARMA_GDP,26,COMPLETED
DSP-12137,RT-HUB_-LOC-17,HUB_02,2025-08-24T09:33:00Z,LOCAL_URBAN,119.2,7,97,7.75,PHARMA_GDP,24,COMPLETED
DSP-12138,RT-HUB_-REG-18,HUB_02,08/24/2025 06:49,REGIONAL_DISTRIB,286.3,4,80,8.15,PERISHABLE_FOOD,26,COMPLETED
DSP-12139,RT-HUB_-LOC-19,HUB_02,2025-08-24 08:36:00,LOCAL_URBAN,130.2,10,106,9.25,PHARMA_GDP,25,COMPLETED
DSP-12140,RT-GREE-LIN-20,GREENSBORO_NC,2025-08-24T07:39:00Z,LINEHAUL_CORRIDOR,411.8,3,23,8.92,PERISHABLE_FOOD,26,COMPLETED
DSP-12141,RT-HUB_-REG-21,HUB_C,08/25/2025 10:40,REGIONAL_DISTRIB,284.7,4,84,8.11,PERISHABLE_FOOD,26,COMPLETED
DSP-12142,RT-GREE-REG-22,GREENSBORO_NC,2025-08-25 09:47:00,REGIONAL_DISTRIB,300.3,5,83,8.82,PERISHABLE_FOOD,26,COMPLETED
DSP-12143,RT-GREE-LIN-23,GREENSBORO_NC,2025-08-25T16:29:00Z,LINEHAUL_CORRIDOR,439.9,1,35,8.79,PHARMA_GDP,26,COMPLETED
DSP-12144,RT-HUB_-REG-24,HUB_C,08/25/2025 09:27,REGIONAL_DISTRIB,278.5,5,83,8.3,PERISHABLE_FOOD,26,COMPLETED
DSP-12145,RT-HUB_-LOC-25,HUB_02,2025-08-26 05:37:00,LOCAL_URBAN,120.7,9,106,8.49,PHARMA_GDP,25,COMPLETED
DSP-12146,RT-HUB_-REG-26,HUB_C,2025-08-26T13:29:00Z,REGIONAL_DISTRIB,262.1,6,77,8.24,PHARMA_GDP,26,COMPLETED
DSP-12147,RT-HUB_-LIN-27,HUB_C,08/26/2025 05:31,LINEHAUL_CORRIDOR,432.0,3,36,9.31,PERISHABLE_FOOD,26,COMPLETED
DSP-12148,RT-HUB_-LIN-28,HUB_02,2025-08-26 13:12:00,LINEHAUL_CORRIDOR,420.7,1,22,8.42,PHARMA_GDP,26,COMPLETED
DSP-12149,RT-HUB_-LOC-29,HUB_C,2025-08-27T17:37:00Z,LOCAL_URBAN,110.7,9,94,8.03,PERISHABLE_FOOD,26,COMPLETED
DSP-12150,RT-HUB_-REG-30,HUB_C,08/27/2025 05:42,REGIONAL_DISTRIB,283.8,6,77,8.76,PHARMA_GDP,26,COMPLETED
DSP-12151,RT-HUB_-REG-31,HUB_02,2025-08-27 16:31:00,REGIONAL_DISTRIB,275.8,4,71,7.9,PERISHABLE_FOOD,26,COMPLETED
DSP-12152,RT-HUB_-REG-32,HUB_C,2025-08-27T16:53:00Z,REGIONAL_DISTRIB,288.4,5,80,8.53,PHARMA_GDP,26,COMPLETED
DSP-12153,RT-HUB_-LIN-33,HUB_02,08/28/2025 07:39,LINEHAUL_CORRIDOR,461.6,3,26,9.88,PERISHABLE_FOOD,26,COMPLETED
DSP-12154,RT-HUB_-LOC-34,HUB_02,2025-08-28 17:14:00,LOCAL_URBAN,125.4,8,80,8.37,PHARMA_GDP,25,COMPLETED
DSP-12155,RT-HUB_-REG-35,HUB_C,2025-08-28T06:00:00Z,REGIONAL_DISTRIB,270.1,4,68,7.76,PERISHABLE_FOOD,26,COMPLETED
DSP-12156,RT-HUB_-REG-36,HUB_C,08/28/2025 17:37,REGIONAL_DISTRIB,280.7,6,60,8.68,PHARMA_GDP,26,COMPLETED
DSP-12157,RT-HUB_-LIN-37,HUB_C,2025-08-29 07:55:00,LINEHAUL_CORRIDOR,422.0,1,23,8.45,PHARMA_GDP,26,COMPLETED
DSP-12158,RT-GREE-LIN-38,GREENSBORO_NC,2025-08-29T16:35:00Z,LINEHAUL_CORRIDOR,459.4,3,27,9.83,PERISHABLE_FOOD,26,COMPLETED
DSP-12159,RT-HUB_-REG-39,HUB_02,08/29/2025 14:25,REGIONAL_DISTRIB,297.9,5,84,8.76,PERISHABLE_FOOD,26,COMPLETED
DSP-12160,RT-HUB_-REG-40,HUB_02,2025-08-29 16:39:00,REGIONAL_DISTRIB,274.6,5,59,8.2,PHARMA_GDP,26,COMPLETED
DSP-12161,RT-HUB_-LIN-01,HUB_C,2025-08-30T09:39:00Z,LINEHAUL_CORRIDOR,440.5,3,23,9.47,PERISHABLE_FOOD,26,COMPLETED
DSP-12162,RT-GREE-LIN-02,GREENSBORO_NC,08/30/2025 16:52,LINEHAUL_CORRIDOR,444.0,3,40,9.54,PERISHABLE_FOOD,26,COMPLETED
DSP-12163,RT-HUB_-LOC-03,HUB_02,2025-08-30 11:45:00,LOCAL_URBAN,132.2,9,93,9.01,PHARMA_GDP,24,COMPLETED
DSP-12164,RT-GREE-REG-04,GREENSBORO_NC,2025-08-30T13:33:00Z,REGIONAL_DISTRIB,281.5,4,57,8.04,PERISHABLE_FOOD,26,COMPLETED
DSP-12165,RT-GREE-REG-05,GREENSBORO_NC,08/31/2025 09:24,REGIONAL_DISTRIB,272.4,4,55,7.82,PERISHABLE_FOOD,26,COMPLETED
DSP-12166,RT-HUB_-REG-06,HUB_02,2025-08-31 09:19:00,REGIONAL_DISTRIB,289.4,5,59,8.56,PHARMA_GDP,26,COMPLETED
DSP-12167,RT-HUB_-REG-07,HUB_02,2025-08-31T15:53:00Z,REGIONAL_DISTRIB,282.9,5,76,8.4,PHARMA_GDP,26,COMPLETED
DSP-12168,RT-HUB_-REG-08,HUB_02,08/31/2025 17:41,REGIONAL_DISTRIB,295.6,4,66,8.37,PHARMA_GDP,26,COMPLETED
DSP-12169,RT-GREE-LOC-09,GREENSBORO_NC,2025-09-01 10:51:00,LOCAL_URBAN,112.2,9,84,8.1,PHARMA_GDP,26,COMPLETED
DSP-12170,RT-HUB_-REG-10,HUB_C,2025-09-01T14:50:00Z,REGIONAL_DISTRIB,290.2,6,78,8.91,PHARMA_GDP,26,COMPLETED
DSP-12171,RT-HUB_-REG-11,HUB_02,09/01/2025 05:46,REGIONAL_DISTRIB,268.3,5,80,8.05,PHARMA_GDP,26,COMPLETED
DSP-12172,RT-HUB_-REG-12,HUB_C,2025-09-01 07:49:00,REGIONAL_DISTRIB,263.2,6,70,8.27,PHARMA_GDP,26,COMPLETED
DSP-12173,RT-HUB_-REG-13,HUB_C,2025-09-02T13:04:00Z,REGIONAL_DISTRIB,293.8,5,83,8.66,PERISHABLE_FOOD,26,COMPLETED
DSP-12174,RT-HUB_-REG-14,HUB_02,09/02/2025 12:01,REGIONAL_DISTRIB,285.5,6,70,8.8,PHARMA_GDP,26,COMPLETED
DSP-12175,RT-HUB_-LOC-15,HUB_C,2025-09-02 16:18:00,LOCAL_URBAN,125.0,8,88,8.35,PERISHABLE_FOOD,25,COMPLETED
DSP-12176,RT-HUB_-REG-16,HUB_02,2025-09-02T10:45:00Z,REGIONAL_DISTRIB,303.4,6,74,9.22,PERISHABLE_FOOD,26,COMPLETED
DSP-12177,RT-HUB_-LIN-17,HUB_C,09/03/2025 16:19,LINEHAUL_CORRIDOR,451.1,3,29,9.68,PHARMA_GDP,26,COMPLETED
DSP-12178,RT-HUB_-LOC-18,HUB_02,2025-09-03 05:40:00,LOCAL_URBAN,133.8,9,91,9.08,PHARMA_GDP,24,COMPLETED
DSP-12179,RT-HUB_-REG-19,HUB_C,2025-09-03T10:06:00Z,REGIONAL_DISTRIB,261.1,5,70,7.88,PERISHABLE_FOOD,26,COMPLETED
DSP-12180,RT-HUB_-REG-20,HUB_02,09/03/2025 11:49,REGIONAL_DISTRIB,292.0,4,59,8.29,PERISHABLE_FOOD,26,COMPLETED
DSP-12181,RT-GREE-REG-21,GREENSBORO_NC,2025-09-04 10:26:00,REGIONAL_DISTRIB,282.3,5,73,8.39,PERISHABLE_FOOD,26,COMPLETED
DSP-12182,RT-HUB_-LIN-22,HUB_02,2025-09-04T10:24:00Z,LINEHAUL_CORRIDOR,433.1,2,33,9.0,PERISHABLE_FOOD,26,COMPLETED
DSP-12183,RT-HUB_-REG-23,HUB_C,09/04/2025 15:17,REGIONAL_DISTRIB,275.9,6,62,8.57,PERISHABLE_FOOD,26,COMPLETED
DSP-12184,RT-HUB_-REG-24,HUB_02,2025-09-04 08:06:00,REGIONAL_DISTRIB,287.7,5,69,8.52,PHARMA_GDP,26,COMPLETED
DSP-12185,RT-HUB_-REG-25,HUB_C,2025-09-05T07:53:00Z,REGIONAL_DISTRIB,262.2,5,73,7.91,PERISHABLE_FOOD,26,COMPLETED
DSP-12186,RT-HUB_-REG-26,HUB_C,09/05/2025 07:24,REGIONAL_DISTRIB,280.8,6,61,8.69,PERISHABLE_FOOD,26,COMPLETED
DSP-12187,RT-HUB_-LIN-27,HUB_02,2025-09-05 11:29:00,LINEHAUL_CORRIDOR,447.2,3,38,9.6,PERISHABLE_FOOD,26,COMPLETED
DSP-12188,RT-GREE-REG-28,GREENSBORO_NC,2025-09-05T16:44:00Z,REGIONAL_DISTRIB,273.4,5,79,8.18,PHARMA_GDP,26,COMPLETED
DSP-12189,RT-HUB_-REG-29,HUB_02,09/06/2025 18:08,REGIONAL_DISTRIB,295.6,5,74,8.7,PHARMA_GDP,26,COMPLETED
DSP-12190,RT-GREE-LIN-30,GREENSBORO_NC,2025-09-06 11:46:00,LINEHAUL_CORRIDOR,425.5,3,34,9.18,PHARMA_GDP,26,COMPLETED
DSP-12191,RT-GREE-LIN-31,GREENSBORO_NC,2025-09-06T13:56:00Z,LINEHAUL_CORRIDOR,452.0,1,24,9.03,PHARMA_GDP,26,COMPLETED
DSP-12192,RT-GREE-REG-32,GREENSBORO_NC,09/06/2025 06:45,REGIONAL_DISTRIB,302.1,6,76,9.19,PERISHABLE_FOOD,26,COMPLETED
DSP-12193,RT-HUB_-LIN-33,HUB_C,2025-09-07 07:25:00,LINEHAUL_CORRIDOR,455.6,2,24,9.43,PHARMA_GDP,26,COMPLETED
DSP-12194,RT-HUB_-REG-34,HUB_C,2025-09-07T10:51:00Z,REGIONAL_DISTRIB,273.6,6,66,8.51,PHARMA_GDP,26,COMPLETED
DSP-12195,RT-GREE-LOC-35,GREENSBORO_NC,09/07/2025 10:06,LOCAL_URBAN,129.4,7,95,8.22,PHARMA_GDP,25,COMPLETED
DSP-12196,RT-HUB_-REG-36,HUB_02,2025-09-07 05:39:00,REGIONAL_DISTRIB,262.9,6,74,8.26,PHARMA_GDP,26,COMPLETED
DSP-12197,RT-HUB_-LOC-37,HUB_02,2025-09-08T11:03:00Z,LOCAL_URBAN,129.5,8,109,8.55,PHARMA_GDP,25,COMPLETED
DSP-12198,RT-HUB_-LOC-38,HUB_02,09/08/2025 17:35,LOCAL_URBAN,124.6,10,80,9.0,PERISHABLE_FOOD,25,COMPLETED
DSP-12199,RT-GREE-LOC-39,GREENSBORO_NC,2025-09-08 16:50:00,LOCAL_URBAN,111.7,9,115,8.08,PHARMA_GDP,25,COMPLETED
DSP-12200,RT-HUB_-LOC-40,HUB_C,2025-09-08T07:42:00Z,LOCAL_URBAN,115.6,9,83,8.25,PERISHABLE_FOOD,25,COMPLETED
DSP-12201,RT-HUB_-LIN-01,HUB_C,09/09/2025 09:41,LINEHAUL_CORRIDOR,454.5,1,27,9.07,PHARMA_GDP,26,COMPLETED
DSP-12202,RT-HUB_-REG-02,HUB_C,2025-09-09 14:17:00,REGIONAL_DISTRIB,260.8,4,76,7.54,PERISHABLE_FOOD,26,COMPLETED
DSP-12203,RT-GREE-REG-03,GREENSBORO_NC,2025-09-09T17:15:00Z,REGIONAL_DISTRIB,297.0,4,56,8.4,PERISHABLE_FOOD,26,COMPLETED
DSP-12204,RT-GREE-LIN-04,GREENSBORO_NC,09/09/2025 16:12,LINEHAUL_CORRIDOR,432.9,3,21,9.32,PHARMA_GDP,26,COMPLETED
DSP-12205,RT-HUB_-LIN-05,HUB_02,2025-09-10 09:23:00,LINEHAUL_CORRIDOR,413.9,2,26,8.63,PERISHABLE_FOOD,26,COMPLETED
DSP-12206,RT-HUB_-LOC-06,HUB_C,2025-09-10T14:47:00Z,LOCAL_URBAN,129.8,9,83,8.9,PHARMA_GDP,26,COMPLETED
DSP-12207,RT-HUB_-LOC-07,HUB_02,09/10/2025 08:09,LOCAL_URBAN,128.8,8,92,8.52,PHARMA_GDP,26,COMPLETED
DSP-12208,RT-HUB_-LOC-08,HUB_C,2025-09-10 08:31:00,LOCAL_URBAN,113.4,10,86,8.49,PHARMA_GDP,24,COMPLETED
DSP-12209,RT-HUB_-REG-09,HUB_02,2025-09-11T17:59:00Z,REGIONAL_DISTRIB,279.8,6,77,8.66,PHARMA_GDP,26,COMPLETED
DSP-12210,RT-HUB_-REG-10,HUB_C,09/11/2025 09:27,REGIONAL_DISTRIB,279.2,5,74,8.31,PERISHABLE_FOOD,26,COMPLETED
DSP-12211,RT-HUB_-REG-11,HUB_C,2025-09-11 09:17:00,REGIONAL_DISTRIB,276.7,4,57,7.92,PERISHABLE_FOOD,26,COMPLETED
DSP-12212,RT-HUB_-LIN-12,HUB_02,2025-09-11T05:38:00Z,LINEHAUL_CORRIDOR,420.2,1,26,8.41,PHARMA_GDP,26,COMPLETED
DSP-12213,RT-HUB_-LOC-13,HUB_02,09/12/2025 08:12,LOCAL_URBAN,134.3,7,85,8.44,PERISHABLE_FOOD,24,COMPLETED
DSP-12214,RT-HUB_-LOC-14,HUB_02,2025-09-12 16:26:00,LOCAL_URBAN,119.3,10,106,8.76,PERISHABLE_FOOD,25,COMPLETED
DSP-12215,RT-GREE-REG-15,GREENSBORO_NC,2025-09-12T11:22:00Z,REGIONAL_DISTRIB,264.6,5,75,7.97,PERISHABLE_FOOD,26,COMPLETED
DSP-12216,RT-HUB_-REG-16,HUB_C,09/12/2025 11:10,REGIONAL_DISTRIB,297.5,4,84,8.42,PHARMA_GDP,26,COMPLETED
DSP-12217,RT-GREE-LIN-17,GREENSBORO_NC,2025-09-13 14:25:00,LINEHAUL_CORRIDOR,436.4,3,35,9.39,PERISHABLE_FOOD,26,COMPLETED
DSP-12218,RT-HUB_-LOC-18,HUB_C,2025-09-13T10:15:00Z,LOCAL_URBAN,125.0,9,104,8.68,PHARMA_GDP,26,COMPLETED
DSP-12219,RT-GREE-REG-19,GREENSBORO_NC,09/13/2025 13:06,REGIONAL_DISTRIB,266.6,4,70,7.68,PHARMA_GDP,26,COMPLETED
DSP-12220,RT-HUB_-REG-20,HUB_C,2025-09-13 13:59:00,REGIONAL_DISTRIB,264.5,4,57,7.63,PERISHABLE_FOOD,26,COMPLETED
DSP-12221,RT-HUB_-LOC-21,HUB_C,2025-09-14T13:24:00Z,LOCAL_URBAN,118.7,10,83,8.73,PERISHABLE_FOOD,24,COMPLETED
DSP-12222,RT-HUB_-REG-22,HUB_02,09/14/2025 10:36,REGIONAL_DISTRIB,261.6,6,84,8.23,PHARMA_GDP,26,COMPLETED
DSP-12223,RT-GREE-REG-23,GREENSBORO_NC,2025-09-14 12:36:00,REGIONAL_DISTRIB,291.3,4,74,8.27,PHARMA_GDP,26,COMPLETED
DSP-12224,RT-HUB_-LIN-24,HUB_C,2025-09-14T07:40:00Z,LINEHAUL_CORRIDOR,466.7,3,28,9.97,PHARMA_GDP,26,COMPLETED
DSP-12225,RT-HUB_-LOC-25,HUB_02,09/15/2025 17:46,LOCAL_URBAN,112.8,8,104,7.79,PERISHABLE_FOOD,26,COMPLETED
DSP-12226,RT-GREE-REG-26,GREENSBORO_NC,2025-09-15 08:48:00,REGIONAL_DISTRIB,303.1,4,78,8.55,PERISHABLE_FOOD,26,COMPLETED
DSP-12227,RT-HUB_-LIN-27,HUB_02,2025-09-15T14:08:00Z,LINEHAUL_CORRIDOR,460.0,2,36,9.51,PERISHABLE_FOOD,26,COMPLETED
DSP-12228,RT-HUB_-LOC-28,HUB_02,09/15/2025 15:54,LOCAL_URBAN,121.6,8,80,8.19,PERISHABLE_FOOD,26,COMPLETED
DSP-12229,RT-GREE-REG-29,GREENSBORO_NC,2025-09-16 12:46:00,REGIONAL_DISTRIB,287.5,5,61,8.51,PERISHABLE_FOOD,26,COMPLETED
DSP-12230,RT-HUB_-REG-30,HUB_C,2025-09-16T11:44:00Z,REGIONAL_DISTRIB,288.6,4,60,8.2,PERISHABLE_FOOD,26,COMPLETED
DSP-12231,RT-HUB_-LIN-31,HUB_02,09/16/2025 05:56,LINEHAUL_CORRIDOR,438.4,1,25,8.76,PERISHABLE_FOOD,26,COMPLETED
DSP-12232,RT-HUB_-REG-32,HUB_02,2025-09-16 15:16:00,REGIONAL_DISTRIB,263.8,6,59,8.28,PHARMA_GDP,26,COMPLETED
DSP-12233,RT-HUB_-REG-33,HUB_C,2025-09-17T08:32:00Z,REGIONAL_DISTRIB,265.3,5,84,7.98,PERISHABLE_FOOD,26,COMPLETED
DSP-12234,RT-HUB_-REG-34,HUB_02,09/17/2025 13:12,REGIONAL_DISTRIB,289.9,6,67,8.9,PHARMA_GDP,26,COMPLETED
DSP-12235,RT-HUB_-REG-35,HUB_C,2025-09-17 05:57:00,REGIONAL_DISTRIB,267.8,6,78,8.38,PHARMA_GDP,26,COMPLETED
DSP-12236,RT-HUB_-REG-36,HUB_02,2025-09-17T06:42:00Z,REGIONAL_DISTRIB,288.1,4,75,8.19,PERISHABLE_FOOD,26,COMPLETED
DSP-12237,RT-HUB_-LOC-37,HUB_C,09/18/2025 09:15,LOCAL_URBAN,123.5,7,82,7.95,PHARMA_GDP,26,COMPLETED
DSP-12238,RT-HUB_-LIN-38,HUB_C,2025-09-18 17:34:00,LINEHAUL_CORRIDOR,415.0,1,23,8.31,PERISHABLE_FOOD,26,COMPLETED
DSP-12239,RT-HUB_-REG-39,HUB_02,2025-09-18T12:04:00Z,REGIONAL_DISTRIB,301.0,4,77,8.5,PHARMA_GDP,26,COMPLETED
DSP-12240,RT-HUB_-LIN-40,HUB_02,09/18/2025 13:50,LINEHAUL_CORRIDOR,427.9,1,23,8.56,PERISHABLE_FOOD,26,COMPLETED
DSP-12241,RT-GREE-LOC-01,GREENSBORO_NC,2025-09-19 05:32:00,LOCAL_URBAN,117.7,9,88,8.35,PERISHABLE_FOOD,26,COMPLETED
DSP-12242,RT-HUB_-REG-02,HUB_C,2025-09-19T09:23:00Z,REGIONAL_DISTRIB,282.6,5,69,8.4,PERISHABLE_FOOD,26,COMPLETED
DSP-12243,RT-HUB_-REG-03,HUB_02,09/19/2025 16:49,REGIONAL_DISTRIB,303.2,6,67,9.22,PHARMA_GDP,26,COMPLETED
DSP-12244,RT-HUB_-REG-04,HUB_C,2025-09-19 14:39:00,REGIONAL_DISTRIB,292.6,4,64,8.3,PERISHABLE_FOOD,26,COMPLETED
DSP-12245,RT-HUB_-LIN-05,HUB_02,2025-09-20T05:48:00Z,LINEHAUL_CORRIDOR,420.7,1,25,8.42,PHARMA_GDP,26,COMPLETED
DSP-12246,RT-HUB_-REG-06,HUB_02,09/20/2025 07:00,REGIONAL_DISTRIB,295.8,4,64,8.38,PERISHABLE_FOOD,26,COMPLETED
DSP-12247,RT-HUB_-LOC-07,HUB_02,2025-09-20 14:14:00,LOCAL_URBAN,129.0,9,113,8.86,PHARMA_GDP,24,COMPLETED
DSP-12248,RT-GREE-REG-08,GREENSBORO_NC,2025-09-20T16:30:00Z,REGIONAL_DISTRIB,262.6,5,68,7.92,PHARMA_GDP,26,COMPLETED
DSP-12249,RT-HUB_-LIN-09,HUB_02,09/21/2025 09:25,LINEHAUL_CORRIDOR,454.9,3,30,9.75,PHARMA_GDP,26,COMPLETED
DSP-12250,RT-HUB_-REG-10,HUB_02,2025-09-21 14:15:00,REGIONAL_DISTRIB,274.7,4,63,7.87,PHARMA_GDP,26,VOID_TEST
DSP-12251,RT-HUB_-REG-11,HUB_02,2025-09-21T16:19:00Z,REGIONAL_DISTRIB,267.3,5,81,8.03,PERISHABLE_FOOD,26,COMPLETED
DSP-12252,RT-GREE-LOC-12,GREENSBORO_NC,09/21/2025 09:24,LOCAL_URBAN,121.3,10,90,8.85,PERISHABLE_FOOD,25,COMPLETED
DSP-12253,RT-GREE-LIN-13,GREENSBORO_NC,2025-09-22 09:22:00,LINEHAUL_CORRIDOR,422.4,3,39,9.12,PERISHABLE_FOOD,26,COMPLETED
DSP-12254,RT-GREE-LOC-14,GREENSBORO_NC,2025-09-22T07:55:00Z,LOCAL_URBAN,118.4,7,114,7.72,PERISHABLE_FOOD,25,COMPLETED
DSP-12255,RT-HUB_-REG-15,HUB_C,09/22/2025 08:12,REGIONAL_DISTRIB,273.7,4,55,7.85,PERISHABLE_FOOD,26,COMPLETED
DSP-12256,RT-HUB_-LOC-16,HUB_C,2025-09-22 16:44:00,LOCAL_URBAN,115.6,8,86,7.92,PERISHABLE_FOOD,26,COMPLETED
DSP-12257,RT-HUB_-REG-17,HUB_C,2025-09-23T12:27:00Z,REGIONAL_DISTRIB,287.0,4,71,8.17,PERISHABLE_FOOD,26,COMPLETED
DSP-12258,RT-HUB_-LOC-18,HUB_02,09/23/2025 13:36,LOCAL_URBAN,111.1,9,90,8.05,PHARMA_GDP,26,COMPLETED
DSP-12259,RT-HUB_-LOC-19,HUB_02,2025-09-23 06:59:00,LOCAL_URBAN,111.9,8,109,7.75,PERISHABLE_FOOD,25,COMPLETED
DSP-12260,RT-GREE-LOC-20,GREENSBORO_NC,2025-09-23T16:49:00Z,LOCAL_URBAN,134.2,10,114,9.43,PERISHABLE_FOOD,26,COMPLETED
DSP-12261,RT-HUB_-LOC-21,HUB_02,09/24/2025 12:04,LOCAL_URBAN,126.9,8,105,8.43,PHARMA_GDP,26,COMPLETED
DSP-12262,RT-HUB_-REG-22,HUB_C,2025-09-24 10:09:00,REGIONAL_DISTRIB,275.9,4,59,7.9,PHARMA_GDP,26,COMPLETED
DSP-12263,RT-GREE-LIN-23,GREENSBORO_NC,2025-09-24T16:10:00Z,LINEHAUL_CORRIDOR,419.8,2,27,8.74,PERISHABLE_FOOD,26,VOID_TEST
DSP-12264,RT-HUB_-REG-24,HUB_02,09/24/2025 10:10,REGIONAL_DISTRIB,299.9,6,82,9.14,PERISHABLE_FOOD,26,COMPLETED
DSP-12265,RT-GREE-REG-25,GREENSBORO_NC,2025-09-25 12:31:00,REGIONAL_DISTRIB,286.6,5,57,8.49,PERISHABLE_FOOD,26,COMPLETED
DSP-12266,RT-GREE-REG-26,GREENSBORO_NC,2025-09-25T16:09:00Z,REGIONAL_DISTRIB,280.6,6,76,8.68,PERISHABLE_FOOD,26,COMPLETED
DSP-12267,RT-HUB_-REG-27,HUB_02,09/25/2025 06:56,REGIONAL_DISTRIB,263.4,6,61,8.27,PERISHABLE_FOOD,26,COMPLETED
DSP-12268,RT-HUB_-LIN-28,HUB_02,2025-09-25 11:48:00,LINEHAUL_CORRIDOR,441.1,3,30,9.48,PHARMA_GDP,26,COMPLETED
DSP-12269,RT-GREE-LOC-29,GREENSBORO_NC,2025-09-26T17:55:00Z,LOCAL_URBAN,117.3,7,90,7.67,PERISHABLE_FOOD,26,COMPLETED
DSP-12270,RT-HUB_-LIN-30,HUB_02,09/26/2025 05:55,LINEHAUL_CORRIDOR,417.1,1,25,8.35,PHARMA_GDP,26,COMPLETED
DSP-12271,RT-GREE-REG-31,GREENSBORO_NC,2025-09-26 11:03:00,REGIONAL_DISTRIB,262.8,6,60,8.26,PHARMA_GDP,26,COMPLETED
DSP-12272,RT-HUB_-LOC-32,HUB_C,2025-09-26T16:22:00Z,LOCAL_URBAN,131.9,8,82,8.66,PHARMA_GDP,25,COMPLETED
DSP-12273,RT-HUB_-REG-33,HUB_C,09/27/2025 13:52,REGIONAL_DISTRIB,293.2,5,81,8.65,PERISHABLE_FOOD,26,COMPLETED
DSP-12274,RT-HUB_-LOC-34,HUB_C,2025-09-27 05:43:00,LOCAL_URBAN,133.1,10,103,9.38,PERISHABLE_FOOD,24,COMPLETED
DSP-12275,RT-HUB_-REG-35,HUB_02,2025-09-27T15:43:00Z,REGIONAL_DISTRIB,294.2,5,58,8.67,PERISHABLE_FOOD,26,COMPLETED
DSP-12276,RT-HUB_-REG-36,HUB_02,09/27/2025 14:12,REGIONAL_DISTRIB,264.4,5,79,7.96,PERISHABLE_FOOD,26,COMPLETED
DSP-12277,RT-HUB_-REG-37,HUB_02,2025-09-28 15:37:00,REGIONAL_DISTRIB,285.6,6,79,8.8,PERISHABLE_FOOD,26,COMPLETED
DSP-12278,RT-HUB_-REG-38,HUB_C,2025-09-28T11:53:00Z,REGIONAL_DISTRIB,288.9,4,55,8.21,PHARMA_GDP,26,COMPLETED
DSP-12279,RT-HUB_-LOC-39,HUB_C,09/28/2025 08:08,LOCAL_URBAN,116.8,9,99,8.31,PERISHABLE_FOOD,25,COMPLETED
DSP-12280,RT-HUB_-REG-40,HUB_C,2025-09-28 10:40:00,REGIONAL_DISTRIB,272.3,5,85,8.15,PERISHABLE_FOOD,26,COMPLETED
DSP-12281,RT-HUB_-REG-01,HUB_C,2025-09-29T15:08:00Z,REGIONAL_DISTRIB,295.4,4,58,8.37,PHARMA_GDP,26,COMPLETED
DSP-12282,RT-HUB_-LOC-02,HUB_02,09/29/2025 07:08,LOCAL_URBAN,133.3,8,91,8.73,PERISHABLE_FOOD,24,VOID_TEST
DSP-12283,RT-HUB_-LOC-03,HUB_C,2025-09-29 12:49:00,LOCAL_URBAN,125.9,9,108,8.72,PERISHABLE_FOOD,25,COMPLETED
DSP-12284,RT-HUB_-REG-04,HUB_02,2025-09-29T10:40:00Z,REGIONAL_DISTRIB,273.0,5,66,8.17,PERISHABLE_FOOD,26,COMPLETED
DSP-12285,RT-HUB_-REG-05,HUB_C,09/30/2025 09:51,REGIONAL_DISTRIB,274.1,5,81,8.19,PHARMA_GDP,26,COMPLETED
DSP-12286,RT-HUB_-LOC-06,HUB_C,2025-09-30 08:12:00,LOCAL_URBAN,127.5,7,80,8.13,PERISHABLE_FOOD,25,COMPLETED
DSP-12287,RT-HUB_-LIN-07,HUB_C,2025-09-30T15:59:00Z,LINEHAUL_CORRIDOR,414.1,3,35,8.96,PHARMA_GDP,26,COMPLETED
DSP-12288,RT-HUB_-REG-08,HUB_02,09/30/2025 13:50,REGIONAL_DISTRIB,284.1,6,78,8.76,PHARMA_GDP,26,COMPLETED
DSP-12289,RT-HUB_-REG-09,HUB_02,2025-10-01 08:15:00,REGIONAL_DISTRIB,267.7,6,76,8.37,PHARMA_GDP,26,COMPLETED
DSP-12290,RT-HUB_-REG-10,HUB_C,2025-10-01T12:34:00Z,REGIONAL_DISTRIB,304.0,5,70,8.9,PHARMA_GDP,26,COMPLETED
DSP-12291,RT-HUB_-REG-11,HUB_C,10/01/2025 12:59,REGIONAL_DISTRIB,288.7,5,64,8.54,PERISHABLE_FOOD,26,COMPLETED
DSP-12292,RT-HUB_-LOC-12,HUB_02,2025-10-01 13:25:00,LOCAL_URBAN,119.2,8,102,8.08,PERISHABLE_FOOD,25,COMPLETED
DSP-12293,RT-GREE-LIN-13,GREENSBORO_NC,2025-10-02T17:21:00Z,LINEHAUL_CORRIDOR,427.7,2,23,8.89,PHARMA_GDP,26,COMPLETED
DSP-12294,RT-HUB_-LOC-14,HUB_02,10/02/2025 14:04,LOCAL_URBAN,117.2,8,82,7.99,PHARMA_GDP,25,COMPLETED
DSP-12295,RT-HUB_-LOC-15,HUB_C,2025-10-02 16:03:00,LOCAL_URBAN,115.4,7,84,7.58,PERISHABLE_FOOD,24,COMPLETED
DSP-12296,RT-HUB_-REG-16,HUB_C,2025-10-02T18:28:00Z,REGIONAL_DISTRIB,261.7,5,71,7.9,PERISHABLE_FOOD,26,COMPLETED
DSP-12297,RT-HUB_-REG-17,HUB_02,10/03/2025 07:50,REGIONAL_DISTRIB,281.6,5,61,8.37,PHARMA_GDP,26,COMPLETED
DSP-12298,RT-HUB_-LOC-18,HUB_02,2025-10-03 09:29:00,LOCAL_URBAN,121.1,9,106,8.5,PHARMA_GDP,26,COMPLETED
DSP-12299,RT-HUB_-REG-19,HUB_C,2025-10-03T10:57:00Z,REGIONAL_DISTRIB,296.3,6,56,9.05,PHARMA_GDP,26,COMPLETED
DSP-12300,RT-HUB_-REG-20,HUB_C,10/03/2025 16:54,REGIONAL_DISTRIB,299.1,5,57,8.79,PERISHABLE_FOOD,26,COMPLETED
DSP-12301,RT-GREE-LIN-21,GREENSBORO_NC,2025-10-04 08:07:00,LINEHAUL_CORRIDOR,445.3,1,29,8.9,PHARMA_GDP,26,COMPLETED
DSP-12302,RT-HUB_-LIN-22,HUB_02,2025-10-04T06:09:00Z,LINEHAUL_CORRIDOR,447.7,2,28,9.28,PERISHABLE_FOOD,26,COMPLETED
DSP-12303,RT-GREE-REG-23,GREENSBORO_NC,10/04/2025 12:44,REGIONAL_DISTRIB,291.0,4,56,8.26,PERISHABLE_FOOD,26,COMPLETED
DSP-12304,RT-GREE-LIN-24,GREENSBORO_NC,2025-10-04 14:08:00,LINEHAUL_CORRIDOR,460.0,3,30,9.85,PHARMA_GDP,26,COMPLETED
DSP-12305,RT-GREE-REG-25,GREENSBORO_NC,2025-10-05T15:18:00Z,REGIONAL_DISTRIB,272.9,6,64,8.5,PHARMA_GDP,26,COMPLETED
DSP-12306,RT-GREE-REG-26,GREENSBORO_NC,10/05/2025 18:26,REGIONAL_DISTRIB,280.6,5,69,8.35,PHARMA_GDP,26,COMPLETED
DSP-12307,RT-GREE-REG-27,GREENSBORO_NC,2025-10-05 14:33:00,REGIONAL_DISTRIB,275.7,6,59,8.56,PERISHABLE_FOOD,26,COMPLETED
DSP-12308,RT-HUB_-REG-28,HUB_C,2025-10-05T07:49:00Z,REGIONAL_DISTRIB,286.3,6,72,8.82,PERISHABLE_FOOD,26,COMPLETED
DSP-12309,RT-HUB_-REG-29,HUB_C,10/06/2025 11:18,REGIONAL_DISTRIB,300.8,5,83,8.83,PHARMA_GDP,26,COMPLETED
DSP-12310,RT-HUB_-LIN-30,HUB_02,2025-10-06 12:01:00,LINEHAUL_CORRIDOR,425.8,2,23,8.86,PERISHABLE_FOOD,26,COMPLETED
DSP-12311,RT-HUB_-REG-31,HUB_C,2025-10-06T15:31:00Z,REGIONAL_DISTRIB,277.6,6,58,8.61,PHARMA_GDP,26,COMPLETED
DSP-12312,RT-GREE-REG-32,GREENSBORO_NC,10/06/2025 15:01,REGIONAL_DISTRIB,279.5,6,58,8.65,PERISHABLE_FOOD,26,COMPLETED
DSP-12313,RT-HUB_-REG-33,HUB_C,2025-10-07 17:20:00,REGIONAL_DISTRIB,301.2,6,55,9.17,PERISHABLE_FOOD,26,COMPLETED
DSP-12314,RT-GREE-REG-34,GREENSBORO_NC,2025-10-07T10:50:00Z,REGIONAL_DISTRIB,298.1,4,69,8.43,PERISHABLE_FOOD,26,COMPLETED
DSP-12315,RT-HUB_-LIN-35,HUB_02,10/07/2025 17:02,LINEHAUL_CORRIDOR,445.1,1,31,8.89,PHARMA_GDP,26,COMPLETED
DSP-12316,RT-HUB_-REG-36,HUB_C,2025-10-07 08:38:00,REGIONAL_DISTRIB,280.9,6,55,8.69,PERISHABLE_FOOD,26,COMPLETED
DSP-12317,RT-HUB_-REG-37,HUB_C,2025-10-08T05:45:00Z,REGIONAL_DISTRIB,265.5,6,62,8.32,PERISHABLE_FOOD,26,COMPLETED
DSP-12318,RT-GREE-LOC-38,GREENSBORO_NC,10/08/2025 10:37,LOCAL_URBAN,124.3,10,99,8.98,PHARMA_GDP,25,COMPLETED
DSP-12319,RT-HUB_-LOC-39,HUB_02,2025-10-08 16:37:00,LOCAL_URBAN,111.5,9,114,8.07,PERISHABLE_FOOD,26,COMPLETED
DSP-12320,RT-HUB_-LOC-40,HUB_02,2025-10-08T11:29:00Z,LOCAL_URBAN,113.4,8,109,7.82,PHARMA_GDP,24,COMPLETED
DSP-12321,RT-GREE-REG-01,GREENSBORO_NC,10/09/2025 09:14,REGIONAL_DISTRIB,277.1,5,59,8.26,PERISHABLE_FOOD,26,COMPLETED
DSP-12322,RT-GREE-REG-02,GREENSBORO_NC,2025-10-09 16:30:00,REGIONAL_DISTRIB,285.6,4,66,8.13,PHARMA_GDP,26,COMPLETED
DSP-12323,RT-GREE-REG-03,GREENSBORO_NC,2025-10-09T13:12:00Z,REGIONAL_DISTRIB,299.3,5,57,8.79,PHARMA_GDP,26,COMPLETED
DSP-12324,RT-GREE-REG-04,GREENSBORO_NC,10/09/2025 10:52,REGIONAL_DISTRIB,277.4,5,62,8.27,PERISHABLE_FOOD,26,COMPLETED
DSP-12325,RT-HUB_-LOC-05,HUB_C,2025-10-10 09:00:00,LOCAL_URBAN,117.3,10,82,8.67,PERISHABLE_FOOD,26,COMPLETED
DSP-12326,RT-HUB_-LOC-06,HUB_02,2025-10-10T08:48:00Z,LOCAL_URBAN,114.0,10,104,8.52,PHARMA_GDP,25,COMPLETED
DSP-12327,RT-HUB_-REG-07,HUB_C,10/10/2025 06:32,REGIONAL_DISTRIB,271.5,4,81,7.8,PERISHABLE_FOOD,26,COMPLETED
DSP-12328,RT-GREE-LIN-08,GREENSBORO_NC,2025-10-10 14:25:00,LINEHAUL_CORRIDOR,437.7,2,40,9.08,PERISHABLE_FOOD,26,COMPLETED
DSP-12329,RT-HUB_-REG-09,HUB_02,2025-10-11T16:05:00Z,REGIONAL_DISTRIB,272.0,5,85,8.14,PHARMA_GDP,26,COMPLETED
DSP-12330,RT-HUB_-REG-10,HUB_C,10/11/2025 11:38,REGIONAL_DISTRIB,269.6,5,59,8.09,PERISHABLE_FOOD,26,COMPLETED
DSP-12331,RT-GREE-LIN-11,GREENSBORO_NC,2025-10-11 14:50:00,LINEHAUL_CORRIDOR,425.8,2,28,8.86,PERISHABLE_FOOD,26,COMPLETED
DSP-12332,RT-HUB_-REG-12,HUB_C,2025-10-11T17:18:00Z,REGIONAL_DISTRIB,285.9,4,68,8.14,PERISHABLE_FOOD,26,COMPLETED
DSP-12333,RT-GREE-LIN-13,GREENSBORO_NC,10/12/2025 14:04,LINEHAUL_CORRIDOR,447.6,3,20,9.61,PERISHABLE_FOOD,26,COMPLETED
DSP-12334,RT-HUB_-LIN-14,HUB_02,2025-10-12 07:24:00,LINEHAUL_CORRIDOR,440.5,2,30,9.14,PERISHABLE_FOOD,26,COMPLETED
DSP-12335,RT-HUB_-REG-15,HUB_02,2025-10-12T10:26:00Z,REGIONAL_DISTRIB,300.2,4,82,8.48,PERISHABLE_FOOD,26,COMPLETED
DSP-12336,RT-GREE-LIN-16,GREENSBORO_NC,10/12/2025 10:19,LINEHAUL_CORRIDOR,458.4,3,23,9.82,PERISHABLE_FOOD,26,COMPLETED
DSP-12337,RT-HUB_-LOC-17,HUB_C,2025-10-13 12:58:00,LOCAL_URBAN,133.7,7,112,8.41,PERISHABLE_FOOD,26,COMPLETED
DSP-12338,RT-HUB_-LIN-18,HUB_02,2025-10-13T12:30:00Z,LINEHAUL_CORRIDOR,423.3,1,26,8.47,PHARMA_GDP,26,COMPLETED
DSP-12339,RT-HUB_-LOC-19,HUB_C,10/13/2025 09:02,LOCAL_URBAN,110.2,7,87,7.34,PERISHABLE_FOOD,25,COMPLETED
DSP-12340,RT-HUB_-LIN-20,HUB_02,2025-10-13 17:40:00,LINEHAUL_CORRIDOR,421.2,1,32,8.43,PHARMA_GDP,26,COMPLETED
DSP-12341,RT-HUB_-LOC-21,HUB_02,2025-10-14T15:52:00Z,LOCAL_URBAN,131.2,8,85,8.63,PERISHABLE_FOOD,26,COMPLETED
DSP-12342,RT-HUB_-LOC-22,HUB_C,10/14/2025 13:14,LOCAL_URBAN,128.9,7,81,8.19,PHARMA_GDP,26,COMPLETED
DSP-12343,RT-GREE-REG-23,GREENSBORO_NC,2025-10-14 14:11:00,REGIONAL_DISTRIB,285.4,4,63,8.13,PHARMA_GDP,26,COMPLETED
DSP-12344,RT-GREE-REG-24,GREENSBORO_NC,2025-10-14T08:18:00Z,REGIONAL_DISTRIB,287.7,4,85,8.18,PERISHABLE_FOOD,26,COMPLETED
DSP-12345,RT-HUB_-LOC-25,HUB_02,10/15/2025 14:56,LOCAL_URBAN,128.3,10,89,9.17,PERISHABLE_FOOD,25,COMPLETED
DSP-12346,RT-HUB_-REG-26,HUB_C,2025-10-15 05:46:00,REGIONAL_DISTRIB,304.6,5,80,8.92,PHARMA_GDP,26,COMPLETED
DSP-12347,RT-GREE-REG-27,GREENSBORO_NC,2025-10-15T05:42:00Z,REGIONAL_DISTRIB,269.6,5,58,8.09,PHARMA_GDP,26,COMPLETED
DSP-12348,RT-GREE-REG-28,GREENSBORO_NC,10/15/2025 13:55,REGIONAL_DISTRIB,290.9,4,56,8.26,PERISHABLE_FOOD,26,COMPLETED
DSP-12349,RT-GREE-LOC-29,GREENSBORO_NC,2025-10-16 18:20:00,LOCAL_URBAN,133.4,8,82,8.73,PHARMA_GDP,25,COMPLETED
DSP-12350,RT-HUB_-REG-30,HUB_02,2025-10-16T05:51:00Z,REGIONAL_DISTRIB,263.2,5,61,7.93,PHARMA_GDP,26,COMPLETED
DSP-12351,RT-GREE-REG-31,GREENSBORO_NC,10/16/2025 06:21,REGIONAL_DISTRIB,262.7,5,62,7.92,PHARMA_GDP,26,COMPLETED
DSP-12352,RT-GREE-REG-32,GREENSBORO_NC,2025-10-16 06:36:00,REGIONAL_DISTRIB,268.5,4,75,7.73,PERISHABLE_FOOD,26,COMPLETED
DSP-12353,RT-HUB_-REG-33,HUB_02,2025-10-17T12:39:00Z,REGIONAL_DISTRIB,293.4,5,83,8.65,PHARMA_GDP,26,COMPLETED
DSP-12354,RT-HUB_-LIN-34,HUB_C,10/17/2025 12:37,LINEHAUL_CORRIDOR,425.2,3,28,9.18,PERISHABLE_FOOD,26,COMPLETED
DSP-12355,RT-GREE-LIN-35,GREENSBORO_NC,2025-10-17 08:56:00,LINEHAUL_CORRIDOR,467.9,2,20,9.66,PERISHABLE_FOOD,26,COMPLETED
DSP-12356,RT-HUB_-LIN-36,HUB_C,2025-10-17T07:11:00Z,LINEHAUL_CORRIDOR,455.6,2,24,9.43,PHARMA_GDP,26,COMPLETED
DSP-12357,RT-HUB_-REG-37,HUB_C,10/18/2025 17:28,REGIONAL_DISTRIB,269.7,6,63,8.42,PERISHABLE_FOOD,26,COMPLETED
DSP-12358,RT-GREE-LOC-38,GREENSBORO_NC,2025-10-18 14:31:00,LOCAL_URBAN,116.8,10,110,8.64,PERISHABLE_FOOD,25,COMPLETED
DSP-12359,RT-HUB_-REG-39,HUB_C,2025-10-18T12:56:00Z,REGIONAL_DISTRIB,288.1,5,58,8.53,PHARMA_GDP,26,COMPLETED
DSP-12360,RT-HUB_-REG-40,HUB_02,10/18/2025 09:52,REGIONAL_DISTRIB,273.5,6,55,8.51,PERISHABLE_FOOD,26,COMPLETED
DSP-12361,RT-HUB_-REG-01,HUB_02,2025-10-19 15:12:00,REGIONAL_DISTRIB,275.8,5,56,8.23,PHARMA_GDP,26,COMPLETED
DSP-12362,RT-GREE-REG-02,GREENSBORO_NC,2025-10-19T18:14:00Z,REGIONAL_DISTRIB,297.9,4,80,8.43,PERISHABLE_FOOD,26,COMPLETED
DSP-12363,RT-GREE-LIN-03,GREENSBORO_NC,10/19/2025 07:43,LINEHAUL_CORRIDOR,463.1,2,35,9.57,PERISHABLE_FOOD,26,COMPLETED
DSP-12364,RT-HUB_-LIN-04,HUB_C,2025-10-19 14:17:00,LINEHAUL_CORRIDOR,440.0,2,29,9.13,PERISHABLE_FOOD,26,COMPLETED
DSP-12365,RT-GREE-REG-05,GREENSBORO_NC,2025-10-20T10:09:00Z,REGIONAL_DISTRIB,264.0,6,58,8.29,PERISHABLE_FOOD,26,COMPLETED
DSP-12366,RT-HUB_-LOC-06,HUB_C,10/20/2025 18:03,LOCAL_URBAN,117.5,7,105,7.67,PERISHABLE_FOOD,26,COMPLETED
DSP-12367,RT-HUB_-REG-07,HUB_C,2025-10-20 08:47:00,REGIONAL_DISTRIB,303.3,6,59,9.22,PERISHABLE_FOOD,26,COMPLETED
DSP-12368,RT-GREE-REG-08,GREENSBORO_NC,2025-10-20T15:03:00Z,REGIONAL_DISTRIB,280.2,4,71,8.0,PHARMA_GDP,26,COMPLETED
DSP-12369,RT-HUB_-REG-09,HUB_02,10/21/2025 09:17,REGIONAL_DISTRIB,266.7,4,60,7.68,PHARMA_GDP,26,COMPLETED
DSP-12370,RT-GREE-LIN-10,GREENSBORO_NC,2025-10-21 09:18:00,LINEHAUL_CORRIDOR,418.9,1,31,8.39,PERISHABLE_FOOD,26,COMPLETED
DSP-12371,RT-HUB_-LOC-11,HUB_C,2025-10-21T16:55:00Z,LOCAL_URBAN,123.7,10,95,8.96,PERISHABLE_FOOD,26,COMPLETED
DSP-12372,RT-GREE-LOC-12,GREENSBORO_NC,10/21/2025 17:30,LOCAL_URBAN,110.1,7,87,7.34,PHARMA_GDP,25,COMPLETED
DSP-12373,RT-HUB_-REG-13,HUB_C,2025-10-22 16:01:00,REGIONAL_DISTRIB,293.9,6,59,9.0,PERISHABLE_FOOD,26,COMPLETED
DSP-12374,RT-HUB_-REG-14,HUB_02,2025-10-22T17:15:00Z,REGIONAL_DISTRIB,286.2,6,85,8.81,PERISHABLE_FOOD,26,COMPLETED
DSP-12375,RT-HUB_-LOC-15,HUB_02,10/22/2025 13:57,LOCAL_URBAN,129.9,9,99,8.9,PERISHABLE_FOOD,24,COMPLETED
DSP-12376,RT-HUB_-REG-16,HUB_02,2025-10-22 15:44:00,REGIONAL_DISTRIB,261.8,4,84,7.57,PERISHABLE_FOOD,26,COMPLETED
DSP-12377,RT-HUB_-LIN-17,HUB_C,2025-10-23T14:26:00Z,LINEHAUL_CORRIDOR,453.4,1,34,9.05,PHARMA_GDP,26,COMPLETED
DSP-12378,RT-HUB_-REG-18,HUB_C,10/23/2025 18:06,REGIONAL_DISTRIB,285.0,5,77,8.45,PHARMA_GDP,26,COMPLETED
DSP-12379,RT-HUB_-LOC-19,HUB_02,2025-10-23 11:18:00,LOCAL_URBAN,110.5,9,80,8.02,PHARMA_GDP,24,COMPLETED
DSP-12380,RT-HUB_-REG-20,HUB_02,2025-10-23T10:07:00Z,REGIONAL_DISTRIB,280.1,5,85,8.34,PERISHABLE_FOOD,26,COMPLETED
DSP-12381,RT-HUB_-LIN-21,HUB_02,10/24/2025 10:26,LINEHAUL_CORRIDOR,435.9,1,21,8.72,PHARMA_GDP,26,COMPLETED
DSP-12382,RT-HUB_-LIN-22,HUB_C,2025-10-24 08:11:00,LINEHAUL_CORRIDOR,452.4,3,22,9.7,PERISHABLE_FOOD,26,COMPLETED
DSP-12383,RT-HUB_-REG-23,HUB_02,2025-10-24T07:32:00Z,REGIONAL_DISTRIB,294.5,4,59,8.35,PERISHABLE_FOOD,26,COMPLETED
DSP-12384,RT-GREE-LIN-24,GREENSBORO_NC,10/24/2025 09:20,LINEHAUL_CORRIDOR,439.8,3,30,9.46,PERISHABLE_FOOD,26,COMPLETED
DSP-12385,RT-GREE-LIN-25,GREENSBORO_NC,2025-10-25 05:30:00,LINEHAUL_CORRIDOR,434.7,1,27,8.69,PHARMA_GDP,26,COMPLETED
DSP-12386,RT-HUB_-REG-26,HUB_C,2025-10-25T07:05:00Z,REGIONAL_DISTRIB,304.7,6,85,9.25,PHARMA_GDP,26,COMPLETED
DSP-12387,RT-HUB_-LIN-27,HUB_02,10/25/2025 10:12,LINEHAUL_CORRIDOR,447.7,3,30,9.61,PHARMA_GDP,26,COMPLETED
DSP-12388,RT-HUB_-LOC-28,HUB_02,2025-10-25 11:56:00,LOCAL_URBAN,110.8,10,91,8.37,PHARMA_GDP,25,COMPLETED
DSP-12389,RT-HUB_-LOC-29,HUB_C,2025-10-26T17:26:00Z,LOCAL_URBAN,116.1,8,109,7.94,PHARMA_GDP,24,COMPLETED
DSP-12390,RT-HUB_-LOC-30,HUB_C,10/26/2025 06:11,LOCAL_URBAN,132.6,10,84,9.36,PHARMA_GDP,24,COMPLETED
DSP-12391,RT-GREE-REG-31,GREENSBORO_NC,2025-10-26 09:22:00,REGIONAL_DISTRIB,260.5,6,68,8.2,PERISHABLE_FOOD,26,COMPLETED
DSP-12392,RT-GREE-LIN-32,GREENSBORO_NC,2025-10-26T15:41:00Z,LINEHAUL_CORRIDOR,455.2,2,32,9.42,PERISHABLE_FOOD,26,COMPLETED
DSP-12393,RT-HUB_-REG-33,HUB_02,10/27/2025 07:09,REGIONAL_DISTRIB,269.8,6,64,8.42,PHARMA_GDP,26,COMPLETED
DSP-12394,RT-HUB_-LOC-34,HUB_C,2025-10-27 09:45:00,LOCAL_URBAN,122.5,8,99,8.23,PERISHABLE_FOOD,24,COMPLETED
DSP-12395,RT-HUB_-LOC-35,HUB_02,2025-10-27T17:13:00Z,LOCAL_URBAN,135.0,8,90,8.8,PERISHABLE_FOOD,24,COMPLETED
DSP-12396,RT-HUB_-REG-36,HUB_02,10/27/2025 17:21,REGIONAL_DISTRIB,268.2,5,55,8.05,PERISHABLE_FOOD,26,COMPLETED
DSP-12397,RT-HUB_-LIN-37,HUB_02,2025-10-28 15:26:00,LINEHAUL_CORRIDOR,457.0,1,24,9.12,PHARMA_GDP,26,COMPLETED
DSP-12398,RT-HUB_-LIN-38,HUB_02,2025-10-28T07:12:00Z,LINEHAUL_CORRIDOR,436.5,2,39,9.06,PHARMA_GDP,26,COMPLETED
DSP-12399,RT-HUB_-REG-39,HUB_C,10/28/2025 18:02,REGIONAL_DISTRIB,276.3,4,68,7.91,PERISHABLE_FOOD,26,COMPLETED
DSP-12400,RT-GREE-REG-40,GREENSBORO_NC,2025-10-28 17:43:00,REGIONAL_DISTRIB,273.6,4,59,7.85,PHARMA_GDP,26,COMPLETED
DSP-12401,RT-HUB_-LIN-01,HUB_03,2025-01-02T07:35:00Z,LINEHAUL_CORRIDOR,462.7,2,37,9.56,PHARMA_GDP,26,COMPLETED
DSP-12402,RT-JAX_-REG-02,JAX_FL,01/02/2025 10:06,REGIONAL_DISTRIB,271.4,6,79,8.46,PHARMA_GDP,26,COMPLETED
DSP-12403,RT-HUB_-LIN-03,HUB_S,2025-01-02 17:37:00,LINEHAUL_CORRIDOR,449.6,2,29,9.31,PERISHABLE_FOOD,26,COMPLETED
DSP-12404,RT-JAX_-REG-04,JAX_FL,2025-01-02T12:45:00Z,REGIONAL_DISTRIB,294.8,6,72,9.02,PHARMA_GDP,26,VOID_TEST
DSP-12405,RT-JAX_-REG-05,JAX_FL,01/03/2025 14:25,REGIONAL_DISTRIB,273.8,5,76,8.19,PERISHABLE_FOOD,26,COMPLETED
DSP-12406,RT-HUB_-LIN-06,HUB_S,2025-01-03 11:55:00,LINEHAUL_CORRIDOR,441.7,2,38,9.16,PERISHABLE_FOOD,26,COMPLETED
DSP-12407,RT-HUB_-REG-07,HUB_S,2025-01-03T10:49:00Z,REGIONAL_DISTRIB,264.4,4,56,7.63,PHARMA_GDP,26,COMPLETED
DSP-12408,RT-JAX_-REG-08,JAX_FL,01/03/2025 16:55,REGIONAL_DISTRIB,296.1,4,62,8.38,PERISHABLE_FOOD,26,COMPLETED
DSP-12409,RT-JAX_-LIN-09,JAX_FL,2025-01-04 17:16:00,LINEHAUL_CORRIDOR,441.7,1,27,8.83,PERISHABLE_FOOD,26,COMPLETED
DSP-12410,RT-JAX_-REG-10,JAX_FL,2025-01-04T07:08:00Z,REGIONAL_DISTRIB,304.4,4,60,8.58,PHARMA_GDP,26,COMPLETED
DSP-12411,RT-JAX_-REG-11,JAX_FL,01/04/2025 05:30,REGIONAL_DISTRIB,301.1,4,57,8.5,PHARMA_GDP,26,COMPLETED
DSP-12412,RT-HUB_-LIN-12,HUB_03,2025-01-04 18:11:00,LINEHAUL_CORRIDOR,424.4,3,35,9.16,PERISHABLE_FOOD,26,COMPLETED
DSP-12413,RT-HUB_-LIN-13,HUB_S,2025-01-05T17:52:00Z,LINEHAUL_CORRIDOR,416.3,3,32,9.01,PERISHABLE_FOOD,26,COMPLETED
DSP-12414,RT-JAX_-LIN-14,JAX_FL,01/05/2025 15:59,LINEHAUL_CORRIDOR,469.4,3,36,10.03,PHARMA_GDP,26,COMPLETED
DSP-12415,RT-HUB_-LIN-15,HUB_03,2025-01-05 10:44:00,LINEHAUL_CORRIDOR,465.3,3,23,9.95,PHARMA_GDP,26,COMPLETED
DSP-12416,RT-HUB_-LIN-16,HUB_S,2025-01-05T14:17:00Z,LINEHAUL_CORRIDOR,411.4,1,37,8.24,PERISHABLE_FOOD,26,VOID_TEST
DSP-12417,RT-HUB_-LIN-17,HUB_S,01/06/2025 06:57,LINEHAUL_CORRIDOR,445.9,1,27,8.91,PERISHABLE_FOOD,26,COMPLETED
DSP-12418,RT-JAX_-REG-18,JAX_FL,2025-01-06 16:08:00,REGIONAL_DISTRIB,295.1,5,81,8.69,PHARMA_GDP,26,COMPLETED
DSP-12419,RT-JAX_-REG-19,JAX_FL,2025-01-06T12:51:00Z,REGIONAL_DISTRIB,277.3,5,70,8.27,PERISHABLE_FOOD,26,COMPLETED
DSP-12420,RT-HUB_-REG-20,HUB_S,01/06/2025 17:48,REGIONAL_DISTRIB,278.9,4,83,7.97,PERISHABLE_FOOD,26,COMPLETED
DSP-12421,RT-JAX_-LIN-21,JAX_FL,2025-01-07 05:40:00,LINEHAUL_CORRIDOR,442.9,2,34,9.18,PERISHABLE_FOOD,26,COMPLETED
DSP-12422,RT-JAX_-LIN-22,JAX_FL,2025-01-07T08:22:00Z,LINEHAUL_CORRIDOR,421.6,1,26,8.44,PERISHABLE_FOOD,26,COMPLETED
DSP-12423,RT-JAX_-LOC-23,JAX_FL,01/07/2025 09:55,LOCAL_URBAN,134.8,10,115,9.46,PHARMA_GDP,25,COMPLETED
DSP-12424,RT-HUB_-REG-24,HUB_S,2025-01-07 09:06:00,REGIONAL_DISTRIB,279.9,6,66,8.66,PHARMA_GDP,26,COMPLETED
DSP-12425,RT-HUB_-REG-25,HUB_03,2025-01-08T12:27:00Z,REGIONAL_DISTRIB,302.3,4,57,8.53,PHARMA_GDP,26,COMPLETED
DSP-12426,RT-HUB_-REG-26,HUB_S,01/08/2025 16:03,REGIONAL_DISTRIB,260.2,4,61,7.53,PHARMA_GDP,26,COMPLETED
DSP-12427,RT-HUB_-REG-27,HUB_S,2025-01-08 14:38:00,REGIONAL_DISTRIB,269.5,6,77,8.42,PHARMA_GDP,26,COMPLETED
DSP-12428,RT-HUB_-REG-28,HUB_03,2025-01-08T15:21:00Z,REGIONAL_DISTRIB,269.9,4,64,7.76,PERISHABLE_FOOD,26,COMPLETED
DSP-12429,RT-HUB_-REG-29,HUB_S,01/09/2025 12:00,REGIONAL_DISTRIB,270.3,4,58,7.77,PHARMA_GDP,26,COMPLETED
DSP-12430,RT-JAX_-REG-30,JAX_FL,2025-01-09 09:12:00,REGIONAL_DISTRIB,277.5,5,67,8.27,PERISHABLE_FOOD,26,COMPLETED
DSP-12431,RT-JAX_-LIN-31,JAX_FL,2025-01-09T06:22:00Z,LINEHAUL_CORRIDOR,424.0,3,22,9.15,PHARMA_GDP,26,COMPLETED
DSP-12432,RT-HUB_-LIN-32,HUB_03,01/09/2025 06:50,LINEHAUL_CORRIDOR,435.2,1,35,8.7,PERISHABLE_FOOD,26,COMPLETED
DSP-12433,RT-JAX_-REG-33,JAX_FL,2025-01-10 13:28:00,REGIONAL_DISTRIB,293.5,4,59,8.32,PERISHABLE_FOOD,26,COMPLETED
DSP-12434,RT-HUB_-LOC-34,HUB_S,2025-01-10T09:39:00Z,LOCAL_URBAN,124.8,10,112,9.01,PHARMA_GDP,25,COMPLETED
DSP-12435,RT-JAX_-LOC-35,JAX_FL,01/10/2025 05:39,LOCAL_URBAN,126.8,10,90,9.1,PHARMA_GDP,25,COMPLETED
DSP-12436,RT-HUB_-REG-36,HUB_03,2025-01-10 12:39:00,REGIONAL_DISTRIB,293.2,5,79,8.65,PHARMA_GDP,26,COMPLETED
DSP-12437,RT-HUB_-REG-37,HUB_S,2025-01-11T06:53:00Z,REGIONAL_DISTRIB,261.2,4,56,7.55,PERISHABLE_FOOD,26,COMPLETED
DSP-12438,RT-HUB_-LIN-38,HUB_03,01/11/2025 08:36,LINEHAUL_CORRIDOR,438.8,3,27,9.44,PERISHABLE_FOOD,26,COMPLETED
DSP-12439,RT-HUB_-LIN-39,HUB_03,2025-01-11 10:02:00,LINEHAUL_CORRIDOR,441.8,1,34,8.83,PHARMA_GDP,26,COMPLETED
DSP-12440,RT-JAX_-REG-40,JAX_FL,2025-01-11T10:19:00Z,REGIONAL_DISTRIB,268.1,4,60,7.72,PERISHABLE_FOOD,26,COMPLETED
DSP-12441,RT-JAX_-REG-01,JAX_FL,01/12/2025 05:58,REGIONAL_DISTRIB,304.2,5,60,8.91,PERISHABLE_FOOD,26,COMPLETED
DSP-12442,RT-HUB_-LOC-02,HUB_03,2025-01-12 16:43:00,LOCAL_URBAN,121.1,10,93,8.84,PHARMA_GDP,24,COMPLETED
DSP-12443,RT-HUB_-LIN-03,HUB_S,2025-01-12T11:08:00Z,LINEHAUL_CORRIDOR,468.0,2,35,9.67,PHARMA_GDP,26,COMPLETED
DSP-12444,RT-JAX_-REG-04,JAX_FL,01/12/2025 17:46,REGIONAL_DISTRIB,282.7,5,74,8.4,PHARMA_GDP,26,COMPLETED
DSP-12445,RT-JAX_-LIN-05,JAX_FL,2025-01-13 17:53:00,LINEHAUL_CORRIDOR,445.5,1,25,8.9,PHARMA_GDP,26,COMPLETED
DSP-12446,RT-HUB_-LOC-06,HUB_03,2025-01-13T16:35:00Z,LOCAL_URBAN,129.7,8,110,8.56,PHARMA_GDP,25,COMPLETED
DSP-12447,RT-HUB_-REG-07,HUB_03,01/13/2025 16:11,REGIONAL_DISTRIB,280.2,5,79,8.34,PHARMA_GDP,26,COMPLETED
DSP-12448,RT-HUB_-REG-08,HUB_03,2025-01-13 16:51:00,REGIONAL_DISTRIB,293.2,6,74,8.98,PERISHABLE_FOOD,26,COMPLETED
DSP-12449,RT-HUB_-REG-09,HUB_S,2025-01-14T08:24:00Z,REGIONAL_DISTRIB,263.5,6,82,8.27,PHARMA_GDP,26,COMPLETED
DSP-12450,RT-HUB_-LIN-10,HUB_S,01/14/2025 06:15,LINEHAUL_CORRIDOR,455.0,1,34,9.08,PERISHABLE_FOOD,26,COMPLETED
DSP-12451,RT-JAX_-LOC-11,JAX_FL,2025-01-14 12:57:00,LOCAL_URBAN,112.6,7,109,7.45,PERISHABLE_FOOD,26,COMPLETED
DSP-12452,RT-HUB_-LOC-12,HUB_03,2025-01-14T10:37:00Z,LOCAL_URBAN,114.1,9,90,8.19,PERISHABLE_FOOD,26,COMPLETED
DSP-12453,RT-JAX_-REG-13,JAX_FL,01/15/2025 12:07,REGIONAL_DISTRIB,284.9,4,66,8.12,PHARMA_GDP,26,VOID_TEST
DSP-12454,RT-JAX_-LIN-14,JAX_FL,2025-01-15 07:26:00,LINEHAUL_CORRIDOR,420.8,1,25,8.43,PERISHABLE_FOOD,26,COMPLETED
DSP-12455,RT-JAX_-REG-15,JAX_FL,2025-01-15T06:58:00Z,REGIONAL_DISTRIB,282.3,4,56,8.05,PERISHABLE_FOOD,26,COMPLETED
DSP-12456,RT-HUB_-LIN-16,HUB_S,01/15/2025 17:32,LINEHAUL_CORRIDOR,458.4,1,32,9.15,PERISHABLE_FOOD,26,COMPLETED
DSP-12457,RT-JAX_-LOC-17,JAX_FL,2025-01-16 07:46:00,LOCAL_URBAN,110.8,8,93,7.7,PHARMA_GDP,25,COMPLETED
DSP-12458,RT-HUB_-REG-18,HUB_03,2025-01-16T11:45:00Z,REGIONAL_DISTRIB,298.4,5,60,8.77,PERISHABLE_FOOD,26,COMPLETED
DSP-12459,RT-HUB_-REG-19,HUB_S,01/16/2025 09:33,REGIONAL_DISTRIB,303.1,4,78,8.55,PHARMA_GDP,26,COMPLETED
DSP-12460,RT-HUB_-REG-20,HUB_03,2025-01-16 17:08:00,REGIONAL_DISTRIB,287.6,6,65,8.85,PHARMA_GDP,26,COMPLETED
DSP-12461,RT-HUB_-LIN-21,HUB_03,2025-01-17T08:27:00Z,LINEHAUL_CORRIDOR,469.5,2,25,9.7,PERISHABLE_FOOD,26,COMPLETED
DSP-12462,RT-HUB_-REG-22,HUB_03,01/17/2025 05:38,REGIONAL_DISTRIB,289.3,5,79,8.55,PERISHABLE_FOOD,26,COMPLETED
DSP-12463,RT-JAX_-REG-23,JAX_FL,2025-01-17 14:11:00,REGIONAL_DISTRIB,277.8,5,81,8.28,PHARMA_GDP,26,COMPLETED
DSP-12464,RT-HUB_-REG-24,HUB_S,2025-01-17T13:16:00Z,REGIONAL_DISTRIB,271.9,6,75,8.47,PERISHABLE_FOOD,26,VOID_TEST
DSP-12465,RT-JAX_-REG-25,JAX_FL,01/18/2025 17:56,REGIONAL_DISTRIB,296.7,5,78,8.73,PERISHABLE_FOOD,26,COMPLETED
DSP-12466,RT-HUB_-LOC-26,HUB_S,2025-01-18 08:19:00,LOCAL_URBAN,123.6,7,90,7.95,PERISHABLE_FOOD,24,COMPLETED
DSP-12467,RT-HUB_-LIN-27,HUB_03,2025-01-18T14:06:00Z,LINEHAUL_CORRIDOR,466.7,1,39,9.31,PHARMA_GDP,26,COMPLETED
DSP-12468,RT-JAX_-REG-28,JAX_FL,01/18/2025 07:30,REGIONAL_DISTRIB,300.4,5,85,8.82,PHARMA_GDP,26,COMPLETED
DSP-12469,RT-HUB_-REG-29,HUB_S,2025-01-19 11:24:00,REGIONAL_DISTRIB,261.8,5,83,7.9,PERISHABLE_FOOD,26,COMPLETED
DSP-12470,RT-HUB_-REG-30,HUB_S,2025-01-19T09:24:00Z,REGIONAL_DISTRIB,292.8,5,64,8.64,PHARMA_GDP,26,COMPLETED
DSP-12471,RT-JAX_-LIN-31,JAX_FL,01/19/2025 09:26,LINEHAUL_CORRIDOR,458.5,2,26,9.48,PERISHABLE_FOOD,26,COMPLETED
DSP-12472,RT-HUB_-REG-32,HUB_S,2025-01-19 11:06:00,REGIONAL_DISTRIB,267.3,5,59,8.03,PHARMA_GDP,26,COMPLETED
DSP-12473,RT-JAX_-LIN-33,JAX_FL,2025-01-20T08:26:00Z,LINEHAUL_CORRIDOR,423.8,1,28,8.48,PERISHABLE_FOOD,26,COMPLETED
DSP-12474,RT-HUB_-LIN-34,HUB_03,01/20/2025 05:37,LINEHAUL_CORRIDOR,455.1,2,30,9.42,PERISHABLE_FOOD,26,COMPLETED
DSP-12475,RT-HUB_-REG-35,HUB_03,2025-01-20 07:34:00,REGIONAL_DISTRIB,263.4,5,64,7.94,PERISHABLE_FOOD,26,COMPLETED
DSP-12476,RT-HUB_-LOC-36,HUB_03,2025-01-20T11:09:00Z,LOCAL_URBAN,129.4,9,85,8.88,PERISHABLE_FOOD,25,COMPLETED
DSP-12477,RT-HUB_-REG-37,HUB_S,01/21/2025 12:53,REGIONAL_DISTRIB,268.1,5,57,8.05,PERISHABLE_FOOD,26,COMPLETED
DSP-12478,RT-HUB_-LOC-38,HUB_03,2025-01-21 14:10:00,LOCAL_URBAN,120.6,9,110,8.48,PHARMA_GDP,26,COMPLETED
DSP-12479,RT-HUB_-REG-39,HUB_03,2025-01-21T06:58:00Z,REGIONAL_DISTRIB,300.4,4,77,8.49,PHARMA_GDP,26,COMPLETED
DSP-12480,RT-HUB_-LOC-40,HUB_S,01/21/2025 07:47,LOCAL_URBAN,124.3,8,114,8.32,PERISHABLE_FOOD,25,COMPLETED
DSP-12481,RT-HUB_-LIN-01,HUB_S,2025-01-22 05:50:00,LINEHAUL_CORRIDOR,413.8,3,27,8.96,PERISHABLE_FOOD,26,COMPLETED
DSP-12482,RT-HUB_-LIN-02,HUB_S,2025-01-22T16:23:00Z,LINEHAUL_CORRIDOR,418.4,3,40,9.05,PHARMA_GDP,26,COMPLETED
DSP-12483,RT-HUB_-REG-03,HUB_03,01/22/2025 11:14,REGIONAL_DISTRIB,286.6,6,59,8.82,PHARMA_GDP,26,COMPLETED
DSP-12484,RT-HUB_-LOC-04,HUB_S,2025-01-22 11:14:00,LOCAL_URBAN,112.3,8,96,7.77,PERISHABLE_FOOD,26,COMPLETED
DSP-12485,RT-HUB_-REG-05,HUB_S,2025-01-23T12:32:00Z,REGIONAL_DISTRIB,293.1,4,64,8.31,PERISHABLE_FOOD,26,COMPLETED
DSP-12486,RT-JAX_-REG-06,JAX_FL,01/23/2025 15:07,REGIONAL_DISTRIB,285.9,4,83,8.14,PHARMA_GDP,26,COMPLETED
DSP-12487,RT-HUB_-REG-07,HUB_03,2025-01-23 13:15:00,REGIONAL_DISTRIB,276.1,6,85,8.57,PHARMA_GDP,26,COMPLETED
DSP-12488,RT-HUB_-LIN-08,HUB_03,2025-01-23T17:03:00Z,LINEHAUL_CORRIDOR,426.5,3,30,9.2,PERISHABLE_FOOD,26,COMPLETED
DSP-12489,RT-JAX_-REG-09,JAX_FL,01/24/2025 07:55,REGIONAL_DISTRIB,303.8,5,77,8.9,PERISHABLE_FOOD,26,COMPLETED
DSP-12490,RT-HUB_-LIN-10,HUB_S,2025-01-24 10:49:00,LINEHAUL_CORRIDOR,426.0,2,24,8.86,PERISHABLE_FOOD,26,COMPLETED
DSP-12491,RT-JAX_-LIN-11,JAX_FL,2025-01-24T07:41:00Z,LINEHAUL_CORRIDOR,454.2,1,38,9.07,PHARMA_GDP,26,COMPLETED
DSP-12492,RT-HUB_-LIN-12,HUB_S,01/24/2025 12:41,LINEHAUL_CORRIDOR,442.0,2,40,9.17,PHARMA_GDP,26,COMPLETED
DSP-12493,RT-HUB_-REG-13,HUB_S,2025-01-25 17:40:00,REGIONAL_DISTRIB,271.3,4,75,7.79,PHARMA_GDP,26,COMPLETED
DSP-12494,RT-HUB_-LOC-14,HUB_03,2025-01-25T17:11:00Z,LOCAL_URBAN,124.2,8,80,8.31,PERISHABLE_FOOD,26,COMPLETED
DSP-12495,RT-HUB_-LIN-15,HUB_S,01/25/2025 11:22,LINEHAUL_CORRIDOR,436.6,1,33,8.73,PHARMA_GDP,26,COMPLETED
DSP-12496,RT-JAX_-REG-16,JAX_FL,2025-01-25 06:15:00,REGIONAL_DISTRIB,268.7,4,70,7.73,PERISHABLE_FOOD,26,COMPLETED
DSP-12497,RT-HUB_-LOC-17,HUB_S,2025-01-26T14:09:00Z,LOCAL_URBAN,129.0,8,95,8.53,PHARMA_GDP,24,COMPLETED
DSP-12498,RT-HUB_-REG-18,HUB_S,01/26/2025 06:14,REGIONAL_DISTRIB,280.9,4,85,8.02,PERISHABLE_FOOD,26,COMPLETED
DSP-12499,RT-HUB_-LIN-19,HUB_S,2025-01-26 11:37:00,LINEHAUL_CORRIDOR,418.6,2,21,8.72,PHARMA_GDP,26,COMPLETED
DSP-12500,RT-JAX_-REG-20,JAX_FL,2025-01-26T09:43:00Z,REGIONAL_DISTRIB,297.8,5,68,8.76,PERISHABLE_FOOD,26,COMPLETED
DSP-12501,RT-JAX_-LIN-21,JAX_FL,01/27/2025 08:47,LINEHAUL_CORRIDOR,410.6,3,30,8.9,PHARMA_GDP,26,COMPLETED
DSP-12502,RT-HUB_-LIN-22,HUB_03,2025-01-27 17:56:00,LINEHAUL_CORRIDOR,449.5,1,23,8.98,PHARMA_GDP,26,COMPLETED
DSP-12503,RT-JAX_-LIN-23,JAX_FL,2025-01-27T07:42:00Z,LINEHAUL_CORRIDOR,447.0,2,22,9.26,PERISHABLE_FOOD,26,COMPLETED
DSP-12504,RT-HUB_-REG-24,HUB_03,01/27/2025 12:41,REGIONAL_DISTRIB,300.5,5,58,8.82,PERISHABLE_FOOD,26,COMPLETED
DSP-12505,RT-JAX_-LIN-25,JAX_FL,2025-01-28 12:24:00,LINEHAUL_CORRIDOR,441.4,2,33,9.16,PERISHABLE_FOOD,26,COMPLETED
DSP-12506,RT-HUB_-REG-26,HUB_03,2025-01-28T17:34:00Z,REGIONAL_DISTRIB,268.1,4,81,7.72,PHARMA_GDP,26,COMPLETED
DSP-12507,RT-HUB_-LOC-27,HUB_03,01/28/2025 15:09,LOCAL_URBAN,123.8,7,85,7.96,PERISHABLE_FOOD,25,COMPLETED
DSP-12508,RT-HUB_-REG-28,HUB_S,2025-01-28 09:47:00,REGIONAL_DISTRIB,268.2,4,64,7.72,PERISHABLE_FOOD,26,COMPLETED
DSP-12509,RT-HUB_-LIN-29,HUB_S,2025-01-29T17:42:00Z,LINEHAUL_CORRIDOR,420.1,2,31,8.75,PERISHABLE_FOOD,26,COMPLETED
DSP-12510,RT-HUB_-REG-30,HUB_03,01/29/2025 18:04,REGIONAL_DISTRIB,280.2,4,60,8.0,PHARMA_GDP,26,COMPLETED
DSP-12511,RT-HUB_-REG-31,HUB_S,2025-01-29 16:59:00,REGIONAL_DISTRIB,294.2,5,72,8.67,PERISHABLE_FOOD,26,COMPLETED
DSP-12512,RT-JAX_-REG-32,JAX_FL,2025-01-29T14:51:00Z,REGIONAL_DISTRIB,291.8,4,75,8.28,PHARMA_GDP,26,COMPLETED
DSP-12513,RT-HUB_-REG-33,HUB_03,01/30/2025 12:16,REGIONAL_DISTRIB,274.1,6,85,8.53,PHARMA_GDP,26,COMPLETED
DSP-12514,RT-HUB_-LIN-34,HUB_03,2025-01-30 13:34:00,LINEHAUL_CORRIDOR,446.2,1,38,8.91,PERISHABLE_FOOD,26,COMPLETED
DSP-12515,RT-HUB_-LOC-35,HUB_03,2025-01-30T14:28:00Z,LOCAL_URBAN,122.2,10,86,8.89,PHARMA_GDP,25,COMPLETED
DSP-12516,RT-HUB_-REG-36,HUB_03,01/30/2025 16:24,REGIONAL_DISTRIB,262.3,6,67,8.25,PHARMA_GDP,26,COMPLETED
DSP-12517,RT-HUB_-REG-37,HUB_03,2025-01-31 17:44:00,REGIONAL_DISTRIB,278.6,5,59,8.3,PERISHABLE_FOOD,26,COMPLETED
DSP-12518,RT-HUB_-REG-38,HUB_S,2025-01-31T05:39:00Z,REGIONAL_DISTRIB,273.4,6,57,8.51,PERISHABLE_FOOD,26,COMPLETED
DSP-12519,RT-JAX_-LOC-39,JAX_FL,01/31/2025 16:59,LOCAL_URBAN,131.1,7,113,8.29,PHARMA_GDP,24,COMPLETED
DSP-12520,RT-JAX_-REG-40,JAX_FL,2025-01-31 05:51:00,REGIONAL_DISTRIB,273.1,4,66,7.84,PHARMA_GDP,26,COMPLETED
DSP-12521,RT-HUB_-LIN-01,HUB_S,2025-02-01T05:55:00Z,LINEHAUL_CORRIDOR,436.7,2,38,9.06,PERISHABLE_FOOD,26,COMPLETED
DSP-12522,RT-HUB_-REG-02,HUB_03,02/01/2025 14:29,REGIONAL_DISTRIB,261.0,5,70,7.88,PERISHABLE_FOOD,26,COMPLETED
DSP-12523,RT-JAX_-LOC-03,JAX_FL,2025-02-01 06:19:00,LOCAL_URBAN,120.3,10,97,8.8,PERISHABLE_FOOD,26,COMPLETED
DSP-12524,RT-JAX_-REG-04,JAX_FL,2025-02-01T12:00:00Z,REGIONAL_DISTRIB,279.4,4,71,7.99,PERISHABLE_FOOD,26,COMPLETED
DSP-12525,RT-JAX_-REG-05,JAX_FL,02/02/2025 11:31,REGIONAL_DISTRIB,273.7,4,77,7.85,PERISHABLE_FOOD,26,COMPLETED
DSP-12526,RT-HUB_-LIN-06,HUB_03,2025-02-02 08:23:00,LINEHAUL_CORRIDOR,448.3,1,40,8.95,PHARMA_GDP,26,COMPLETED
DSP-12527,RT-HUB_-LOC-07,HUB_03,2025-02-02T16:16:00Z,LOCAL_URBAN,126.2,10,84,9.07,PERISHABLE_FOOD,25,COMPLETED
DSP-12528,RT-HUB_-REG-08,HUB_03,02/02/2025 15:29,REGIONAL_DISTRIB,268.4,4,79,7.72,PHARMA_GDP,26,COMPLETED
DSP-12529,RT-HUB_-REG-09,HUB_S,2025-02-03 16:06:00,REGIONAL_DISTRIB,302.5,6,73,9.2,PHARMA_GDP,26,COMPLETED
DSP-12530,RT-HUB_-REG-10,HUB_S,2025-02-03T18:21:00Z,REGIONAL_DISTRIB,285.3,5,77,8.46,PHARMA_GDP,26,COMPLETED
DSP-12531,RT-HUB_-REG-11,HUB_S,02/03/2025 14:46,REGIONAL_DISTRIB,301.1,4,72,8.5,PERISHABLE_FOOD,26,COMPLETED
DSP-12532,RT-JAX_-REG-12,JAX_FL,2025-02-03 07:13:00,REGIONAL_DISTRIB,261.4,6,77,8.22,PERISHABLE_FOOD,26,COMPLETED
DSP-12533,RT-HUB_-REG-13,HUB_03,2025-02-04T11:19:00Z,REGIONAL_DISTRIB,304.5,6,77,9.25,PHARMA_GDP,26,COMPLETED
DSP-12534,RT-HUB_-REG-14,HUB_03,02/04/2025 13:58,REGIONAL_DISTRIB,304.7,6,60,9.25,PHARMA_GDP,26,COMPLETED
DSP-12535,RT-HUB_-REG-15,HUB_03,2025-02-04 14:28:00,REGIONAL_DISTRIB,287.3,4,85,8.17,PERISHABLE_FOOD,26,COMPLETED
DSP-12536,RT-HUB_-REG-16,HUB_03,2025-02-04T13:16:00Z,REGIONAL_DISTRIB,271.0,4,77,7.79,PHARMA_GDP,26,COMPLETED
DSP-12537,RT-HUB_-REG-17,HUB_03,02/05/2025 15:44,REGIONAL_DISTRIB,298.7,4,67,8.45,PERISHABLE_FOOD,26,COMPLETED
DSP-12538,RT-HUB_-LIN-18,HUB_03,2025-02-05 18:07:00,LINEHAUL_CORRIDOR,441.7,1,23,8.83,PHARMA_GDP,26,COMPLETED
DSP-12539,RT-JAX_-LOC-19,JAX_FL,2025-02-05T17:32:00Z,LOCAL_URBAN,131.2,7,101,8.3,PHARMA_GDP,25,COMPLETED
DSP-12540,RT-HUB_-LIN-20,HUB_S,02/05/2025 05:43,LINEHAUL_CORRIDOR,468.6,2,40,9.68,PHARMA_GDP,26,COMPLETED
DSP-12541,RT-JAX_-REG-21,JAX_FL,2025-02-06 13:40:00,REGIONAL_DISTRIB,283.3,4,69,8.08,PHARMA_GDP,26,COMPLETED
DSP-12542,RT-HUB_-REG-22,HUB_03,2025-02-06T17:31:00Z,REGIONAL_DISTRIB,289.3,5,81,8.55,PHARMA_GDP,26,COMPLETED
DSP-12543,RT-HUB_-REG-23,HUB_S,02/06/2025 16:11,REGIONAL_DISTRIB,283.2,6,73,8.74,PERISHABLE_FOOD,26,COMPLETED
DSP-12544,RT-HUB_-LOC-24,HUB_03,2025-02-06 07:16:00,LOCAL_URBAN,120.5,7,107,7.81,PERISHABLE_FOOD,26,COMPLETED
DSP-12545,RT-HUB_-LIN-25,HUB_03,2025-02-07T13:32:00Z,LINEHAUL_CORRIDOR,420.3,2,32,8.75,PHARMA_GDP,26,COMPLETED
DSP-12546,RT-HUB_-REG-26,HUB_S,02/07/2025 11:42,REGIONAL_DISTRIB,265.4,4,75,7.65,PERISHABLE_FOOD,26,COMPLETED
DSP-12547,RT-HUB_-REG-27,HUB_03,2025-02-07 15:46:00,REGIONAL_DISTRIB,269.8,6,67,8.42,PERISHABLE_FOOD,26,COMPLETED
DSP-12548,RT-JAX_-REG-28,JAX_FL,2025-02-07T18:12:00Z,REGIONAL_DISTRIB,299.4,4,57,8.46,PHARMA_GDP,26,COMPLETED
DSP-12549,RT-HUB_-REG-29,HUB_S,02/08/2025 14:35,REGIONAL_DISTRIB,289.6,5,61,8.56,PHARMA_GDP,26,COMPLETED
DSP-12550,RT-HUB_-LIN-30,HUB_S,2025-02-08 14:58:00,LINEHAUL_CORRIDOR,437.5,1,20,8.75,PHARMA_GDP,26,COMPLETED
DSP-12551,RT-JAX_-LOC-31,JAX_FL,2025-02-08T08:54:00Z,LOCAL_URBAN,125.3,10,80,9.03,PHARMA_GDP,25,COMPLETED
DSP-12552,RT-JAX_-REG-32,JAX_FL,02/08/2025 14:18,REGIONAL_DISTRIB,275.8,4,77,7.9,PERISHABLE_FOOD,26,COMPLETED
DSP-12553,RT-JAX_-LIN-33,JAX_FL,2025-02-09 16:47:00,LINEHAUL_CORRIDOR,457.4,2,20,9.46,PERISHABLE_FOOD,26,COMPLETED
DSP-12554,RT-JAX_-REG-34,JAX_FL,2025-02-09T09:03:00Z,REGIONAL_DISTRIB,265.3,6,73,8.32,PERISHABLE_FOOD,26,COMPLETED
DSP-12555,RT-JAX_-REG-35,JAX_FL,02/09/2025 05:54,REGIONAL_DISTRIB,266.9,4,85,7.69,PHARMA_GDP,26,COMPLETED
DSP-12556,RT-HUB_-REG-36,HUB_03,2025-02-09 07:53:00,REGIONAL_DISTRIB,288.1,6,68,8.86,PHARMA_GDP,26,COMPLETED
DSP-12557,RT-JAX_-LIN-37,JAX_FL,2025-02-10T09:41:00Z,LINEHAUL_CORRIDOR,468.1,3,25,10.0,PHARMA_GDP,26,COMPLETED
DSP-12558,RT-HUB_-LOC-38,HUB_03,02/10/2025 06:59,LOCAL_URBAN,134.0,8,80,8.76,PHARMA_GDP,25,COMPLETED
DSP-12559,RT-JAX_-REG-39,JAX_FL,2025-02-10 15:28:00,REGIONAL_DISTRIB,268.0,5,67,8.05,PERISHABLE_FOOD,26,COMPLETED
DSP-12560,RT-JAX_-REG-40,JAX_FL,2025-02-10T14:02:00Z,REGIONAL_DISTRIB,269.7,6,78,8.42,PERISHABLE_FOOD,26,COMPLETED
DSP-12561,RT-HUB_-REG-01,HUB_03,02/11/2025 10:03,REGIONAL_DISTRIB,268.4,5,55,8.06,PHARMA_GDP,26,COMPLETED
DSP-12562,RT-JAX_-LIN-02,JAX_FL,2025-02-11 15:03:00,LINEHAUL_CORRIDOR,458.4,3,27,9.82,PHARMA_GDP,26,COMPLETED
DSP-12563,RT-JAX_-LOC-03,JAX_FL,2025-02-11T09:49:00Z,LOCAL_URBAN,134.8,10,80,9.46,PHARMA_GDP,24,COMPLETED
DSP-12564,RT-JAX_-REG-04,JAX_FL,02/11/2025 17:49,REGIONAL_DISTRIB,301.8,4,81,8.52,PERISHABLE_FOOD,26,COMPLETED
DSP-12565,RT-JAX_-REG-05,JAX_FL,2025-02-12 08:49:00,REGIONAL_DISTRIB,261.5,5,78,7.89,PERISHABLE_FOOD,26,COMPLETED
DSP-12566,RT-HUB_-REG-06,HUB_S,2025-02-12T07:32:00Z,REGIONAL_DISTRIB,285.9,5,59,8.47,PERISHABLE_FOOD,26,COMPLETED
DSP-12567,RT-JAX_-REG-07,JAX_FL,02/12/2025 10:28,REGIONAL_DISTRIB,274.7,6,67,8.54,PHARMA_GDP,26,VOID_TEST
DSP-12568,RT-JAX_-LIN-08,JAX_FL,2025-02-12 08:31:00,LINEHAUL_CORRIDOR,448.9,1,36,8.97,PHARMA_GDP,26,COMPLETED
DSP-12569,RT-HUB_-LIN-09,HUB_03,2025-02-13T08:28:00Z,LINEHAUL_CORRIDOR,435.7,1,39,8.71,PERISHABLE_FOOD,26,COMPLETED
DSP-12570,RT-JAX_-LIN-10,JAX_FL,02/13/2025 12:04,LINEHAUL_CORRIDOR,468.7,1,40,9.35,PERISHABLE_FOOD,26,COMPLETED
DSP-12571,RT-HUB_-LOC-11,HUB_S,2025-02-13 11:36:00,LOCAL_URBAN,126.5,8,80,8.42,PERISHABLE_FOOD,25,COMPLETED
DSP-12572,RT-HUB_-REG-12,HUB_03,2025-02-13T05:49:00Z,REGIONAL_DISTRIB,304.0,4,79,8.57,PERISHABLE_FOOD,26,COMPLETED
DSP-12573,RT-HUB_-REG-13,HUB_03,02/14/2025 15:42,REGIONAL_DISTRIB,265.4,4,65,7.65,PHARMA_GDP,26,COMPLETED
DSP-12574,RT-JAX_-REG-14,JAX_FL,2025-02-14 09:11:00,REGIONAL_DISTRIB,278.2,4,56,7.96,PERISHABLE_FOOD,26,COMPLETED
DSP-12575,RT-HUB_-LIN-15,HUB_03,2025-02-14T05:39:00Z,LINEHAUL_CORRIDOR,431.0,1,33,8.62,PHARMA_GDP,26,COMPLETED
DSP-12576,RT-JAX_-LIN-16,JAX_FL,02/14/2025 08:43,LINEHAUL_CORRIDOR,445.0,3,22,9.56,PERISHABLE_FOOD,26,COMPLETED
DSP-12577,RT-HUB_-REG-17,HUB_S,2025-02-15 12:48:00,REGIONAL_DISTRIB,268.3,5,82,8.05,PERISHABLE_FOOD,26,COMPLETED
DSP-12578,RT-HUB_-LIN-18,HUB_S,2025-02-15T08:19:00Z,LINEHAUL_CORRIDOR,439.6,1,34,8.79,PERISHABLE_FOOD,26,COMPLETED
DSP-12579,RT-HUB_-LIN-19,HUB_S,02/15/2025 18:18,LINEHAUL_CORRIDOR,463.1,3,35,9.91,PHARMA_GDP,26,COMPLETED
DSP-12580,RT-HUB_-REG-20,HUB_03,2025-02-15 07:00:00,REGIONAL_DISTRIB,304.0,6,72,9.24,PERISHABLE_FOOD,26,COMPLETED
DSP-12581,RT-JAX_-LOC-21,JAX_FL,2025-02-16T08:46:00Z,LOCAL_URBAN,123.5,9,85,8.61,PHARMA_GDP,25,COMPLETED
DSP-12582,RT-HUB_-REG-22,HUB_S,02/16/2025 17:17,REGIONAL_DISTRIB,275.9,4,66,7.9,PHARMA_GDP,26,COMPLETED
DSP-12583,RT-HUB_-LIN-23,HUB_03,2025-02-16 09:08:00,LINEHAUL_CORRIDOR,437.1,2,39,9.07,PHARMA_GDP,26,COMPLETED
DSP-12584,RT-HUB_-LOC-24,HUB_03,2025-02-16T14:45:00Z,LOCAL_URBAN,122.3,10,80,8.89,PHARMA_GDP,24,COMPLETED
DSP-12585,RT-HUB_-LIN-25,HUB_S,02/17/2025 17:45,LINEHAUL_CORRIDOR,429.1,2,23,8.92,PERISHABLE_FOOD,26,COMPLETED
DSP-12586,RT-JAX_-REG-26,JAX_FL,2025-02-17 12:19:00,REGIONAL_DISTRIB,268.0,6,55,8.38,PERISHABLE_FOOD,26,COMPLETED
DSP-12587,RT-JAX_-LIN-27,JAX_FL,2025-02-17T16:14:00Z,LINEHAUL_CORRIDOR,424.3,2,37,8.83,PERISHABLE_FOOD,26,COMPLETED
DSP-12588,RT-JAX_-REG-28,JAX_FL,02/17/2025 07:27,REGIONAL_DISTRIB,284.3,4,67,8.1,PHARMA_GDP,26,COMPLETED
DSP-12589,RT-JAX_-REG-29,JAX_FL,2025-02-18 07:42:00,REGIONAL_DISTRIB,287.0,4,78,8.17,PHARMA_GDP,26,COMPLETED
DSP-12590,RT-HUB_-REG-30,HUB_S,2025-02-18T18:19:00Z,REGIONAL_DISTRIB,281.1,5,82,8.36,PHARMA_GDP,26,COMPLETED
DSP-12591,RT-HUB_-LOC-31,HUB_03,02/18/2025 16:15,LOCAL_URBAN,128.0,10,82,9.15,PERISHABLE_FOOD,24,COMPLETED
DSP-12592,RT-JAX_-REG-32,JAX_FL,2025-02-18 08:35:00,REGIONAL_DISTRIB,284.3,6,81,8.77,PERISHABLE_FOOD,26,COMPLETED
DSP-12593,RT-JAX_-LIN-33,JAX_FL,2025-02-19T13:47:00Z,LINEHAUL_CORRIDOR,418.7,2,32,8.72,PHARMA_GDP,26,COMPLETED
DSP-12594,RT-JAX_-LOC-34,JAX_FL,02/19/2025 07:08,LOCAL_URBAN,114.1,10,95,8.52,PHARMA_GDP,24,COMPLETED
DSP-12595,RT-HUB_-REG-35,HUB_S,2025-02-19 05:50:00,REGIONAL_DISTRIB,280.5,6,76,8.68,PERISHABLE_FOOD,26,COMPLETED
DSP-12596,RT-HUB_-REG-36,HUB_03,2025-02-19T13:16:00Z,REGIONAL_DISTRIB,281.4,5,66,8.37,PERISHABLE_FOOD,26,COMPLETED
DSP-12597,RT-HUB_-LIN-37,HUB_S,02/20/2025 06:58,LINEHAUL_CORRIDOR,450.7,3,24,9.67,PERISHABLE_FOOD,26,COMPLETED
DSP-12598,RT-HUB_-REG-38,HUB_03,2025-02-20 14:47:00,REGIONAL_DISTRIB,263.3,6,73,8.27,PHARMA_GDP,26,COMPLETED
DSP-12599,RT-HUB_-LIN-39,HUB_03,2025-02-20T17:18:00Z,LINEHAUL_CORRIDOR,469.9,1,33,9.37,PHARMA_GDP,26,COMPLETED
DSP-12600,RT-HUB_-REG-40,HUB_S,02/20/2025 05:38,REGIONAL_DISTRIB,303.9,4,78,8.57,PHARMA_GDP,26,COMPLETED
DSP-12601,RT-JAX_-LIN-01,JAX_FL,2025-02-21 05:55:00,LINEHAUL_CORRIDOR,410.4,2,36,8.56,PHARMA_GDP,26,COMPLETED
DSP-12602,RT-HUB_-REG-02,HUB_03,2025-02-21T16:10:00Z,REGIONAL_DISTRIB,279.5,4,66,7.99,PHARMA_GDP,26,COMPLETED
DSP-12603,RT-HUB_-REG-03,HUB_S,02/21/2025 14:37,REGIONAL_DISTRIB,286.4,4,82,8.15,PHARMA_GDP,26,COMPLETED
DSP-12604,RT-HUB_-LIN-04,HUB_S,2025-02-21 14:46:00,LINEHAUL_CORRIDOR,424.2,1,24,8.49,PHARMA_GDP,26,COMPLETED
DSP-12605,RT-JAX_-REG-05,JAX_FL,2025-02-22T09:24:00Z,REGIONAL_DISTRIB,302.4,5,73,8.87,PERISHABLE_FOOD,26,COMPLETED
DSP-12606,RT-JAX_-LIN-06,JAX_FL,02/22/2025 05:38,LINEHAUL_CORRIDOR,468.2,1,21,9.34,PERISHABLE_FOOD,26,COMPLETED
DSP-12607,RT-HUB_-REG-07,HUB_03,2025-02-22 10:21:00,REGIONAL_DISTRIB,296.7,5,84,8.73,PHARMA_GDP,26,COMPLETED
DSP-12608,RT-JAX_-REG-08,JAX_FL,2025-02-22T16:48:00Z,REGIONAL_DISTRIB,266.2,5,64,8.0,PERISHABLE_FOOD,26,COMPLETED
DSP-12609,RT-HUB_-REG-09,HUB_S,02/23/2025 11:10,REGIONAL_DISTRIB,265.6,4,75,7.66,PERISHABLE_FOOD,26,COMPLETED
DSP-12610,RT-HUB_-REG-10,HUB_S,2025-02-23 08:25:00,REGIONAL_DISTRIB,297.8,5,79,8.76,PHARMA_GDP,26,COMPLETED
DSP-12611,RT-JAX_-REG-11,JAX_FL,2025-02-23T11:30:00Z,REGIONAL_DISTRIB,265.6,6,70,8.32,PHARMA_GDP,26,COMPLETED
DSP-12612,RT-HUB_-LOC-12,HUB_03,02/23/2025 12:30,LOCAL_URBAN,120.5,8,99,8.14,PERISHABLE_FOOD,24,COMPLETED
DSP-12613,RT-JAX_-LOC-13,JAX_FL,2025-02-24 17:34:00,LOCAL_URBAN,120.5,10,81,8.81,PHARMA_GDP,25,COMPLETED
DSP-12614,RT-HUB_-LOC-14,HUB_03,2025-02-24T16:16:00Z,LOCAL_URBAN,119.4,8,80,8.09,PHARMA_GDP,24,COMPLETED
DSP-12615,RT-HUB_-REG-15,HUB_S,02/24/2025 14:33,REGIONAL_DISTRIB,296.4,5,68,8.72,PHARMA_GDP,26,COMPLETED
DSP-12616,RT-HUB_-REG-16,HUB_S,2025-02-24 14:46:00,REGIONAL_DISTRIB,263.4,4,73,7.6,PHARMA_GDP,26,COMPLETED
DSP-12617,RT-HUB_-LIN-17,HUB_03,2025-02-25T17:28:00Z,LINEHAUL_CORRIDOR,453.9,2,26,9.4,PHARMA_GDP,26,COMPLETED
DSP-12618,RT-HUB_-REG-18,HUB_S,02/25/2025 12:17,REGIONAL_DISTRIB,280.7,6,84,8.68,PERISHABLE_FOOD,26,COMPLETED
DSP-12619,RT-JAX_-REG-19,JAX_FL,2025-02-25 09:26:00,REGIONAL_DISTRIB,269.7,5,67,8.09,PERISHABLE_FOOD,26,COMPLETED
DSP-12620,RT-JAX_-REG-20,JAX_FL,2025-02-25T11:13:00Z,REGIONAL_DISTRIB,288.2,6,69,8.86,PHARMA_GDP,26,COMPLETED
DSP-12621,RT-HUB_-LIN-21,HUB_S,02/26/2025 13:46,LINEHAUL_CORRIDOR,469.6,3,35,10.03,PERISHABLE_FOOD,26,COMPLETED
DSP-12622,RT-HUB_-LIN-22,HUB_S,2025-02-26 12:01:00,LINEHAUL_CORRIDOR,416.0,1,25,8.33,PHARMA_GDP,26,COMPLETED
DSP-12623,RT-HUB_-LIN-23,HUB_S,2025-02-26T18:13:00Z,LINEHAUL_CORRIDOR,418.6,3,39,9.05,PERISHABLE_FOOD,26,COMPLETED
DSP-12624,RT-JAX_-LIN-24,JAX_FL,02/26/2025 10:45,LINEHAUL_CORRIDOR,434.3,2,21,9.02,PHARMA_GDP,26,COMPLETED
DSP-12625,RT-HUB_-LIN-25,HUB_03,2025-02-27 09:40:00,LINEHAUL_CORRIDOR,463.7,2,32,9.58,PERISHABLE_FOOD,26,COMPLETED
DSP-12626,RT-HUB_-REG-26,HUB_S,2025-02-27T15:39:00Z,REGIONAL_DISTRIB,291.9,4,78,8.28,PERISHABLE_FOOD,26,COMPLETED
DSP-12627,RT-HUB_-REG-27,HUB_S,02/27/2025 06:57,REGIONAL_DISTRIB,261.0,4,63,7.55,PERISHABLE_FOOD,26,COMPLETED
DSP-12628,RT-HUB_-LIN-28,HUB_S,2025-02-27 13:12:00,LINEHAUL_CORRIDOR,420.5,2,29,8.75,PHARMA_GDP,26,COMPLETED
DSP-12629,RT-JAX_-REG-29,JAX_FL,2025-02-28T11:25:00Z,REGIONAL_DISTRIB,300.0,4,80,8.48,PERISHABLE_FOOD,26,COMPLETED
DSP-12630,RT-HUB_-REG-30,HUB_03,02/28/2025 10:57,REGIONAL_DISTRIB,265.7,5,56,7.99,PERISHABLE_FOOD,26,COMPLETED
DSP-12631,RT-JAX_-REG-31,JAX_FL,2025-02-28 17:48:00,REGIONAL_DISTRIB,269.1,4,58,7.74,PHARMA_GDP,26,COMPLETED
DSP-12632,RT-HUB_-REG-32,HUB_S,2025-02-28T08:01:00Z,REGIONAL_DISTRIB,268.3,5,75,8.05,PERISHABLE_FOOD,26,COMPLETED
DSP-12633,RT-HUB_-REG-33,HUB_03,03/01/2025 11:55,REGIONAL_DISTRIB,302.3,5,83,8.86,PERISHABLE_FOOD,26,COMPLETED
DSP-12634,RT-JAX_-REG-34,JAX_FL,2025-03-01 05:45:00,REGIONAL_DISTRIB,301.6,5,55,8.85,PHARMA_GDP,26,COMPLETED
DSP-12635,RT-HUB_-REG-35,HUB_S,2025-03-01T15:48:00Z,REGIONAL_DISTRIB,274.1,6,71,8.53,PERISHABLE_FOOD,26,COMPLETED
DSP-12636,RT-HUB_-REG-36,HUB_S,03/01/2025 09:31,REGIONAL_DISTRIB,295.6,5,78,8.7,PHARMA_GDP,26,COMPLETED
DSP-12637,RT-HUB_-REG-37,HUB_03,2025-03-02 07:53:00,REGIONAL_DISTRIB,294.1,6,60,9.0,PERISHABLE_FOOD,26,COMPLETED
DSP-12638,RT-HUB_-LIN-38,HUB_S,2025-03-02T16:55:00Z,LINEHAUL_CORRIDOR,435.8,1,20,8.71,PERISHABLE_FOOD,26,COMPLETED
DSP-12639,RT-JAX_-REG-39,JAX_FL,03/02/2025 12:16,REGIONAL_DISTRIB,276.1,5,83,8.24,PERISHABLE_FOOD,26,COMPLETED
DSP-12640,RT-JAX_-REG-40,JAX_FL,2025-03-02 14:29:00,REGIONAL_DISTRIB,274.2,5,75,8.2,PERISHABLE_FOOD,26,COMPLETED
DSP-12641,RT-JAX_-REG-01,JAX_FL,2025-03-03T15:20:00Z,REGIONAL_DISTRIB,285.7,5,78,8.47,PERISHABLE_FOOD,26,COMPLETED
DSP-12642,RT-JAX_-LIN-02,JAX_FL,03/03/2025 10:30,LINEHAUL_CORRIDOR,440.4,1,38,8.8,PERISHABLE_FOOD,26,COMPLETED
DSP-12643,RT-JAX_-LIN-03,JAX_FL,2025-03-03 09:43:00,LINEHAUL_CORRIDOR,449.7,1,33,8.98,PERISHABLE_FOOD,26,COMPLETED
DSP-12644,RT-JAX_-REG-04,JAX_FL,2025-03-03T17:05:00Z,REGIONAL_DISTRIB,286.6,5,58,8.49,PHARMA_GDP,26,COMPLETED
DSP-12645,RT-JAX_-LIN-05,JAX_FL,03/04/2025 08:46,LINEHAUL_CORRIDOR,414.5,1,30,8.3,PERISHABLE_FOOD,26,COMPLETED
DSP-12646,RT-JAX_-LOC-06,JAX_FL,2025-03-04 15:03:00,LOCAL_URBAN,127.1,10,90,9.11,PHARMA_GDP,24,COMPLETED
DSP-12647,RT-HUB_-LIN-07,HUB_03,2025-03-04T17:02:00Z,LINEHAUL_CORRIDOR,428.0,3,25,9.23,PHARMA_GDP,26,COMPLETED
DSP-12648,RT-HUB_-LIN-08,HUB_S,03/04/2025 08:58,LINEHAUL_CORRIDOR,456.5,3,24,9.78,PERISHABLE_FOOD,26,COMPLETED
DSP-12649,RT-JAX_-REG-09,JAX_FL,2025-03-05 06:54:00,REGIONAL_DISTRIB,262.6,6,72,8.25,PERISHABLE_FOOD,26,COMPLETED
DSP-12650,RT-HUB_-REG-10,HUB_03,2025-03-05T11:49:00Z,REGIONAL_DISTRIB,304.4,4,77,8.58,PERISHABLE_FOOD,26,COMPLETED
DSP-12651,RT-JAX_-REG-11,JAX_FL,03/05/2025 13:57,REGIONAL_DISTRIB,303.8,5,67,8.9,PHARMA_GDP,26,COMPLETED
DSP-12652,RT-JAX_-REG-12,JAX_FL,2025-03-05 06:24:00,REGIONAL_DISTRIB,294.9,5,61,8.69,PERISHABLE_FOOD,26,COMPLETED
DSP-12653,RT-HUB_-LOC-13,HUB_03,2025-03-06T15:26:00Z,LOCAL_URBAN,119.9,7,83,7.78,PERISHABLE_FOOD,24,COMPLETED
DSP-12654,RT-HUB_-REG-14,HUB_S,03/06/2025 16:58,REGIONAL_DISTRIB,266.0,4,68,7.67,PHARMA_GDP,26,COMPLETED
DSP-12655,RT-HUB_-LIN-15,HUB_03,2025-03-06 11:18:00,LINEHAUL_CORRIDOR,429.8,3,36,9.27,PERISHABLE_FOOD,26,COMPLETED
DSP-12656,RT-HUB_-REG-16,HUB_03,2025-03-06T05:30:00Z,REGIONAL_DISTRIB,304.6,4,63,8.59,PERISHABLE_FOOD,26,COMPLETED
DSP-12657,RT-JAX_-REG-17,JAX_FL,03/07/2025 10:13,REGIONAL_DISTRIB,283.4,5,80,8.41,PERISHABLE_FOOD,26,COMPLETED
DSP-12658,RT-HUB_-REG-18,HUB_S,2025-03-07 09:46:00,REGIONAL_DISTRIB,275.9,5,58,8.24,PHARMA_GDP,26,COMPLETED
DSP-12659,RT-JAX_-REG-19,JAX_FL,2025-03-07T09:03:00Z,REGIONAL_DISTRIB,281.3,5,55,8.36,PHARMA_GDP,26,COMPLETED
DSP-12660,RT-JAX_-LIN-20,JAX_FL,03/07/2025 16:34,LINEHAUL_CORRIDOR,411.0,1,30,8.24,PERISHABLE_FOOD,26,COMPLETED
DSP-12661,RT-HUB_-REG-21,HUB_S,2025-03-08 08:28:00,REGIONAL_DISTRIB,262.1,6,64,8.24,PERISHABLE_FOOD,26,COMPLETED
DSP-12662,RT-JAX_-REG-22,JAX_FL,2025-03-08T06:08:00Z,REGIONAL_DISTRIB,267.8,6,65,8.38,PERISHABLE_FOOD,26,COMPLETED
DSP-12663,RT-HUB_-LIN-23,HUB_03,03/08/2025 15:34,LINEHAUL_CORRIDOR,422.8,3,38,9.13,PHARMA_GDP,26,COMPLETED
DSP-12664,RT-HUB_-REG-24,HUB_03,2025-03-08 10:39:00,REGIONAL_DISTRIB,299.1,6,83,9.12,PERISHABLE_FOOD,26,COMPLETED
DSP-12665,RT-HUB_-REG-25,HUB_S,2025-03-09T05:59:00Z,REGIONAL_DISTRIB,277.5,5,71,8.27,PHARMA_GDP,26,COMPLETED
DSP-12666,RT-HUB_-LIN-26,HUB_03,03/09/2025 16:10,LINEHAUL_CORRIDOR,439.5,3,20,9.45,PERISHABLE_FOOD,26,COMPLETED
DSP-12667,RT-JAX_-REG-27,JAX_FL,2025-03-09 08:12:00,REGIONAL_DISTRIB,260.8,5,73,7.88,PERISHABLE_FOOD,26,COMPLETED
DSP-12668,RT-HUB_-LOC-28,HUB_S,2025-03-09T17:44:00Z,LOCAL_URBAN,125.4,9,89,8.7,PERISHABLE_FOOD,24,COMPLETED
DSP-12669,RT-HUB_-LIN-29,HUB_03,03/10/2025 12:42,LINEHAUL_CORRIDOR,446.0,1,30,8.91,PERISHABLE_FOOD,26,COMPLETED
DSP-12670,RT-HUB_-LOC-30,HUB_S,2025-03-10 11:59:00,LOCAL_URBAN,112.4,10,109,8.44,PERISHABLE_FOOD,26,COMPLETED
DSP-12671,RT-HUB_-LIN-31,HUB_03,2025-03-10T16:47:00Z,LINEHAUL_CORRIDOR,416.8,2,22,8.68,PERISHABLE_FOOD,26,COMPLETED
DSP-12672,RT-JAX_-REG-32,JAX_FL,03/10/2025 14:50,REGIONAL_DISTRIB,267.2,4,71,7.7,PERISHABLE_FOOD,26,COMPLETED
DSP-12673,RT-JAX_-LIN-33,JAX_FL,2025-03-11 09:11:00,LINEHAUL_CORRIDOR,451.8,2,23,9.36,PERISHABLE_FOOD,26,COMPLETED
DSP-12674,RT-HUB_-LIN-34,HUB_S,2025-03-11T17:09:00Z,LINEHAUL_CORRIDOR,435.8,3,40,9.38,PHARMA_GDP,26,COMPLETED
DSP-12675,RT-HUB_-REG-35,HUB_S,03/11/2025 12:42,REGIONAL_DISTRIB,297.7,5,84,8.75,PERISHABLE_FOOD,26,COMPLETED
DSP-12676,RT-HUB_-REG-36,HUB_03,2025-03-11 10:35:00,REGIONAL_DISTRIB,298.0,4,76,8.43,PERISHABLE_FOOD,26,COMPLETED
DSP-12677,RT-JAX_-LIN-37,JAX_FL,2025-03-12T10:19:00Z,LINEHAUL_CORRIDOR,457.9,1,34,9.14,PERISHABLE_FOOD,26,COMPLETED
DSP-12678,RT-HUB_-LIN-38,HUB_03,03/12/2025 12:29,LINEHAUL_CORRIDOR,459.3,3,29,9.83,PHARMA_GDP,26,COMPLETED
DSP-12679,RT-HUB_-REG-39,HUB_S,2025-03-12 08:26:00,REGIONAL_DISTRIB,266.5,6,70,8.35,PHARMA_GDP,26,COMPLETED
DSP-12680,RT-HUB_-REG-40,HUB_03,2025-03-12T11:22:00Z,REGIONAL_DISTRIB,285.8,4,77,8.14,PERISHABLE_FOOD,26,COMPLETED
DSP-12681,RT-JAX_-REG-01,JAX_FL,03/13/2025 17:59,REGIONAL_DISTRIB,288.7,4,76,8.21,PERISHABLE_FOOD,26,COMPLETED
DSP-12682,RT-JAX_-REG-02,JAX_FL,2025-03-13 10:50:00,REGIONAL_DISTRIB,271.7,6,80,8.47,PERISHABLE_FOOD,26,COMPLETED
DSP-12683,RT-JAX_-LOC-03,JAX_FL,2025-03-13T13:34:00Z,LOCAL_URBAN,130.5,7,108,8.27,PERISHABLE_FOOD,25,COMPLETED
DSP-12684,RT-HUB_-REG-04,HUB_S,03/13/2025 07:55,REGIONAL_DISTRIB,287.1,6,73,8.84,PHARMA_GDP,26,COMPLETED
DSP-12685,RT-HUB_-REG-05,HUB_S,2025-03-14 07:31:00,REGIONAL_DISTRIB,284.8,5,68,8.45,PHARMA_GDP,26,COMPLETED
DSP-12686,RT-HUB_-LOC-06,HUB_03,2025-03-14T18:12:00Z,LOCAL_URBAN,115.9,10,86,8.6,PHARMA_GDP,26,COMPLETED
DSP-12687,RT-JAX_-LIN-07,JAX_FL,03/14/2025 16:20,LINEHAUL_CORRIDOR,454.3,3,37,9.74,PHARMA_GDP,26,COMPLETED
DSP-12688,RT-JAX_-LIN-08,JAX_FL,2025-03-14 11:54:00,LINEHAUL_CORRIDOR,458.9,1,40,9.16,PERISHABLE_FOOD,26,COMPLETED
DSP-12689,RT-JAX_-LOC-09,JAX_FL,2025-03-15T15:05:00Z,LOCAL_URBAN,113.0,10,88,8.47,PHARMA_GDP,24,COMPLETED
DSP-12690,RT-JAX_-REG-10,JAX_FL,03/15/2025 15:49,REGIONAL_DISTRIB,270.4,5,83,8.1,PERISHABLE_FOOD,26,COMPLETED
DSP-12691,RT-HUB_-LIN-11,HUB_03,2025-03-15 13:02:00,LINEHAUL_CORRIDOR,424.6,2,21,8.83,PERISHABLE_FOOD,26,COMPLETED
DSP-12692,RT-JAX_-LIN-12,JAX_FL,2025-03-15T06:21:00Z,LINEHAUL_CORRIDOR,461.9,1,30,9.22,PHARMA_GDP,26,COMPLETED
DSP-12693,RT-HUB_-LIN-13,HUB_S,03/16/2025 11:10,LINEHAUL_CORRIDOR,456.0,3,26,9.77,PHARMA_GDP,26,COMPLETED
DSP-12694,RT-HUB_-REG-14,HUB_03,2025-03-16 15:08:00,REGIONAL_DISTRIB,300.7,5,59,8.83,PERISHABLE_FOOD,26,COMPLETED
DSP-12695,RT-JAX_-REG-15,JAX_FL,2025-03-16T14:04:00Z,REGIONAL_DISTRIB,272.3,5,63,8.15,PHARMA_GDP,26,COMPLETED
DSP-12696,RT-HUB_-REG-16,HUB_S,03/16/2025 17:39,REGIONAL_DISTRIB,273.9,5,85,8.19,PHARMA_GDP,26,COMPLETED
DSP-12697,RT-JAX_-LIN-17,JAX_FL,2025-03-17 06:50:00,LINEHAUL_CORRIDOR,461.0,1,32,9.2,PERISHABLE_FOOD,26,COMPLETED
DSP-12698,RT-HUB_-LIN-18,HUB_03,2025-03-17T13:09:00Z,LINEHAUL_CORRIDOR,456.6,3,22,9.78,PERISHABLE_FOOD,26,COMPLETED
DSP-12699,RT-HUB_-LIN-19,HUB_S,03/17/2025 10:57,LINEHAUL_CORRIDOR,418.5,3,29,9.05,PERISHABLE_FOOD,26,COMPLETED
DSP-12700,RT-HUB_-REG-20,HUB_03,2025-03-17 17:57:00,REGIONAL_DISTRIB,281.3,5,55,8.36,PERISHABLE_FOOD,26,COMPLETED
DSP-12701,RT-HUB_-LIN-21,HUB_03,2025-03-18T14:50:00Z,LINEHAUL_CORRIDOR,458.9,1,33,9.16,PHARMA_GDP,26,COMPLETED
DSP-12702,RT-HUB_-REG-22,HUB_03,03/18/2025 10:58,REGIONAL_DISTRIB,269.4,4,66,7.75,PERISHABLE_FOOD,26,COMPLETED
DSP-12703,RT-HUB_-REG-23,HUB_S,2025-03-18 13:55:00,REGIONAL_DISTRIB,291.6,4,76,8.28,PERISHABLE_FOOD,26,COMPLETED
DSP-12704,RT-JAX_-REG-24,JAX_FL,2025-03-18T17:12:00Z,REGIONAL_DISTRIB,261.7,6,81,8.23,PHARMA_GDP,26,COMPLETED
DSP-12705,RT-HUB_-LIN-25,HUB_S,03/19/2025 07:05,LINEHAUL_CORRIDOR,423.6,1,29,8.48,PHARMA_GDP,26,COMPLETED
DSP-12706,RT-JAX_-REG-26,JAX_FL,2025-03-19 08:49:00,REGIONAL_DISTRIB,271.1,5,80,8.12,PHARMA_GDP,26,COMPLETED
DSP-12707,RT-HUB_-LIN-27,HUB_03,2025-03-19T17:10:00Z,LINEHAUL_CORRIDOR,452.5,2,25,9.37,PERISHABLE_FOOD,26,COMPLETED
DSP-12708,RT-JAX_-REG-28,JAX_FL,03/19/2025 11:34,REGIONAL_DISTRIB,263.7,6,70,8.28,PHARMA_GDP,26,COMPLETED
DSP-12709,RT-HUB_-LOC-29,HUB_03,2025-03-20 12:06:00,LOCAL_URBAN,114.0,8,84,7.85,PERISHABLE_FOOD,24,COMPLETED
DSP-12710,RT-JAX_-LIN-30,JAX_FL,2025-03-20T10:12:00Z,LINEHAUL_CORRIDOR,427.2,1,27,8.55,PERISHABLE_FOOD,26,COMPLETED
DSP-12711,RT-JAX_-LIN-31,JAX_FL,03/20/2025 17:58,LINEHAUL_CORRIDOR,452.3,2,37,9.36,PHARMA_GDP,26,COMPLETED
DSP-12712,RT-JAX_-LIN-32,JAX_FL,2025-03-20 16:10:00,LINEHAUL_CORRIDOR,445.5,3,24,9.57,PERISHABLE_FOOD,26,COMPLETED
DSP-12713,RT-HUB_-LIN-33,HUB_S,2025-03-21T16:31:00Z,LINEHAUL_CORRIDOR,411.7,1,33,8.25,PERISHABLE_FOOD,26,COMPLETED
DSP-12714,RT-JAX_-REG-34,JAX_FL,03/21/2025 11:54,REGIONAL_DISTRIB,291.8,4,58,8.28,PERISHABLE_FOOD,26,COMPLETED
DSP-12715,RT-HUB_-REG-35,HUB_S,2025-03-21 05:38:00,REGIONAL_DISTRIB,277.0,5,68,8.26,PERISHABLE_FOOD,26,COMPLETED
DSP-12716,RT-JAX_-REG-36,JAX_FL,2025-03-21T08:20:00Z,REGIONAL_DISTRIB,270.8,4,80,7.78,PERISHABLE_FOOD,26,COMPLETED
DSP-12717,RT-HUB_-LOC-37,HUB_S,03/22/2025 05:34,LOCAL_URBAN,127.5,8,97,8.46,PERISHABLE_FOOD,26,COMPLETED
DSP-12718,RT-HUB_-LIN-38,HUB_S,2025-03-22 11:09:00,LINEHAUL_CORRIDOR,468.3,3,27,10.01,PERISHABLE_FOOD,26,COMPLETED
DSP-12719,RT-HUB_-REG-39,HUB_S,2025-03-22T10:22:00Z,REGIONAL_DISTRIB,280.4,4,65,8.01,PHARMA_GDP,26,COMPLETED
DSP-12720,RT-HUB_-REG-40,HUB_03,03/22/2025 06:59,REGIONAL_DISTRIB,287.8,4,62,8.19,PERISHABLE_FOOD,26,COMPLETED
DSP-12721,RT-HUB_-LIN-01,HUB_03,2025-03-23 05:37:00,LINEHAUL_CORRIDOR,436.1,2,24,9.05,PERISHABLE_FOOD,26,COMPLETED
DSP-12722,RT-HUB_-REG-02,HUB_S,2025-03-23T17:27:00Z,REGIONAL_DISTRIB,265.8,4,57,7.66,PERISHABLE_FOOD,26,COMPLETED
DSP-12723,RT-JAX_-REG-03,JAX_FL,03/23/2025 12:24,REGIONAL_DISTRIB,276.0,4,75,7.9,PHARMA_GDP,26,COMPLETED
DSP-12724,RT-HUB_-REG-04,HUB_S,2025-03-23 05:41:00,REGIONAL_DISTRIB,262.0,4,84,7.57,PERISHABLE_FOOD,26,COMPLETED
DSP-12725,RT-HUB_-REG-05,HUB_03,2025-03-24T17:48:00Z,REGIONAL_DISTRIB,292.8,4,81,8.3,PERISHABLE_FOOD,26,COMPLETED
DSP-12726,RT-HUB_-LIN-06,HUB_03,03/24/2025 14:30,LINEHAUL_CORRIDOR,434.0,1,25,8.68,PERISHABLE_FOOD,26,COMPLETED
DSP-12727,RT-HUB_-LIN-07,HUB_S,2025-03-24 11:13:00,LINEHAUL_CORRIDOR,414.0,2,28,8.63,PHARMA_GDP,26,COMPLETED
DSP-12728,RT-JAX_-LIN-08,JAX_FL,2025-03-24T14:03:00Z,LINEHAUL_CORRIDOR,418.9,1,23,8.39,PHARMA_GDP,26,COMPLETED
DSP-12729,RT-HUB_-REG-09,HUB_03,03/25/2025 09:45,REGIONAL_DISTRIB,266.0,6,55,8.33,PHARMA_GDP,26,COMPLETED
DSP-12730,RT-JAX_-REG-10,JAX_FL,2025-03-25 13:33:00,REGIONAL_DISTRIB,264.3,4,56,7.63,PERISHABLE_FOOD,26,COMPLETED
DSP-12731,RT-JAX_-REG-11,JAX_FL,2025-03-25T10:35:00Z,REGIONAL_DISTRIB,281.6,4,57,8.04,PHARMA_GDP,26,COMPLETED
DSP-12732,RT-HUB_-REG-12,HUB_03,03/25/2025 13:21,REGIONAL_DISTRIB,281.7,5,60,8.37,PERISHABLE_FOOD,26,COMPLETED
DSP-12733,RT-JAX_-REG-13,JAX_FL,2025-03-26 11:49:00,REGIONAL_DISTRIB,262.0,6,67,8.24,PERISHABLE_FOOD,26,COMPLETED
DSP-12734,RT-HUB_-LIN-14,HUB_03,2025-03-26T12:22:00Z,LINEHAUL_CORRIDOR,434.4,3,40,9.35,PERISHABLE_FOOD,26,COMPLETED
DSP-12735,RT-HUB_-REG-15,HUB_S,03/26/2025 17:17,REGIONAL_DISTRIB,296.4,4,66,8.39,PERISHABLE_FOOD,26,COMPLETED
DSP-12736,RT-HUB_-LOC-16,HUB_03,2025-03-26 11:11:00,LOCAL_URBAN,114.6,7,91,7.54,PERISHABLE_FOOD,25,COMPLETED
DSP-12737,RT-HUB_-LIN-17,HUB_03,2025-03-27T06:48:00Z,LINEHAUL_CORRIDOR,411.1,2,24,8.57,PHARMA_GDP,26,COMPLETED
DSP-12738,RT-HUB_-REG-18,HUB_S,03/27/2025 17:07,REGIONAL_DISTRIB,281.6,4,65,8.04,PHARMA_GDP,26,COMPLETED
DSP-12739,RT-HUB_-LOC-19,HUB_S,2025-03-27 13:39:00,LOCAL_URBAN,131.5,10,95,9.31,PHARMA_GDP,26,COMPLETED
DSP-12740,RT-HUB_-REG-20,HUB_S,2025-03-27T08:12:00Z,REGIONAL_DISTRIB,261.4,5,62,7.89,PERISHABLE_FOOD,26,COMPLETED
DSP-12741,RT-HUB_-REG-21,HUB_03,03/28/2025 06:37,REGIONAL_DISTRIB,289.5,4,85,8.23,PERISHABLE_FOOD,26,COMPLETED
DSP-12742,RT-HUB_-REG-22,HUB_03,2025-03-28 10:41:00,REGIONAL_DISTRIB,269.4,6,58,8.41,PHARMA_GDP,26,COMPLETED
DSP-12743,RT-HUB_-LIN-23,HUB_S,2025-03-28T15:48:00Z,LINEHAUL_CORRIDOR,419.5,3,39,9.07,PHARMA_GDP,26,COMPLETED
DSP-12744,RT-HUB_-REG-24,HUB_S,03/28/2025 12:20,REGIONAL_DISTRIB,282.5,5,79,8.39,PERISHABLE_FOOD,26,VOID_TEST
DSP-12745,RT-HUB_-REG-25,HUB_03,2025-03-29 17:21:00,REGIONAL_DISTRIB,279.4,4,63,7.99,PHARMA_GDP,26,COMPLETED
DSP-12746,RT-HUB_-REG-26,HUB_03,2025-03-29T10:12:00Z,REGIONAL_DISTRIB,293.8,6,76,9.0,PERISHABLE_FOOD,26,COMPLETED
DSP-12747,RT-JAX_-REG-27,JAX_FL,03/29/2025 17:35,REGIONAL_DISTRIB,268.0,5,81,8.05,PHARMA_GDP,26,COMPLETED
DSP-12748,RT-HUB_-LIN-28,HUB_S,2025-03-29 10:01:00,LINEHAUL_CORRIDOR,468.9,2,31,9.68,PERISHABLE_FOOD,26,COMPLETED
DSP-12749,RT-HUB_-LIN-29,HUB_03,2025-03-30T11:49:00Z,LINEHAUL_CORRIDOR,432.2,1,40,8.64,PERISHABLE_FOOD,26,COMPLETED
DSP-12750,RT-HUB_-LIN-30,HUB_03,03/30/2025 07:48,LINEHAUL_CORRIDOR,432.2,1,32,8.64,PERISHABLE_FOOD,26,COMPLETED
DSP-12751,RT-HUB_-LIN-31,HUB_03,2025-03-30 09:05:00,LINEHAUL_CORRIDOR,433.6,3,30,9.34,PERISHABLE_FOOD,26,COMPLETED
DSP-12752,RT-JAX_-REG-32,JAX_FL,2025-03-30T16:45:00Z,REGIONAL_DISTRIB,278.3,6,83,8.63,PERISHABLE_FOOD,26,COMPLETED
DSP-12753,RT-HUB_-LIN-33,HUB_S,03/31/2025 09:36,LINEHAUL_CORRIDOR,452.4,2,35,9.37,PERISHABLE_FOOD,26,COMPLETED
DSP-12754,RT-HUB_-LOC-34,HUB_S,2025-03-31 08:50:00,LOCAL_URBAN,121.4,10,92,8.85,PERISHABLE_FOOD,26,COMPLETED
DSP-12755,RT-JAX_-REG-35,JAX_FL,2025-03-31T12:20:00Z,REGIONAL_DISTRIB,284.7,6,78,8.78,PERISHABLE_FOOD,26,COMPLETED
DSP-12756,RT-JAX_-REG-36,JAX_FL,03/31/2025 11:36,REGIONAL_DISTRIB,273.3,5,73,8.17,PERISHABLE_FOOD,26,COMPLETED
DSP-12757,RT-HUB_-REG-37,HUB_S,2025-04-01 16:59:00,REGIONAL_DISTRIB,282.5,4,67,8.06,PERISHABLE_FOOD,26,COMPLETED
DSP-12758,RT-HUB_-LOC-38,HUB_S,2025-04-01T16:40:00Z,LOCAL_URBAN,130.2,10,88,9.25,PHARMA_GDP,25,COMPLETED
DSP-12759,RT-HUB_-LIN-39,HUB_S,04/01/2025 14:27,LINEHAUL_CORRIDOR,426.4,3,33,9.2,PERISHABLE_FOOD,26,COMPLETED
DSP-12760,RT-JAX_-REG-40,JAX_FL,2025-04-01 17:42:00,REGIONAL_DISTRIB,269.4,4,58,7.75,PERISHABLE_FOOD,26,COMPLETED
DSP-12761,RT-HUB_-LIN-01,HUB_03,2025-04-02T17:07:00Z,LINEHAUL_CORRIDOR,436.5,1,30,8.73,PERISHABLE_FOOD,26,COMPLETED
DSP-12762,RT-JAX_-LOC-02,JAX_FL,04/02/2025 09:08,LOCAL_URBAN,131.1,9,102,8.96,PERISHABLE_FOOD,24,COMPLETED
DSP-12763,RT-HUB_-LIN-03,HUB_S,2025-04-02 08:55:00,LINEHAUL_CORRIDOR,445.1,3,40,9.56,PERISHABLE_FOOD,26,COMPLETED
DSP-12764,RT-HUB_-REG-04,HUB_03,2025-04-02T17:28:00Z,REGIONAL_DISTRIB,289.9,6,58,8.9,PHARMA_GDP,26,COMPLETED
DSP-12765,RT-HUB_-REG-05,HUB_03,04/03/2025 12:13,REGIONAL_DISTRIB,264.0,5,69,7.95,PERISHABLE_FOOD,26,COMPLETED
DSP-12766,RT-HUB_-REG-06,HUB_S,2025-04-03 06:40:00,REGIONAL_DISTRIB,269.9,4,56,7.76,PHARMA_GDP,26,COMPLETED
DSP-12767,RT-JAX_-LOC-07,JAX_FL,2025-04-03T18:18:00Z,LOCAL_URBAN,120.0,8,97,8.12,PERISHABLE_FOOD,24,COMPLETED
DSP-12768,RT-HUB_-REG-08,HUB_S,04/03/2025 13:12,REGIONAL_DISTRIB,303.7,4,70,8.56,PERISHABLE_FOOD,26,COMPLETED
DSP-12769,RT-JAX_-REG-09,JAX_FL,2025-04-04 07:16:00,REGIONAL_DISTRIB,295.8,5,56,8.71,PERISHABLE_FOOD,26,COMPLETED
DSP-12770,RT-HUB_-LIN-10,HUB_S,2025-04-04T13:35:00Z,LINEHAUL_CORRIDOR,439.6,1,21,8.79,PHARMA_GDP,26,COMPLETED
DSP-12771,RT-HUB_-LIN-11,HUB_S,04/04/2025 17:31,LINEHAUL_CORRIDOR,444.7,3,38,9.55,PERISHABLE_FOOD,26,COMPLETED
DSP-12772,RT-HUB_-REG-12,HUB_03,2025-04-04 12:29:00,REGIONAL_DISTRIB,301.5,4,59,8.51,PERISHABLE_FOOD,26,COMPLETED
DSP-12773,RT-JAX_-LIN-13,JAX_FL,2025-04-05T09:39:00Z,LINEHAUL_CORRIDOR,454.9,1,39,9.08,PERISHABLE_FOOD,26,COMPLETED
DSP-12774,RT-HUB_-REG-14,HUB_S,04/05/2025 05:43,REGIONAL_DISTRIB,300.3,5,64,8.82,PERISHABLE_FOOD,26,COMPLETED
DSP-12775,RT-HUB_-REG-15,HUB_S,2025-04-05 09:28:00,REGIONAL_DISTRIB,291.3,6,76,8.94,PHARMA_GDP,26,COMPLETED
DSP-12776,RT-HUB_-LOC-16,HUB_S,2025-04-05T09:26:00Z,LOCAL_URBAN,129.7,7,85,8.23,PERISHABLE_FOOD,24,COMPLETED
DSP-12777,RT-JAX_-LOC-17,JAX_FL,04/06/2025 16:25,LOCAL_URBAN,127.0,7,88,8.11,PHARMA_GDP,25,VOID_TEST
DSP-12778,RT-JAX_-REG-18,JAX_FL,2025-04-06 15:49:00,REGIONAL_DISTRIB,289.5,5,57,8.56,PHARMA_GDP,26,COMPLETED
DSP-12779,RT-HUB_-LIN-19,HUB_03,2025-04-06T13:53:00Z,LINEHAUL_CORRIDOR,414.5,3,26,8.97,PERISHABLE_FOOD,26,COMPLETED
DSP-12780,RT-HUB_-LIN-20,HUB_03,04/06/2025 06:28,LINEHAUL_CORRIDOR,421.3,1,27,8.44,PERISHABLE_FOOD,26,COMPLETED
DSP-12781,RT-HUB_-REG-21,HUB_03,2025-04-07 07:45:00,REGIONAL_DISTRIB,265.0,5,58,7.98,PERISHABLE_FOOD,26,COMPLETED
DSP-12782,RT-HUB_-REG-22,HUB_S,2025-04-07T08:51:00Z,REGIONAL_DISTRIB,299.5,4,77,8.46,PHARMA_GDP,26,COMPLETED
DSP-12783,RT-JAX_-REG-23,JAX_FL,04/07/2025 10:51,REGIONAL_DISTRIB,303.5,4,67,8.56,PHARMA_GDP,26,COMPLETED
DSP-12784,RT-HUB_-LOC-24,HUB_03,2025-04-07 10:48:00,LOCAL_URBAN,126.4,9,84,8.75,PHARMA_GDP,26,COMPLETED
DSP-12785,RT-HUB_-LIN-25,HUB_S,2025-04-08T14:03:00Z,LINEHAUL_CORRIDOR,438.0,3,39,9.42,PERISHABLE_FOOD,26,COMPLETED
DSP-12786,RT-HUB_-REG-26,HUB_03,04/08/2025 05:31,REGIONAL_DISTRIB,287.2,6,73,8.84,PERISHABLE_FOOD,26,COMPLETED
DSP-12787,RT-JAX_-LIN-27,JAX_FL,2025-04-08 08:53:00,LINEHAUL_CORRIDOR,452.0,2,33,9.36,PERISHABLE_FOOD,26,COMPLETED
DSP-12788,RT-JAX_-REG-28,JAX_FL,2025-04-08T12:39:00Z,REGIONAL_DISTRIB,266.6,4,69,7.68,PERISHABLE_FOOD,26,COMPLETED
DSP-12789,RT-HUB_-LIN-29,HUB_S,04/09/2025 12:31,LINEHAUL_CORRIDOR,431.7,2,20,8.97,PHARMA_GDP,26,COMPLETED
DSP-12790,RT-HUB_-REG-30,HUB_S,2025-04-09 12:02:00,REGIONAL_DISTRIB,305.0,5,58,8.93,PERISHABLE_FOOD,26,COMPLETED
DSP-12791,RT-HUB_-LIN-31,HUB_03,2025-04-09T05:30:00Z,LINEHAUL_CORRIDOR,425.6,3,36,9.18,PERISHABLE_FOOD,26,COMPLETED
DSP-12792,RT-HUB_-REG-32,HUB_03,04/09/2025 12:38,REGIONAL_DISTRIB,287.0,6,63,8.83,PERISHABLE_FOOD,26,COMPLETED
DSP-12793,RT-HUB_-REG-33,HUB_S,2025-04-10 18:12:00,REGIONAL_DISTRIB,267.6,6,78,8.37,PHARMA_GDP,26,COMPLETED
DSP-12794,RT-HUB_-LOC-34,HUB_S,2025-04-10T13:47:00Z,LOCAL_URBAN,113.7,8,115,7.83,PHARMA_GDP,24,COMPLETED
DSP-12795,RT-HUB_-REG-35,HUB_S,04/10/2025 05:47,REGIONAL_DISTRIB,276.1,6,73,8.57,PERISHABLE_FOOD,26,COMPLETED
DSP-12796,RT-JAX_-LIN-36,JAX_FL,2025-04-10 16:37:00,LINEHAUL_CORRIDOR,426.1,3,23,9.19,PHARMA_GDP,26,COMPLETED
DSP-12797,RT-HUB_-REG-37,HUB_03,2025-04-11T07:40:00Z,REGIONAL_DISTRIB,297.2,5,61,8.74,PHARMA_GDP,26,COMPLETED
DSP-12798,RT-JAX_-REG-38,JAX_FL,04/11/2025 07:10,REGIONAL_DISTRIB,301.6,4,80,8.51,PERISHABLE_FOOD,26,COMPLETED
DSP-12799,RT-JAX_-REG-39,JAX_FL,2025-04-11 05:38:00,REGIONAL_DISTRIB,282.0,4,74,8.05,PERISHABLE_FOOD,26,COMPLETED
DSP-12800,RT-HUB_-LIN-40,HUB_S,2025-04-11T08:49:00Z,LINEHAUL_CORRIDOR,411.4,2,23,8.58,PERISHABLE_FOOD,26,COMPLETED
DSP-12801,RT-HUB_-LIN-01,HUB_03,04/12/2025 10:00,LINEHAUL_CORRIDOR,417.6,3,23,9.03,PERISHABLE_FOOD,26,COMPLETED
DSP-12802,RT-HUB_-REG-02,HUB_03,2025-04-12 16:02:00,REGIONAL_DISTRIB,299.8,4,72,8.47,PHARMA_GDP,26,COMPLETED
DSP-12803,RT-JAX_-REG-03,JAX_FL,2025-04-12T15:44:00Z,REGIONAL_DISTRIB,277.3,5,70,8.27,PERISHABLE_FOOD,26,COMPLETED
DSP-12804,RT-JAX_-LIN-04,JAX_FL,04/12/2025 10:29,LINEHAUL_CORRIDOR,450.1,1,27,8.99,PERISHABLE_FOOD,26,COMPLETED
DSP-12805,RT-HUB_-LIN-05,HUB_S,2025-04-13 13:50:00,LINEHAUL_CORRIDOR,434.1,3,20,9.35,PHARMA_GDP,26,COMPLETED
DSP-12806,RT-HUB_-LIN-06,HUB_03,2025-04-13T08:06:00Z,LINEHAUL_CORRIDOR,445.5,2,20,9.23,PERISHABLE_FOOD,26,COMPLETED
DSP-12807,RT-HUB_-LIN-07,HUB_S,04/13/2025 11:27,LINEHAUL_CORRIDOR,446.2,2,38,9.25,PERISHABLE_FOOD,26,COMPLETED
DSP-12808,RT-JAX_-LIN-08,JAX_FL,2025-04-13 10:56:00,LINEHAUL_CORRIDOR,435.7,2,22,9.05,PERISHABLE_FOOD,26,COMPLETED
DSP-12809,RT-HUB_-REG-09,HUB_S,2025-04-14T10:39:00Z,REGIONAL_DISTRIB,272.3,5,83,8.15,PHARMA_GDP,26,COMPLETED
DSP-12810,RT-HUB_-LIN-10,HUB_S,04/14/2025 07:52,LINEHAUL_CORRIDOR,435.1,3,22,9.37,PHARMA_GDP,26,COMPLETED
DSP-12811,RT-HUB_-REG-11,HUB_S,2025-04-14 16:09:00,REGIONAL_DISTRIB,268.8,6,67,8.4,PERISHABLE_FOOD,26,COMPLETED
DSP-12812,RT-HUB_-REG-12,HUB_03,2025-04-14T18:26:00Z,REGIONAL_DISTRIB,280.7,5,82,8.35,PERISHABLE_FOOD,26,COMPLETED
DSP-12813,RT-JAX_-REG-13,JAX_FL,04/15/2025 08:49,REGIONAL_DISTRIB,268.3,6,59,8.39,PERISHABLE_FOOD,26,COMPLETED
DSP-12814,RT-HUB_-REG-14,HUB_S,2025-04-15 10:45:00,REGIONAL_DISTRIB,280.4,4,64,8.01,PHARMA_GDP,26,COMPLETED
DSP-12815,RT-HUB_-REG-15,HUB_03,2025-04-15T11:41:00Z,REGIONAL_DISTRIB,274.7,5,65,8.21,PERISHABLE_FOOD,26,COMPLETED
DSP-12816,RT-JAX_-LIN-16,JAX_FL,04/15/2025 09:18,LINEHAUL_CORRIDOR,410.9,2,25,8.57,PHARMA_GDP,26,COMPLETED
DSP-12817,RT-JAX_-LOC-17,JAX_FL,2025-04-16 06:50:00,LOCAL_URBAN,129.9,9,102,8.9,PHARMA_GDP,24,COMPLETED
DSP-12818,RT-HUB_-REG-18,HUB_S,2025-04-16T14:57:00Z,REGIONAL_DISTRIB,270.2,5,55,8.1,PERISHABLE_FOOD,26,COMPLETED
DSP-12819,RT-JAX_-REG-19,JAX_FL,04/16/2025 14:38,REGIONAL_DISTRIB,264.1,4,58,7.62,PERISHABLE_FOOD,26,COMPLETED
DSP-12820,RT-HUB_-REG-20,HUB_S,2025-04-16 11:13:00,REGIONAL_DISTRIB,278.3,6,84,8.63,PERISHABLE_FOOD,26,COMPLETED
DSP-12821,RT-HUB_-LIN-21,HUB_S,2025-04-17T11:44:00Z,LINEHAUL_CORRIDOR,432.9,1,35,8.66,PERISHABLE_FOOD,26,COMPLETED
DSP-12822,RT-HUB_-LIN-22,HUB_03,04/17/2025 10:04,LINEHAUL_CORRIDOR,468.3,1,27,9.34,PERISHABLE_FOOD,26,COMPLETED
DSP-12823,RT-HUB_-LOC-23,HUB_03,2025-04-17 07:06:00,LOCAL_URBAN,113.8,10,86,8.51,PERISHABLE_FOOD,24,COMPLETED
DSP-12824,RT-HUB_-REG-24,HUB_S,2025-04-17T05:33:00Z,REGIONAL_DISTRIB,287.9,5,74,8.52,PERISHABLE_FOOD,26,COMPLETED
DSP-12825,RT-HUB_-LIN-25,HUB_S,04/18/2025 10:54,LINEHAUL_CORRIDOR,448.9,2,23,9.3,PHARMA_GDP,26,COMPLETED
DSP-12826,RT-JAX_-REG-26,JAX_FL,2025-04-18 06:16:00,REGIONAL_DISTRIB,282.2,6,78,8.72,PHARMA_GDP,26,COMPLETED
DSP-12827,RT-JAX_-LIN-27,JAX_FL,2025-04-18T17:21:00Z,LINEHAUL_CORRIDOR,418.6,1,29,8.38,PERISHABLE_FOOD,26,COMPLETED
DSP-12828,RT-HUB_-LIN-28,HUB_S,04/18/2025 18:04,LINEHAUL_CORRIDOR,415.0,2,40,8.65,PERISHABLE_FOOD,26,COMPLETED
DSP-12829,RT-HUB_-REG-29,HUB_03,2025-04-19 06:20:00,REGIONAL_DISTRIB,273.0,6,64,8.5,PERISHABLE_FOOD,26,COMPLETED
DSP-12830,RT-JAX_-REG-30,JAX_FL,2025-04-19T07:12:00Z,REGIONAL_DISTRIB,294.1,4,76,8.34,PERISHABLE_FOOD,26,COMPLETED
DSP-12831,RT-HUB_-REG-31,HUB_03,04/19/2025 16:00,REGIONAL_DISTRIB,278.9,5,65,8.31,PHARMA_GDP,26,COMPLETED
DSP-12832,RT-HUB_-LOC-32,HUB_03,2025-04-19 15:50:00,LOCAL_URBAN,110.7,8,115,7.7,PHARMA_GDP,26,COMPLETED
DSP-12833,RT-HUB_-REG-33,HUB_S,2025-04-20T08:34:00Z,REGIONAL_DISTRIB,263.3,6,74,8.27,PHARMA_GDP,26,COMPLETED
DSP-12834,RT-HUB_-REG-34,HUB_03,04/20/2025 15:57,REGIONAL_DISTRIB,284.6,5,55,8.44,PHARMA_GDP,26,COMPLETED
DSP-12835,RT-HUB_-LOC-35,HUB_S,2025-04-20 07:34:00,LOCAL_URBAN,115.0,10,87,8.56,PERISHABLE_FOOD,26,COMPLETED
DSP-12836,RT-HUB_-LIN-36,HUB_03,2025-04-20T09:28:00Z,LINEHAUL_CORRIDOR,441.0,2,40,9.15,PERISHABLE_FOOD,26,COMPLETED
DSP-12837,RT-HUB_-REG-37,HUB_S,04/21/2025 16:45,REGIONAL_DISTRIB,266.8,5,61,8.02,PHARMA_GDP,26,COMPLETED
DSP-12838,RT-HUB_-LIN-38,HUB_03,2025-04-21 09:14:00,LINEHAUL_CORRIDOR,424.7,3,38,9.17,PERISHABLE_FOOD,26,COMPLETED
DSP-12839,RT-HUB_-LOC-39,HUB_S,2025-04-21T13:18:00Z,LOCAL_URBAN,120.9,10,104,8.83,PERISHABLE_FOOD,24,COMPLETED
DSP-12840,RT-JAX_-REG-40,JAX_FL,04/21/2025 11:51,REGIONAL_DISTRIB,282.1,6,61,8.72,PERISHABLE_FOOD,26,COMPLETED
DSP-12841,RT-HUB_-LIN-01,HUB_03,2025-04-22 16:25:00,LINEHAUL_CORRIDOR,465.2,1,21,9.28,PHARMA_GDP,26,COMPLETED
DSP-12842,RT-HUB_-LIN-02,HUB_03,2025-04-22T13:25:00Z,LINEHAUL_CORRIDOR,419.8,2,32,8.74,PHARMA_GDP,26,COMPLETED
DSP-12843,RT-HUB_-LIN-03,HUB_S,04/22/2025 10:52,LINEHAUL_CORRIDOR,432.1,1,35,8.64,PHARMA_GDP,26,COMPLETED
DSP-12844,RT-HUB_-REG-04,HUB_S,2025-04-22 15:00:00,REGIONAL_DISTRIB,297.5,6,67,9.08,PHARMA_GDP,26,COMPLETED
DSP-12845,RT-HUB_-REG-05,HUB_03,2025-04-23T18:06:00Z,REGIONAL_DISTRIB,283.0,6,68,8.74,PHARMA_GDP,26,COMPLETED
DSP-12846,RT-HUB_-LIN-06,HUB_03,04/23/2025 12:07,LINEHAUL_CORRIDOR,411.3,2,40,8.58,PHARMA_GDP,26,COMPLETED
DSP-12847,RT-JAX_-REG-07,JAX_FL,2025-04-23 12:19:00,REGIONAL_DISTRIB,277.2,5,82,8.27,PHARMA_GDP,26,COMPLETED
DSP-12848,RT-HUB_-LIN-08,HUB_03,2025-04-23T16:31:00Z,LINEHAUL_CORRIDOR,452.7,1,39,9.04,PERISHABLE_FOOD,26,COMPLETED
DSP-12849,RT-JAX_-LIN-09,JAX_FL,04/24/2025 09:57,LINEHAUL_CORRIDOR,425.4,2,24,8.85,PHARMA_GDP,26,COMPLETED
DSP-12850,RT-JAX_-REG-10,JAX_FL,2025-04-24 13:05:00,REGIONAL_DISTRIB,260.2,4,80,7.53,PHARMA_GDP,26,COMPLETED
DSP-12851,RT-JAX_-LIN-11,JAX_FL,2025-04-24T13:16:00Z,LINEHAUL_CORRIDOR,452.0,3,20,9.69,PHARMA_GDP,26,COMPLETED
DSP-12852,RT-HUB_-REG-12,HUB_S,04/24/2025 05:43,REGIONAL_DISTRIB,298.9,5,77,8.78,PERISHABLE_FOOD,26,COMPLETED
DSP-12853,RT-JAX_-REG-13,JAX_FL,2025-04-25 17:45:00,REGIONAL_DISTRIB,264.2,5,72,7.96,PERISHABLE_FOOD,26,COMPLETED
DSP-12854,RT-JAX_-LIN-14,JAX_FL,2025-04-25T10:34:00Z,LINEHAUL_CORRIDOR,419.4,1,38,8.4,PERISHABLE_FOOD,26,COMPLETED
DSP-12855,RT-HUB_-REG-15,HUB_03,04/25/2025 15:44,REGIONAL_DISTRIB,294.5,5,55,8.68,PHARMA_GDP,26,COMPLETED
DSP-12856,RT-JAX_-REG-16,JAX_FL,2025-04-25 06:22:00,REGIONAL_DISTRIB,260.2,4,59,7.53,PERISHABLE_FOOD,26,COMPLETED
DSP-12857,RT-HUB_-LIN-17,HUB_S,2025-04-26T07:54:00Z,LINEHAUL_CORRIDOR,453.2,3,29,9.72,PERISHABLE_FOOD,26,COMPLETED
DSP-12858,RT-JAX_-REG-18,JAX_FL,04/26/2025 06:20,REGIONAL_DISTRIB,304.7,4,68,8.59,PERISHABLE_FOOD,26,COMPLETED
DSP-12859,RT-JAX_-REG-19,JAX_FL,2025-04-26 11:30:00,REGIONAL_DISTRIB,278.2,6,78,8.62,PERISHABLE_FOOD,26,COMPLETED
DSP-12860,RT-JAX_-REG-20,JAX_FL,2025-04-26T06:05:00Z,REGIONAL_DISTRIB,287.3,5,83,8.51,PERISHABLE_FOOD,26,COMPLETED
DSP-12861,RT-HUB_-REG-21,HUB_03,04/27/2025 10:09,REGIONAL_DISTRIB,292.2,4,58,8.29,PERISHABLE_FOOD,26,COMPLETED
DSP-12862,RT-HUB_-LIN-22,HUB_S,2025-04-27 06:36:00,LINEHAUL_CORRIDOR,465.8,2,21,9.62,PERISHABLE_FOOD,26,COMPLETED
DSP-12863,RT-HUB_-REG-23,HUB_03,2025-04-27T14:26:00Z,REGIONAL_DISTRIB,281.4,6,77,8.7,PERISHABLE_FOOD,26,COMPLETED
DSP-12864,RT-JAX_-LIN-24,JAX_FL,04/27/2025 05:48,LINEHAUL_CORRIDOR,444.6,3,21,9.55,PHARMA_GDP,26,COMPLETED
DSP-12865,RT-HUB_-LOC-25,HUB_S,2025-04-28 09:03:00,LOCAL_URBAN,120.1,9,84,8.46,PERISHABLE_FOOD,25,COMPLETED
DSP-12866,RT-HUB_-REG-26,HUB_S,2025-04-28T13:33:00Z,REGIONAL_DISTRIB,289.1,5,64,8.55,PERISHABLE_FOOD,26,COMPLETED
DSP-12867,RT-JAX_-REG-27,JAX_FL,04/28/2025 09:58,REGIONAL_DISTRIB,264.6,5,71,7.97,PERISHABLE_FOOD,26,COMPLETED
DSP-12868,RT-HUB_-REG-28,HUB_03,2025-04-28 18:28:00,REGIONAL_DISTRIB,261.6,6,56,8.23,PHARMA_GDP,26,COMPLETED
DSP-12869,RT-HUB_-LIN-29,HUB_03,2025-04-29T16:36:00Z,LINEHAUL_CORRIDOR,441.6,3,40,9.49,PERISHABLE_FOOD,26,COMPLETED
DSP-12870,RT-HUB_-REG-30,HUB_S,04/29/2025 06:35,REGIONAL_DISTRIB,301.8,5,80,8.85,PERISHABLE_FOOD,26,COMPLETED
DSP-12871,RT-HUB_-LIN-31,HUB_03,2025-04-29 15:42:00,LINEHAUL_CORRIDOR,433.1,2,38,9.0,PERISHABLE_FOOD,26,COMPLETED
DSP-12872,RT-HUB_-REG-32,HUB_S,2025-04-29T10:42:00Z,REGIONAL_DISTRIB,261.9,5,82,7.9,PHARMA_GDP,26,COMPLETED
DSP-12873,RT-JAX_-REG-33,JAX_FL,04/30/2025 13:53,REGIONAL_DISTRIB,286.5,5,65,8.49,PERISHABLE_FOOD,26,COMPLETED
DSP-12874,RT-HUB_-LIN-34,HUB_S,2025-04-30 11:55:00,LINEHAUL_CORRIDOR,444.7,3,36,9.55,PHARMA_GDP,26,COMPLETED
DSP-12875,RT-HUB_-REG-35,HUB_S,2025-04-30T15:51:00Z,REGIONAL_DISTRIB,295.0,5,65,8.69,PERISHABLE_FOOD,26,COMPLETED
DSP-12876,RT-HUB_-LIN-36,HUB_03,04/30/2025 17:42,LINEHAUL_CORRIDOR,435.7,2,39,9.05,PERISHABLE_FOOD,26,VOID_TEST
DSP-12877,RT-JAX_-REG-37,JAX_FL,2025-05-01 12:07:00,REGIONAL_DISTRIB,267.1,5,60,8.03,PERISHABLE_FOOD,26,COMPLETED
DSP-12878,RT-JAX_-REG-38,JAX_FL,2025-05-01T07:50:00Z,REGIONAL_DISTRIB,274.2,6,66,8.53,PERISHABLE_FOOD,26,COMPLETED
DSP-12879,RT-JAX_-REG-39,JAX_FL,05/01/2025 09:28,REGIONAL_DISTRIB,273.5,4,85,7.85,PHARMA_GDP,26,VOID_TEST
DSP-12880,RT-JAX_-LIN-40,JAX_FL,2025-05-01 14:25:00,LINEHAUL_CORRIDOR,417.5,3,20,9.03,PERISHABLE_FOOD,26,COMPLETED
DSP-12881,RT-HUB_-LIN-01,HUB_S,2025-05-02T07:26:00Z,LINEHAUL_CORRIDOR,457.6,2,34,9.47,PERISHABLE_FOOD,26,COMPLETED
DSP-12882,RT-HUB_-LOC-02,HUB_03,05/02/2025 06:19,LOCAL_URBAN,113.2,10,112,8.48,PERISHABLE_FOOD,24,COMPLETED
DSP-12883,RT-HUB_-REG-03,HUB_S,2025-05-02 07:42:00,REGIONAL_DISTRIB,263.7,4,56,7.61,PERISHABLE_FOOD,26,COMPLETED
DSP-12884,RT-HUB_-REG-04,HUB_03,2025-05-02T17:12:00Z,REGIONAL_DISTRIB,300.0,4,66,8.48,PERISHABLE_FOOD,26,COMPLETED
DSP-12885,RT-HUB_-LOC-05,HUB_03,05/03/2025 16:00,LOCAL_URBAN,125.5,10,87,9.04,PERISHABLE_FOOD,26,COMPLETED
DSP-12886,RT-HUB_-LIN-06,HUB_03,2025-05-03 09:32:00,LINEHAUL_CORRIDOR,436.1,2,32,9.05,PERISHABLE_FOOD,26,COMPLETED
DSP-12887,RT-JAX_-REG-07,JAX_FL,2025-05-03T05:31:00Z,REGIONAL_DISTRIB,283.6,4,61,8.09,PHARMA_GDP,26,COMPLETED
DSP-12888,RT-HUB_-LOC-08,HUB_03,05/03/2025 16:15,LOCAL_URBAN,133.4,9,88,9.06,PERISHABLE_FOOD,25,COMPLETED
DSP-12889,RT-HUB_-REG-09,HUB_03,2025-05-04 17:46:00,REGIONAL_DISTRIB,303.1,4,59,8.55,PERISHABLE_FOOD,26,COMPLETED
DSP-12890,RT-JAX_-LIN-10,JAX_FL,2025-05-04T11:33:00Z,LINEHAUL_CORRIDOR,437.5,2,29,9.08,PERISHABLE_FOOD,26,COMPLETED
DSP-12891,RT-HUB_-REG-11,HUB_03,05/04/2025 06:17,REGIONAL_DISTRIB,288.8,4,57,8.21,PERISHABLE_FOOD,26,COMPLETED
DSP-12892,RT-HUB_-LOC-12,HUB_S,2025-05-04 05:38:00,LOCAL_URBAN,127.7,8,106,8.47,PHARMA_GDP,26,COMPLETED
DSP-12893,RT-JAX_-REG-13,JAX_FL,2025-05-05T14:59:00Z,REGIONAL_DISTRIB,269.4,5,82,8.08,PERISHABLE_FOOD,26,COMPLETED
DSP-12894,RT-HUB_-REG-14,HUB_S,05/05/2025 07:08,REGIONAL_DISTRIB,273.0,6,77,8.5,PHARMA_GDP,26,COMPLETED
DSP-12895,RT-HUB_-REG-15,HUB_03,2025-05-05 17:02:00,REGIONAL_DISTRIB,281.2,4,81,8.03,PHARMA_GDP,26,COMPLETED
DSP-12896,RT-JAX_-REG-16,JAX_FL,2025-05-05T07:01:00Z,REGIONAL_DISTRIB,272.8,4,80,7.83,PHARMA_GDP,26,COMPLETED
DSP-12897,RT-JAX_-REG-17,JAX_FL,05/06/2025 10:24,REGIONAL_DISTRIB,276.4,6,59,8.58,PHARMA_GDP,26,COMPLETED
DSP-12898,RT-HUB_-LIN-18,HUB_S,2025-05-06 17:26:00,LINEHAUL_CORRIDOR,439.9,1,29,8.79,PHARMA_GDP,26,COMPLETED
DSP-12899,RT-JAX_-LOC-19,JAX_FL,2025-05-06T12:20:00Z,LOCAL_URBAN,123.7,7,85,7.96,PHARMA_GDP,26,COMPLETED
DSP-12900,RT-HUB_-REG-20,HUB_S,05/06/2025 13:26,REGIONAL_DISTRIB,285.2,5,63,8.46,PHARMA_GDP,26,COMPLETED
DSP-12901,RT-JAX_-REG-21,JAX_FL,2025-05-07 11:27:00,REGIONAL_DISTRIB,262.6,6,77,8.25,PERISHABLE_FOOD,26,COMPLETED
DSP-12902,RT-JAX_-LIN-22,JAX_FL,2025-05-07T05:33:00Z,LINEHAUL_CORRIDOR,432.9,3,26,9.32,PERISHABLE_FOOD,26,COMPLETED
DSP-12903,RT-JAX_-LOC-23,JAX_FL,05/07/2025 07:16,LOCAL_URBAN,130.5,8,84,8.6,PERISHABLE_FOOD,26,VOID_TEST
DSP-12904,RT-HUB_-LIN-24,HUB_03,2025-05-07 11:14:00,LINEHAUL_CORRIDOR,441.9,1,25,8.83,PERISHABLE_FOOD,26,COMPLETED
DSP-12905,RT-HUB_-REG-25,HUB_S,2025-05-08T15:17:00Z,REGIONAL_DISTRIB,299.6,6,79,9.13,PHARMA_GDP,26,COMPLETED
DSP-12906,RT-HUB_-LIN-26,HUB_03,05/08/2025 11:40,LINEHAUL_CORRIDOR,448.0,2,33,9.28,PHARMA_GDP,26,COMPLETED
DSP-12907,RT-JAX_-LOC-27,JAX_FL,2025-05-08 15:57:00,LOCAL_URBAN,129.7,7,88,8.23,PERISHABLE_FOOD,26,COMPLETED
DSP-12908,RT-HUB_-LIN-28,HUB_03,2025-05-08T17:59:00Z,LINEHAUL_CORRIDOR,461.9,3,29,9.88,PERISHABLE_FOOD,26,COMPLETED
DSP-12909,RT-HUB_-LIN-29,HUB_03,05/09/2025 16:19,LINEHAUL_CORRIDOR,423.2,1,21,8.47,PERISHABLE_FOOD,26,COMPLETED
DSP-12910,RT-HUB_-LIN-30,HUB_S,2025-05-09 07:36:00,LINEHAUL_CORRIDOR,436.0,1,39,8.72,PERISHABLE_FOOD,26,COMPLETED
DSP-12911,RT-HUB_-LIN-31,HUB_S,2025-05-09T17:25:00Z,LINEHAUL_CORRIDOR,418.4,2,39,8.71,PHARMA_GDP,26,COMPLETED
DSP-12912,RT-HUB_-LIN-32,HUB_S,05/09/2025 14:01,LINEHAUL_CORRIDOR,416.2,2,33,8.67,PERISHABLE_FOOD,26,COMPLETED
DSP-12913,RT-HUB_-REG-33,HUB_S,2025-05-10 14:03:00,REGIONAL_DISTRIB,284.4,4,68,8.1,PERISHABLE_FOOD,26,COMPLETED
DSP-12914,RT-JAX_-REG-34,JAX_FL,2025-05-10T13:29:00Z,REGIONAL_DISTRIB,264.0,6,67,8.29,PERISHABLE_FOOD,26,COMPLETED
DSP-12915,RT-JAX_-LOC-35,JAX_FL,05/10/2025 13:30,LOCAL_URBAN,120.6,10,108,8.82,PERISHABLE_FOOD,26,COMPLETED
DSP-12916,RT-JAX_-LOC-36,JAX_FL,2025-05-10 07:41:00,LOCAL_URBAN,126.1,7,105,8.07,PERISHABLE_FOOD,25,COMPLETED
DSP-12917,RT-JAX_-REG-37,JAX_FL,2025-05-11T10:07:00Z,REGIONAL_DISTRIB,300.1,6,85,9.15,PERISHABLE_FOOD,26,COMPLETED
DSP-12918,RT-HUB_-REG-38,HUB_03,05/11/2025 12:39,REGIONAL_DISTRIB,264.8,5,65,7.97,PERISHABLE_FOOD,26,COMPLETED
DSP-12919,RT-JAX_-LIN-39,JAX_FL,2025-05-11 17:04:00,LINEHAUL_CORRIDOR,432.8,1,37,8.66,PERISHABLE_FOOD,26,COMPLETED
DSP-12920,RT-HUB_-LIN-40,HUB_S,2025-05-11T17:54:00Z,LINEHAUL_CORRIDOR,465.1,2,23,9.61,PERISHABLE_FOOD,26,COMPLETED
DSP-12921,RT-JAX_-REG-01,JAX_FL,05/12/2025 11:52,REGIONAL_DISTRIB,285.7,4,73,8.14,PERISHABLE_FOOD,26,COMPLETED
DSP-12922,RT-JAX_-REG-02,JAX_FL,2025-05-12 05:33:00,REGIONAL_DISTRIB,263.6,4,81,7.61,PERISHABLE_FOOD,26,COMPLETED
DSP-12923,RT-HUB_-LIN-03,HUB_03,2025-05-12T13:58:00Z,LINEHAUL_CORRIDOR,410.3,3,25,8.89,PHARMA_GDP,26,COMPLETED
DSP-12924,RT-HUB_-REG-04,HUB_03,05/12/2025 17:39,REGIONAL_DISTRIB,280.8,4,75,8.02,PHARMA_GDP,26,COMPLETED
DSP-12925,RT-HUB_-LOC-05,HUB_S,2025-05-13 16:02:00,LOCAL_URBAN,128.3,8,101,8.5,PERISHABLE_FOOD,24,COMPLETED
DSP-12926,RT-JAX_-LOC-06,JAX_FL,2025-05-13T10:39:00Z,LOCAL_URBAN,116.9,7,105,7.65,PERISHABLE_FOOD,26,COMPLETED
DSP-12927,RT-HUB_-REG-07,HUB_S,05/13/2025 11:40,REGIONAL_DISTRIB,268.5,6,61,8.39,PERISHABLE_FOOD,26,COMPLETED
DSP-12928,RT-HUB_-LIN-08,HUB_S,2025-05-13 17:41:00,LINEHAUL_CORRIDOR,439.9,1,20,8.79,PERISHABLE_FOOD,26,COMPLETED
DSP-12929,RT-JAX_-LIN-09,JAX_FL,2025-05-14T13:20:00Z,LINEHAUL_CORRIDOR,418.3,3,38,9.04,PERISHABLE_FOOD,26,COMPLETED
DSP-12930,RT-HUB_-LIN-10,HUB_03,05/14/2025 18:11,LINEHAUL_CORRIDOR,451.8,2,35,9.36,PERISHABLE_FOOD,26,COMPLETED
DSP-12931,RT-HUB_-REG-11,HUB_03,2025-05-14 09:33:00,REGIONAL_DISTRIB,289.9,6,66,8.9,PERISHABLE_FOOD,26,COMPLETED
DSP-12932,RT-JAX_-LIN-12,JAX_FL,2025-05-14T08:46:00Z,LINEHAUL_CORRIDOR,457.3,2,40,9.46,PHARMA_GDP,26,COMPLETED
DSP-12933,RT-HUB_-REG-13,HUB_S,05/15/2025 11:29,REGIONAL_DISTRIB,289.5,6,72,8.89,PERISHABLE_FOOD,26,COMPLETED
DSP-12934,RT-HUB_-REG-14,HUB_S,2025-05-15 16:29:00,REGIONAL_DISTRIB,299.3,6,61,9.13,PERISHABLE_FOOD,26,COMPLETED
DSP-12935,RT-JAX_-LIN-15,JAX_FL,2025-05-15T10:03:00Z,LINEHAUL_CORRIDOR,447.8,2,35,9.28,PHARMA_GDP,26,COMPLETED
DSP-12936,RT-HUB_-LOC-16,HUB_S,05/15/2025 06:29,LOCAL_URBAN,126.6,10,110,9.09,PHARMA_GDP,25,COMPLETED
DSP-12937,RT-JAX_-REG-17,JAX_FL,2025-05-16 16:23:00,REGIONAL_DISTRIB,267.2,6,68,8.36,PERISHABLE_FOOD,26,COMPLETED
DSP-12938,RT-HUB_-REG-18,HUB_03,2025-05-16T10:31:00Z,REGIONAL_DISTRIB,303.9,5,74,8.9,PERISHABLE_FOOD,26,COMPLETED
DSP-12939,RT-HUB_-REG-19,HUB_03,05/16/2025 11:59,REGIONAL_DISTRIB,262.7,6,56,8.25,PERISHABLE_FOOD,26,COMPLETED
DSP-12940,RT-HUB_-LOC-20,HUB_S,2025-05-16 12:58:00,LOCAL_URBAN,114.9,8,92,7.89,PERISHABLE_FOOD,26,COMPLETED
DSP-12941,RT-JAX_-REG-21,JAX_FL,2025-05-17T16:10:00Z,REGIONAL_DISTRIB,266.4,6,65,8.34,PHARMA_GDP,26,COMPLETED
DSP-12942,RT-HUB_-REG-22,HUB_S,05/17/2025 06:52,REGIONAL_DISTRIB,301.6,4,68,8.51,PHARMA_GDP,26,COMPLETED
DSP-12943,RT-HUB_-REG-23,HUB_S,2025-05-17 13:36:00,REGIONAL_DISTRIB,288.6,5,65,8.54,PHARMA_GDP,26,COMPLETED
DSP-12944,RT-HUB_-REG-24,HUB_03,2025-05-17T09:18:00Z,REGIONAL_DISTRIB,262.9,5,74,7.93,PHARMA_GDP,26,COMPLETED
DSP-12945,RT-HUB_-LOC-25,HUB_03,05/18/2025 11:06,LOCAL_URBAN,129.9,7,87,8.24,PHARMA_GDP,26,COMPLETED
DSP-12946,RT-HUB_-REG-26,HUB_S,2025-05-18 15:54:00,REGIONAL_DISTRIB,268.3,5,81,8.05,PHARMA_GDP,26,COMPLETED
DSP-12947,RT-JAX_-REG-27,JAX_FL,2025-05-18T14:15:00Z,REGIONAL_DISTRIB,291.1,6,66,8.93,PERISHABLE_FOOD,26,COMPLETED
DSP-12948,RT-HUB_-REG-28,HUB_03,05/18/2025 18:08,REGIONAL_DISTRIB,303.0,5,75,8.88,PERISHABLE_FOOD,26,COMPLETED
DSP-12949,RT-JAX_-LOC-29,JAX_FL,2025-05-19 11:23:00,LOCAL_URBAN,115.8,7,85,7.6,PERISHABLE_FOOD,25,COMPLETED
DSP-12950,RT-JAX_-REG-30,JAX_FL,2025-05-19T12:41:00Z,REGIONAL_DISTRIB,280.4,4,84,8.01,PERISHABLE_FOOD,26,COMPLETED
DSP-12951,RT-HUB_-REG-31,HUB_S,05/19/2025 07:12,REGIONAL_DISTRIB,269.0,5,63,8.07,PHARMA_GDP,26,COMPLETED
DSP-12952,RT-HUB_-REG-32,HUB_03,2025-05-19 17:57:00,REGIONAL_DISTRIB,279.0,6,79,8.64,PERISHABLE_FOOD,26,COMPLETED
DSP-12953,RT-HUB_-LOC-33,HUB_S,2025-05-20T12:55:00Z,LOCAL_URBAN,120.6,9,113,8.48,PHARMA_GDP,26,COMPLETED
DSP-12954,RT-JAX_-REG-34,JAX_FL,05/20/2025 08:31,REGIONAL_DISTRIB,262.7,6,62,8.25,PHARMA_GDP,26,COMPLETED
DSP-12955,RT-HUB_-LIN-35,HUB_S,2025-05-20 09:51:00,LINEHAUL_CORRIDOR,445.9,1,33,8.91,PERISHABLE_FOOD,26,COMPLETED
DSP-12956,RT-HUB_-LIN-36,HUB_03,2025-05-20T16:15:00Z,LINEHAUL_CORRIDOR,459.3,3,24,9.83,PERISHABLE_FOOD,26,COMPLETED
DSP-12957,RT-HUB_-REG-37,HUB_03,05/21/2025 17:44,REGIONAL_DISTRIB,296.2,4,85,8.39,PERISHABLE_FOOD,26,COMPLETED
DSP-12958,RT-JAX_-LIN-38,JAX_FL,2025-05-21 15:48:00,LINEHAUL_CORRIDOR,441.8,1,29,8.83,PERISHABLE_FOOD,26,COMPLETED
DSP-12959,RT-HUB_-LOC-39,HUB_S,2025-05-21T15:39:00Z,LOCAL_URBAN,125.2,8,105,8.36,PHARMA_GDP,24,COMPLETED
DSP-12960,RT-JAX_-REG-40,JAX_FL,05/21/2025 12:54,REGIONAL_DISTRIB,271.1,4,70,7.79,PHARMA_GDP,26,COMPLETED
DSP-12961,RT-JAX_-REG-01,JAX_FL,2025-05-22 15:46:00,REGIONAL_DISTRIB,265.0,5,64,7.98,PERISHABLE_FOOD,26,COMPLETED
DSP-12962,RT-HUB_-REG-02,HUB_S,2025-05-22T09:28:00Z,REGIONAL_DISTRIB,291.8,6,64,8.95,PHARMA_GDP,26,COMPLETED
DSP-12963,RT-HUB_-REG-03,HUB_S,05/22/2025 16:11,REGIONAL_DISTRIB,298.5,6,73,9.11,PERISHABLE_FOOD,26,COMPLETED
DSP-12964,RT-HUB_-REG-04,HUB_S,2025-05-22 14:38:00,REGIONAL_DISTRIB,290.7,4,85,8.25,PERISHABLE_FOOD,26,COMPLETED
DSP-12965,RT-HUB_-LIN-05,HUB_03,2025-05-23T08:13:00Z,LINEHAUL_CORRIDOR,464.6,1,25,9.27,PERISHABLE_FOOD,26,COMPLETED
DSP-12966,RT-JAX_-LOC-06,JAX_FL,05/23/2025 13:45,LOCAL_URBAN,122.6,8,89,8.24,PHARMA_GDP,26,COMPLETED
DSP-12967,RT-HUB_-LIN-07,HUB_S,2025-05-23 07:19:00,LINEHAUL_CORRIDOR,436.6,3,34,9.4,PERISHABLE_FOOD,26,COMPLETED
DSP-12968,RT-HUB_-REG-08,HUB_S,2025-05-23T11:24:00Z,REGIONAL_DISTRIB,290.7,5,55,8.59,PERISHABLE_FOOD,26,COMPLETED
DSP-12969,RT-JAX_-LIN-09,JAX_FL,05/24/2025 05:30,LINEHAUL_CORRIDOR,414.9,1,21,8.31,PHARMA_GDP,26,COMPLETED
DSP-12970,RT-HUB_-LOC-10,HUB_S,2025-05-24 14:09:00,LOCAL_URBAN,129.4,10,113,9.22,PHARMA_GDP,25,COMPLETED
DSP-12971,RT-HUB_-LIN-11,HUB_S,2025-05-24T13:55:00Z,LINEHAUL_CORRIDOR,428.6,2,21,8.91,PHARMA_GDP,26,COMPLETED
DSP-12972,RT-HUB_-LOC-12,HUB_03,05/24/2025 17:43,LOCAL_URBAN,126.2,7,97,8.07,PHARMA_GDP,26,COMPLETED
DSP-12973,RT-JAX_-REG-13,JAX_FL,2025-05-25 09:20:00,REGIONAL_DISTRIB,290.6,5,75,8.59,PHARMA_GDP,26,COMPLETED
DSP-12974,RT-JAX_-LOC-14,JAX_FL,2025-05-25T07:34:00Z,LOCAL_URBAN,111.9,8,115,7.75,PERISHABLE_FOOD,25,COMPLETED
DSP-12975,RT-HUB_-LOC-15,HUB_03,05/25/2025 07:39,LOCAL_URBAN,116.1,10,83,8.61,PHARMA_GDP,25,VOID_TEST
DSP-12976,RT-HUB_-REG-16,HUB_S,2025-05-25 18:05:00,REGIONAL_DISTRIB,284.6,5,80,8.44,PHARMA_GDP,26,COMPLETED
DSP-12977,RT-JAX_-LIN-17,JAX_FL,2025-05-26T08:56:00Z,LINEHAUL_CORRIDOR,462.9,3,32,9.9,PERISHABLE_FOOD,26,COMPLETED
DSP-12978,RT-HUB_-REG-18,HUB_S,05/26/2025 09:17,REGIONAL_DISTRIB,290.5,6,57,8.92,PERISHABLE_FOOD,26,COMPLETED
DSP-12979,RT-HUB_-REG-19,HUB_S,2025-05-26 12:41:00,REGIONAL_DISTRIB,283.0,6,64,8.74,PERISHABLE_FOOD,26,COMPLETED
DSP-12980,RT-HUB_-REG-20,HUB_S,2025-05-26T13:28:00Z,REGIONAL_DISTRIB,263.6,6,77,8.28,PHARMA_GDP,26,VOID_TEST
DSP-12981,RT-HUB_-REG-21,HUB_S,05/27/2025 06:41,REGIONAL_DISTRIB,272.1,5,82,8.15,PERISHABLE_FOOD,26,COMPLETED
DSP-12982,RT-HUB_-REG-22,HUB_S,2025-05-27 14:46:00,REGIONAL_DISTRIB,263.6,4,83,7.61,PERISHABLE_FOOD,26,COMPLETED
DSP-12983,RT-HUB_-REG-23,HUB_03,2025-05-27T10:51:00Z,REGIONAL_DISTRIB,302.1,5,74,8.86,PERISHABLE_FOOD,26,COMPLETED
DSP-12984,RT-HUB_-REG-24,HUB_S,05/27/2025 17:13,REGIONAL_DISTRIB,280.4,5,57,8.34,PHARMA_GDP,26,COMPLETED
DSP-12985,RT-JAX_-LIN-25,JAX_FL,2025-05-28 14:52:00,LINEHAUL_CORRIDOR,440.1,2,24,9.13,PERISHABLE_FOOD,26,COMPLETED
DSP-12986,RT-HUB_-LIN-26,HUB_S,2025-05-28T10:53:00Z,LINEHAUL_CORRIDOR,455.9,2,34,9.43,PERISHABLE_FOOD,26,COMPLETED
DSP-12987,RT-HUB_-LOC-27,HUB_03,05/28/2025 08:16,LOCAL_URBAN,123.6,10,98,8.95,PERISHABLE_FOOD,24,COMPLETED
DSP-12988,RT-JAX_-REG-28,JAX_FL,2025-05-28 09:49:00,REGIONAL_DISTRIB,292.3,5,76,8.63,PHARMA_GDP,26,COMPLETED
DSP-12989,RT-HUB_-LOC-29,HUB_03,2025-05-29T06:34:00Z,LOCAL_URBAN,120.6,8,80,8.15,PHARMA_GDP,26,COMPLETED
DSP-12990,RT-HUB_-LIN-30,HUB_03,05/29/2025 07:48,LINEHAUL_CORRIDOR,451.1,1,40,9.01,PERISHABLE_FOOD,26,COMPLETED
DSP-12991,RT-HUB_-REG-31,HUB_S,2025-05-29 10:00:00,REGIONAL_DISTRIB,304.6,6,68,9.25,PHARMA_GDP,26,COMPLETED
DSP-12992,RT-HUB_-REG-32,HUB_03,2025-05-29T05:43:00Z,REGIONAL_DISTRIB,277.0,6,67,8.6,PERISHABLE_FOOD,26,COMPLETED
DSP-12993,RT-JAX_-LIN-33,JAX_FL,05/30/2025 16:08,LINEHAUL_CORRIDOR,423.9,1,28,8.49,PERISHABLE_FOOD,26,COMPLETED
DSP-12994,RT-HUB_-REG-34,HUB_S,2025-05-30 16:39:00,REGIONAL_DISTRIB,270.2,4,79,7.77,PHARMA_GDP,26,COMPLETED
DSP-12995,RT-JAX_-LIN-35,JAX_FL,2025-05-30T11:51:00Z,LINEHAUL_CORRIDOR,445.6,3,40,9.57,PHARMA_GDP,26,COMPLETED
DSP-12996,RT-HUB_-LOC-36,HUB_03,05/30/2025 08:07,LOCAL_URBAN,132.7,7,104,8.37,PERISHABLE_FOOD,26,COMPLETED
DSP-12997,RT-JAX_-REG-37,JAX_FL,2025-05-31 05:35:00,REGIONAL_DISTRIB,265.8,4,63,7.66,PERISHABLE_FOOD,26,COMPLETED
DSP-12998,RT-HUB_-REG-38,HUB_03,2025-05-31T11:13:00Z,REGIONAL_DISTRIB,294.8,5,75,8.69,PHARMA_GDP,26,COMPLETED
DSP-12999,RT-JAX_-LIN-39,JAX_FL,05/31/2025 10:07,LINEHAUL_CORRIDOR,460.2,3,40,9.85,PHARMA_GDP,26,COMPLETED
DSP-13000,RT-JAX_-REG-40,JAX_FL,2025-05-31 10:04:00,REGIONAL_DISTRIB,274.2,4,58,7.86,PERISHABLE_FOOD,26,COMPLETED
DSP-13001,RT-HUB_-LIN-01,HUB_03,2025-06-01T05:57:00Z,LINEHAUL_CORRIDOR,431.4,3,23,9.3,PERISHABLE_FOOD,26,COMPLETED
DSP-13002,RT-HUB_-REG-02,HUB_S,06/01/2025 06:56,REGIONAL_DISTRIB,290.8,6,65,8.92,PHARMA_GDP,26,COMPLETED
DSP-13003,RT-HUB_-LOC-03,HUB_S,2025-06-01 17:25:00,LOCAL_URBAN,121.5,9,102,8.52,PERISHABLE_FOOD,24,COMPLETED
DSP-13004,RT-HUB_-REG-04,HUB_S,2025-06-01T07:06:00Z,REGIONAL_DISTRIB,273.7,5,61,8.18,PERISHABLE_FOOD,26,COMPLETED
DSP-13005,RT-HUB_-REG-05,HUB_S,06/02/2025 12:03,REGIONAL_DISTRIB,291.0,6,75,8.93,PERISHABLE_FOOD,26,COMPLETED
DSP-13006,RT-HUB_-REG-06,HUB_S,2025-06-02 06:57:00,REGIONAL_DISTRIB,265.1,4,75,7.65,PERISHABLE_FOOD,26,COMPLETED
DSP-13007,RT-HUB_-LOC-07,HUB_03,2025-06-02T08:56:00Z,LOCAL_URBAN,127.1,8,87,8.44,PHARMA_GDP,26,COMPLETED
DSP-13008,RT-HUB_-LOC-08,HUB_S,06/02/2025 10:14,LOCAL_URBAN,125.3,9,97,8.7,PERISHABLE_FOOD,24,COMPLETED
DSP-13009,RT-HUB_-REG-09,HUB_S,2025-06-03 14:19:00,REGIONAL_DISTRIB,290.3,6,66,8.91,PERISHABLE_FOOD,26,COMPLETED
DSP-13010,RT-HUB_-REG-10,HUB_S,2025-06-03T08:00:00Z,REGIONAL_DISTRIB,278.9,4,76,7.97,PERISHABLE_FOOD,26,COMPLETED
DSP-13011,RT-JAX_-REG-11,JAX_FL,06/03/2025 06:58,REGIONAL_DISTRIB,288.4,4,84,8.2,PHARMA_GDP,26,COMPLETED
DSP-13012,RT-HUB_-LIN-12,HUB_S,2025-06-03 16:17:00,LINEHAUL_CORRIDOR,452.0,1,30,9.03,PERISHABLE_FOOD,26,COMPLETED
DSP-13013,RT-HUB_-LIN-13,HUB_03,2025-06-04T16:42:00Z,LINEHAUL_CORRIDOR,462.1,1,23,9.22,PERISHABLE_FOOD,26,COMPLETED
DSP-13014,RT-HUB_-LOC-14,HUB_S,06/04/2025 09:16,LOCAL_URBAN,123.5,8,96,8.28,PHARMA_GDP,24,COMPLETED
DSP-13015,RT-HUB_-REG-15,HUB_03,2025-06-04 06:27:00,REGIONAL_DISTRIB,264.2,5,61,7.96,PERISHABLE_FOOD,26,COMPLETED
DSP-13016,RT-HUB_-REG-16,HUB_03,2025-06-04T16:07:00Z,REGIONAL_DISTRIB,283.5,6,65,8.75,PERISHABLE_FOOD,26,COMPLETED
DSP-13017,RT-JAX_-REG-17,JAX_FL,06/05/2025 16:32,REGIONAL_DISTRIB,299.7,6,72,9.14,PERISHABLE_FOOD,26,COMPLETED
DSP-13018,RT-JAX_-REG-18,JAX_FL,2025-06-05 11:11:00,REGIONAL_DISTRIB,299.0,6,58,9.12,PERISHABLE_FOOD,26,COMPLETED
DSP-13019,RT-HUB_-REG-19,HUB_S,2025-06-05T09:29:00Z,REGIONAL_DISTRIB,282.9,4,83,8.07,PHARMA_GDP,26,COMPLETED
DSP-13020,RT-HUB_-REG-20,HUB_S,06/05/2025 06:15,REGIONAL_DISTRIB,266.1,5,76,8.0,PHARMA_GDP,26,COMPLETED
DSP-13021,RT-HUB_-LOC-21,HUB_03,2025-06-06 14:26:00,LOCAL_URBAN,114.3,8,97,7.86,PHARMA_GDP,26,COMPLETED
DSP-13022,RT-JAX_-REG-22,JAX_FL,2025-06-06T16:45:00Z,REGIONAL_DISTRIB,296.4,5,76,8.72,PERISHABLE_FOOD,26,COMPLETED
DSP-13023,RT-HUB_-LIN-23,HUB_03,06/06/2025 09:47,LINEHAUL_CORRIDOR,415.6,3,23,8.99,PERISHABLE_FOOD,26,COMPLETED
DSP-13024,RT-JAX_-LIN-24,JAX_FL,2025-06-06 09:21:00,LINEHAUL_CORRIDOR,426.2,3,20,9.2,PHARMA_GDP,26,COMPLETED
DSP-13025,RT-HUB_-LOC-25,HUB_03,2025-06-07T07:12:00Z,LOCAL_URBAN,125.0,10,106,9.02,PHARMA_GDP,24,COMPLETED
DSP-13026,RT-HUB_-REG-26,HUB_03,06/07/2025 06:49,REGIONAL_DISTRIB,304.1,5,63,8.91,PHARMA_GDP,26,COMPLETED
DSP-13027,RT-HUB_-REG-27,HUB_S,2025-06-07 10:49:00,REGIONAL_DISTRIB,287.9,4,83,8.19,PHARMA_GDP,26,COMPLETED
DSP-13028,RT-HUB_-REG-28,HUB_S,2025-06-07T14:28:00Z,REGIONAL_DISTRIB,274.6,4,76,7.87,PERISHABLE_FOOD,26,COMPLETED
DSP-13029,RT-HUB_-LIN-29,HUB_03,06/08/2025 11:50,LINEHAUL_CORRIDOR,450.0,1,20,8.99,PERISHABLE_FOOD,26,COMPLETED
DSP-13030,RT-HUB_-LIN-30,HUB_S,2025-06-08 09:00:00,LINEHAUL_CORRIDOR,445.6,1,21,8.9,PERISHABLE_FOOD,26,COMPLETED
DSP-13031,RT-HUB_-REG-31,HUB_03,2025-06-08T14:52:00Z,REGIONAL_DISTRIB,289.9,5,74,8.57,PHARMA_GDP,26,COMPLETED
DSP-13032,RT-JAX_-REG-32,JAX_FL,06/08/2025 15:13,REGIONAL_DISTRIB,285.6,4,81,8.13,PHARMA_GDP,26,COMPLETED
DSP-13033,RT-JAX_-LIN-33,JAX_FL,2025-06-09 09:30:00,LINEHAUL_CORRIDOR,457.0,2,24,9.46,PHARMA_GDP,26,COMPLETED
DSP-13034,RT-JAX_-LOC-34,JAX_FL,2025-06-09T16:03:00Z,LOCAL_URBAN,128.6,9,106,8.85,PHARMA_GDP,25,COMPLETED
DSP-13035,RT-HUB_-LIN-35,HUB_S,06/09/2025 12:27,LINEHAUL_CORRIDOR,425.4,2,31,8.85,PHARMA_GDP,26,COMPLETED
DSP-13036,RT-JAX_-LOC-36,JAX_FL,2025-06-09 17:05:00,LOCAL_URBAN,120.9,9,98,8.5,PHARMA_GDP,24,COMPLETED
DSP-13037,RT-JAX_-LIN-37,JAX_FL,2025-06-10T11:22:00Z,LINEHAUL_CORRIDOR,443.3,2,20,9.19,PERISHABLE_FOOD,26,COMPLETED
DSP-13038,RT-JAX_-LIN-38,JAX_FL,06/10/2025 14:47,LINEHAUL_CORRIDOR,419.8,3,40,9.07,PERISHABLE_FOOD,26,COMPLETED
DSP-13039,RT-HUB_-LIN-39,HUB_03,2025-06-10 09:50:00,LINEHAUL_CORRIDOR,461.9,1,38,9.22,PERISHABLE_FOOD,26,COMPLETED
DSP-13040,RT-JAX_-LOC-40,JAX_FL,2025-06-10T07:21:00Z,LOCAL_URBAN,131.5,10,101,9.31,PHARMA_GDP,25,COMPLETED
DSP-13041,RT-HUB_-LOC-01,HUB_S,06/11/2025 12:43,LOCAL_URBAN,129.1,9,97,8.87,PHARMA_GDP,26,COMPLETED
DSP-13042,RT-HUB_-LIN-02,HUB_03,2025-06-11 11:58:00,LINEHAUL_CORRIDOR,446.6,2,32,9.26,PERISHABLE_FOOD,26,COMPLETED
DSP-13043,RT-JAX_-REG-03,JAX_FL,2025-06-11T12:07:00Z,REGIONAL_DISTRIB,280.6,5,77,8.35,PHARMA_GDP,26,COMPLETED
DSP-13044,RT-HUB_-REG-04,HUB_03,06/11/2025 18:03,REGIONAL_DISTRIB,300.9,4,55,8.5,PERISHABLE_FOOD,26,COMPLETED
DSP-13045,RT-JAX_-LIN-05,JAX_FL,2025-06-12 11:57:00,LINEHAUL_CORRIDOR,436.9,2,32,9.07,PERISHABLE_FOOD,26,COMPLETED
DSP-13046,RT-HUB_-REG-06,HUB_S,2025-06-12T15:36:00Z,REGIONAL_DISTRIB,263.4,6,71,8.27,PERISHABLE_FOOD,26,COMPLETED
DSP-13047,RT-JAX_-REG-07,JAX_FL,06/12/2025 16:43,REGIONAL_DISTRIB,285.3,6,76,8.79,PHARMA_GDP,26,COMPLETED
DSP-13048,RT-HUB_-REG-08,HUB_03,2025-06-12 09:50:00,REGIONAL_DISTRIB,288.8,5,73,8.54,PERISHABLE_FOOD,26,COMPLETED
DSP-13049,RT-HUB_-REG-09,HUB_S,2025-06-13T12:51:00Z,REGIONAL_DISTRIB,295.2,5,82,8.7,PERISHABLE_FOOD,26,COMPLETED
DSP-13050,RT-HUB_-LIN-10,HUB_S,06/13/2025 07:00,LINEHAUL_CORRIDOR,455.0,2,25,9.42,PERISHABLE_FOOD,26,COMPLETED
DSP-13051,RT-JAX_-REG-11,JAX_FL,2025-06-13 07:51:00,REGIONAL_DISTRIB,300.5,5,58,8.82,PHARMA_GDP,26,COMPLETED
DSP-13052,RT-JAX_-LIN-12,JAX_FL,2025-06-13T17:54:00Z,LINEHAUL_CORRIDOR,442.3,3,35,9.51,PERISHABLE_FOOD,26,COMPLETED
DSP-13053,RT-HUB_-REG-13,HUB_03,06/14/2025 14:11,REGIONAL_DISTRIB,295.5,6,68,9.04,PERISHABLE_FOOD,26,COMPLETED
DSP-13054,RT-HUB_-LIN-14,HUB_S,2025-06-14 11:02:00,LINEHAUL_CORRIDOR,434.4,3,21,9.35,PERISHABLE_FOOD,26,COMPLETED
DSP-13055,RT-HUB_-LIN-15,HUB_S,2025-06-14T14:51:00Z,LINEHAUL_CORRIDOR,415.1,1,24,8.32,PERISHABLE_FOOD,26,COMPLETED
DSP-13056,RT-JAX_-REG-16,JAX_FL,06/14/2025 08:28,REGIONAL_DISTRIB,260.1,5,75,7.86,PERISHABLE_FOOD,26,COMPLETED
DSP-13057,RT-JAX_-REG-17,JAX_FL,2025-06-15 11:50:00,REGIONAL_DISTRIB,275.8,5,79,8.23,PERISHABLE_FOOD,26,COMPLETED
DSP-13058,RT-HUB_-LIN-18,HUB_S,2025-06-15T09:10:00Z,LINEHAUL_CORRIDOR,454.8,1,28,9.08,PHARMA_GDP,26,COMPLETED
DSP-13059,RT-HUB_-REG-19,HUB_03,06/15/2025 07:04,REGIONAL_DISTRIB,286.9,6,78,8.83,PERISHABLE_FOOD,26,COMPLETED
DSP-13060,RT-HUB_-LOC-20,HUB_S,2025-06-15 05:58:00,LOCAL_URBAN,119.3,10,85,8.76,PERISHABLE_FOOD,26,COMPLETED
DSP-13061,RT-HUB_-LIN-21,HUB_S,2025-06-16T08:13:00Z,LINEHAUL_CORRIDOR,428.1,2,34,8.9,PERISHABLE_FOOD,26,COMPLETED
DSP-13062,RT-HUB_-REG-22,HUB_S,06/16/2025 14:09,REGIONAL_DISTRIB,302.4,5,72,8.87,PHARMA_GDP,26,COMPLETED
DSP-13063,RT-JAX_-LIN-23,JAX_FL,2025-06-16 14:47:00,LINEHAUL_CORRIDOR,446.3,2,28,9.25,PERISHABLE_FOOD,26,COMPLETED
DSP-13064,RT-JAX_-REG-24,JAX_FL,2025-06-16T08:58:00Z,REGIONAL_DISTRIB,272.8,6,77,8.5,PHARMA_GDP,26,COMPLETED
DSP-13065,RT-HUB_-LIN-25,HUB_03,06/17/2025 14:00,LINEHAUL_CORRIDOR,462.2,1,35,9.22,PHARMA_GDP,26,COMPLETED
DSP-13066,RT-HUB_-LIN-26,HUB_03,2025-06-17 10:08:00,LINEHAUL_CORRIDOR,411.4,2,33,8.58,PERISHABLE_FOOD,26,COMPLETED
DSP-13067,RT-HUB_-REG-27,HUB_S,2025-06-17T06:09:00Z,REGIONAL_DISTRIB,263.4,5,79,7.94,PHARMA_GDP,26,COMPLETED
DSP-13068,RT-HUB_-REG-28,HUB_S,06/17/2025 10:55,REGIONAL_DISTRIB,262.1,5,78,7.91,PHARMA_GDP,26,COMPLETED
DSP-13069,RT-JAX_-LOC-29,JAX_FL,2025-06-18 16:12:00,LOCAL_URBAN,128.6,9,101,8.85,PHARMA_GDP,25,COMPLETED
DSP-13070,RT-HUB_-REG-30,HUB_S,2025-06-18T11:32:00Z,REGIONAL_DISTRIB,268.1,4,82,7.72,PERISHABLE_FOOD,26,COMPLETED
DSP-13071,RT-JAX_-LIN-31,JAX_FL,06/18/2025 06:33,LINEHAUL_CORRIDOR,461.7,1,28,9.21,PERISHABLE_FOOD,26,COMPLETED
DSP-13072,RT-HUB_-REG-32,HUB_03,2025-06-18 15:14:00,REGIONAL_DISTRIB,293.9,5,81,8.66,PERISHABLE_FOOD,26,COMPLETED
DSP-13073,RT-JAX_-REG-33,JAX_FL,2025-06-19T16:26:00Z,REGIONAL_DISTRIB,293.1,5,57,8.65,PHARMA_GDP,26,COMPLETED
DSP-13074,RT-HUB_-LIN-34,HUB_S,06/19/2025 16:49,LINEHAUL_CORRIDOR,436.9,2,32,9.07,PERISHABLE_FOOD,26,COMPLETED
DSP-13075,RT-HUB_-LIN-35,HUB_03,2025-06-19 10:16:00,LINEHAUL_CORRIDOR,440.6,3,33,9.47,PERISHABLE_FOOD,26,COMPLETED
DSP-13076,RT-JAX_-REG-36,JAX_FL,2025-06-19T16:53:00Z,REGIONAL_DISTRIB,290.2,5,72,8.58,PERISHABLE_FOOD,26,COMPLETED
DSP-13077,RT-HUB_-REG-37,HUB_03,06/20/2025 10:15,REGIONAL_DISTRIB,304.0,6,66,9.24,PHARMA_GDP,26,COMPLETED
DSP-13078,RT-HUB_-REG-38,HUB_S,2025-06-20 12:28:00,REGIONAL_DISTRIB,260.2,4,73,7.53,PERISHABLE_FOOD,26,COMPLETED
DSP-13079,RT-HUB_-REG-39,HUB_S,2025-06-20T08:28:00Z,REGIONAL_DISTRIB,297.7,6,62,9.09,PERISHABLE_FOOD,26,COMPLETED
DSP-13080,RT-HUB_-LOC-40,HUB_03,06/20/2025 10:01,LOCAL_URBAN,111.7,7,114,7.41,PHARMA_GDP,24,COMPLETED
DSP-13081,RT-HUB_-REG-01,HUB_S,2025-06-21 07:46:00,REGIONAL_DISTRIB,286.6,4,63,8.16,PERISHABLE_FOOD,26,COMPLETED
DSP-13082,RT-HUB_-LIN-02,HUB_03,2025-06-21T06:29:00Z,LINEHAUL_CORRIDOR,410.2,2,39,8.56,PHARMA_GDP,26,COMPLETED
DSP-13083,RT-JAX_-LOC-03,JAX_FL,06/21/2025 14:28,LOCAL_URBAN,128.1,10,94,9.16,PERISHABLE_FOOD,24,COMPLETED
DSP-13084,RT-JAX_-LIN-04,JAX_FL,2025-06-21 08:35:00,LINEHAUL_CORRIDOR,434.4,2,35,9.02,PERISHABLE_FOOD,26,COMPLETED
DSP-13085,RT-HUB_-LOC-05,HUB_03,2025-06-22T08:47:00Z,LOCAL_URBAN,126.9,7,89,8.1,PHARMA_GDP,25,COMPLETED
DSP-13086,RT-HUB_-LIN-06,HUB_03,06/22/2025 15:40,LINEHAUL_CORRIDOR,442.1,1,31,8.84,PHARMA_GDP,26,COMPLETED
DSP-13087,RT-HUB_-REG-07,HUB_03,2025-06-22 17:26:00,REGIONAL_DISTRIB,274.8,6,80,8.54,PERISHABLE_FOOD,26,COMPLETED
DSP-13088,RT-HUB_-LIN-08,HUB_S,2025-06-22T11:59:00Z,LINEHAUL_CORRIDOR,468.3,3,32,10.01,PHARMA_GDP,26,COMPLETED
DSP-13089,RT-JAX_-LOC-09,JAX_FL,06/23/2025 07:05,LOCAL_URBAN,123.5,7,94,7.95,PHARMA_GDP,26,COMPLETED
DSP-13090,RT-HUB_-LIN-10,HUB_S,2025-06-23 08:46:00,LINEHAUL_CORRIDOR,469.6,3,22,10.03,PERISHABLE_FOOD,26,COMPLETED
DSP-13091,RT-JAX_-LIN-11,JAX_FL,2025-06-23T14:59:00Z,LINEHAUL_CORRIDOR,420.4,1,23,8.42,PERISHABLE_FOOD,26,COMPLETED
DSP-13092,RT-HUB_-LIN-12,HUB_S,06/23/2025 08:00,LINEHAUL_CORRIDOR,460.8,3,23,9.86,PHARMA_GDP,26,COMPLETED
DSP-13093,RT-HUB_-LOC-13,HUB_03,2025-06-24 11:26:00,LOCAL_URBAN,112.2,10,85,8.43,PHARMA_GDP,24,COMPLETED
DSP-13094,RT-HUB_-LOC-14,HUB_03,2025-06-24T06:21:00Z,LOCAL_URBAN,111.3,7,100,7.39,PHARMA_GDP,24,COMPLETED
DSP-13095,RT-HUB_-REG-15,HUB_S,06/24/2025 15:26,REGIONAL_DISTRIB,284.0,6,77,8.76,PHARMA_GDP,26,COMPLETED
DSP-13096,RT-HUB_-REG-16,HUB_03,2025-06-24 09:17:00,REGIONAL_DISTRIB,273.6,5,65,8.18,PERISHABLE_FOOD,26,COMPLETED
DSP-13097,RT-HUB_-LIN-17,HUB_03,2025-06-25T07:56:00Z,LINEHAUL_CORRIDOR,428.2,3,25,9.23,PERISHABLE_FOOD,26,COMPLETED
DSP-13098,RT-JAX_-REG-18,JAX_FL,06/25/2025 05:56,REGIONAL_DISTRIB,266.9,5,64,8.02,PERISHABLE_FOOD,26,COMPLETED
DSP-13099,RT-JAX_-LIN-19,JAX_FL,2025-06-25 18:26:00,LINEHAUL_CORRIDOR,468.9,2,39,9.68,PHARMA_GDP,26,COMPLETED
DSP-13100,RT-JAX_-LIN-20,JAX_FL,2025-06-25T12:04:00Z,LINEHAUL_CORRIDOR,448.2,1,28,8.95,PHARMA_GDP,26,COMPLETED
DSP-13101,RT-JAX_-LIN-21,JAX_FL,06/26/2025 15:55,LINEHAUL_CORRIDOR,419.1,1,40,8.39,PERISHABLE_FOOD,26,COMPLETED
DSP-13102,RT-HUB_-LIN-22,HUB_03,2025-06-26 15:47:00,LINEHAUL_CORRIDOR,444.1,2,24,9.21,PHARMA_GDP,26,COMPLETED
DSP-13103,RT-JAX_-LOC-23,JAX_FL,2025-06-26T16:29:00Z,LOCAL_URBAN,110.1,9,94,8.0,PHARMA_GDP,26,COMPLETED
DSP-13104,RT-JAX_-REG-24,JAX_FL,06/26/2025 16:42,REGIONAL_DISTRIB,265.8,4,72,7.66,PERISHABLE_FOOD,26,COMPLETED
DSP-13105,RT-HUB_-LOC-25,HUB_S,2025-06-27 13:17:00,LOCAL_URBAN,126.1,10,97,9.07,PERISHABLE_FOOD,26,COMPLETED
DSP-13106,RT-HUB_-REG-26,HUB_S,2025-06-27T10:41:00Z,REGIONAL_DISTRIB,302.3,4,74,8.53,PHARMA_GDP,26,COMPLETED
DSP-13107,RT-HUB_-REG-27,HUB_S,06/27/2025 16:03,REGIONAL_DISTRIB,304.8,6,55,9.26,PERISHABLE_FOOD,26,COMPLETED
DSP-13108,RT-HUB_-LOC-28,HUB_03,2025-06-27 17:52:00,LOCAL_URBAN,123.8,8,91,8.29,PHARMA_GDP,25,COMPLETED
DSP-13109,RT-HUB_-REG-29,HUB_03,2025-06-28T06:15:00Z,REGIONAL_DISTRIB,303.0,5,77,8.88,PERISHABLE_FOOD,26,COMPLETED
DSP-13110,RT-HUB_-LIN-30,HUB_03,06/28/2025 12:14,LINEHAUL_CORRIDOR,448.1,3,38,9.62,PERISHABLE_FOOD,26,COMPLETED
DSP-13111,RT-HUB_-LOC-31,HUB_S,2025-06-28 14:05:00,LOCAL_URBAN,119.7,9,107,8.44,PERISHABLE_FOOD,24,COMPLETED
DSP-13112,RT-JAX_-LIN-32,JAX_FL,2025-06-28T06:43:00Z,LINEHAUL_CORRIDOR,436.6,2,31,9.06,PERISHABLE_FOOD,26,COMPLETED
DSP-13113,RT-HUB_-REG-33,HUB_S,06/29/2025 07:21,REGIONAL_DISTRIB,265.8,4,81,7.66,PERISHABLE_FOOD,26,COMPLETED
DSP-13114,RT-HUB_-REG-34,HUB_S,2025-06-29 16:18:00,REGIONAL_DISTRIB,260.4,5,70,7.87,PERISHABLE_FOOD,26,COMPLETED
DSP-13115,RT-HUB_-LIN-35,HUB_S,2025-06-29T07:18:00Z,LINEHAUL_CORRIDOR,446.9,1,36,8.93,PHARMA_GDP,26,COMPLETED
DSP-13116,RT-HUB_-LIN-36,HUB_03,06/29/2025 09:34,LINEHAUL_CORRIDOR,441.3,2,27,9.15,PERISHABLE_FOOD,26,COMPLETED
DSP-13117,RT-HUB_-REG-37,HUB_S,2025-06-30 09:58:00,REGIONAL_DISTRIB,296.4,6,56,9.06,PERISHABLE_FOOD,26,COMPLETED
DSP-13118,RT-HUB_-REG-38,HUB_S,2025-06-30T14:51:00Z,REGIONAL_DISTRIB,299.7,6,68,9.14,PERISHABLE_FOOD,26,COMPLETED
DSP-13119,RT-HUB_-REG-39,HUB_S,06/30/2025 16:03,REGIONAL_DISTRIB,277.7,4,80,7.95,PERISHABLE_FOOD,26,COMPLETED
DSP-13120,RT-HUB_-LIN-40,HUB_03,2025-06-30 11:19:00,LINEHAUL_CORRIDOR,429.9,3,24,9.27,PERISHABLE_FOOD,26,COMPLETED
DSP-13121,RT-JAX_-REG-01,JAX_FL,2025-07-01T18:18:00Z,REGIONAL_DISTRIB,268.4,4,71,7.72,PERISHABLE_FOOD,26,COMPLETED
DSP-13122,RT-HUB_-LOC-02,HUB_S,07/01/2025 10:57,LOCAL_URBAN,119.3,7,107,7.76,PERISHABLE_FOOD,26,COMPLETED
DSP-13123,RT-HUB_-REG-03,HUB_03,2025-07-01 13:31:00,REGIONAL_DISTRIB,297.4,5,84,8.75,PHARMA_GDP,26,COMPLETED
DSP-13124,RT-HUB_-REG-04,HUB_03,2025-07-01T14:50:00Z,REGIONAL_DISTRIB,296.1,4,70,8.38,PERISHABLE_FOOD,26,COMPLETED
DSP-13125,RT-HUB_-REG-05,HUB_03,07/02/2025 11:27,REGIONAL_DISTRIB,263.6,5,75,7.94,PHARMA_GDP,26,COMPLETED
DSP-13126,RT-JAX_-REG-06,JAX_FL,2025-07-02 14:15:00,REGIONAL_DISTRIB,288.3,6,77,8.86,PERISHABLE_FOOD,26,COMPLETED
DSP-13127,RT-HUB_-LOC-07,HUB_03,2025-07-02T11:58:00Z,LOCAL_URBAN,127.1,9,113,8.78,PHARMA_GDP,24,COMPLETED
DSP-13128,RT-HUB_-LIN-08,HUB_S,07/02/2025 10:44,LINEHAUL_CORRIDOR,449.1,3,39,9.64,PERISHABLE_FOOD,26,COMPLETED
DSP-13129,RT-HUB_-REG-09,HUB_03,2025-07-03 07:09:00,REGIONAL_DISTRIB,274.3,5,79,8.2,PERISHABLE_FOOD,26,COMPLETED
DSP-13130,RT-JAX_-REG-10,JAX_FL,2025-07-03T14:43:00Z,REGIONAL_DISTRIB,270.7,6,55,8.45,PERISHABLE_FOOD,26,COMPLETED
DSP-13131,RT-JAX_-LIN-11,JAX_FL,07/03/2025 07:18,LINEHAUL_CORRIDOR,413.7,1,32,8.29,PERISHABLE_FOOD,26,COMPLETED
DSP-13132,RT-JAX_-REG-12,JAX_FL,2025-07-03 13:47:00,REGIONAL_DISTRIB,288.8,4,84,8.21,PHARMA_GDP,26,COMPLETED
DSP-13133,RT-JAX_-REG-13,JAX_FL,2025-07-04T13:33:00Z,REGIONAL_DISTRIB,294.8,6,60,9.02,PERISHABLE_FOOD,26,COMPLETED
DSP-13134,RT-JAX_-LIN-14,JAX_FL,07/04/2025 09:30,LINEHAUL_CORRIDOR,436.2,3,21,9.39,PERISHABLE_FOOD,26,COMPLETED
DSP-13135,RT-HUB_-LIN-15,HUB_S,2025-07-04 16:45:00,LINEHAUL_CORRIDOR,443.2,1,30,8.86,PERISHABLE_FOOD,26,COMPLETED
DSP-13136,RT-JAX_-REG-16,JAX_FL,2025-07-04T09:47:00Z,REGIONAL_DISTRIB,304.4,5,58,8.91,PERISHABLE_FOOD,26,COMPLETED
DSP-13137,RT-HUB_-REG-17,HUB_S,07/05/2025 13:24,REGIONAL_DISTRIB,286.4,5,56,8.49,PERISHABLE_FOOD,26,COMPLETED
DSP-13138,RT-JAX_-LIN-18,JAX_FL,2025-07-05 15:51:00,LINEHAUL_CORRIDOR,434.2,3,24,9.35,PERISHABLE_FOOD,26,COMPLETED
DSP-13139,RT-HUB_-LIN-19,HUB_03,2025-07-05T15:14:00Z,LINEHAUL_CORRIDOR,461.2,2,39,9.54,PERISHABLE_FOOD,26,COMPLETED
DSP-13140,RT-JAX_-LIN-20,JAX_FL,07/05/2025 18:02,LINEHAUL_CORRIDOR,430.9,2,40,8.95,PERISHABLE_FOOD,26,COMPLETED
DSP-13141,RT-HUB_-LOC-21,HUB_S,2025-07-06 15:43:00,LOCAL_URBAN,112.1,9,100,8.1,PERISHABLE_FOOD,26,COMPLETED
DSP-13142,RT-HUB_-REG-22,HUB_S,2025-07-06T11:41:00Z,REGIONAL_DISTRIB,280.4,5,72,8.34,PHARMA_GDP,26,COMPLETED
DSP-13143,RT-HUB_-LIN-23,HUB_S,07/06/2025 16:55,LINEHAUL_CORRIDOR,432.2,2,40,8.98,PERISHABLE_FOOD,26,VOID_TEST
DSP-13144,RT-JAX_-REG-24,JAX_FL,2025-07-06 15:02:00,REGIONAL_DISTRIB,297.4,5,81,8.75,PHARMA_GDP,26,COMPLETED
DSP-13145,RT-HUB_-REG-25,HUB_03,2025-07-07T07:20:00Z,REGIONAL_DISTRIB,263.1,6,76,8.26,PERISHABLE_FOOD,26,COMPLETED
DSP-13146,RT-HUB_-REG-26,HUB_S,07/07/2025 14:18,REGIONAL_DISTRIB,290.2,5,84,8.58,PHARMA_GDP,26,COMPLETED
DSP-13147,RT-HUB_-REG-27,HUB_S,2025-07-07 12:57:00,REGIONAL_DISTRIB,289.0,6,73,8.88,PERISHABLE_FOOD,26,COMPLETED
DSP-13148,RT-HUB_-REG-28,HUB_03,2025-07-07T16:20:00Z,REGIONAL_DISTRIB,261.7,4,66,7.56,PHARMA_GDP,26,COMPLETED
DSP-13149,RT-JAX_-LIN-29,JAX_FL,07/08/2025 06:51,LINEHAUL_CORRIDOR,423.4,2,37,8.81,PERISHABLE_FOOD,26,COMPLETED
DSP-13150,RT-JAX_-LOC-30,JAX_FL,2025-07-08 12:55:00,LOCAL_URBAN,113.5,7,97,7.49,PERISHABLE_FOOD,24,COMPLETED
DSP-13151,RT-JAX_-REG-31,JAX_FL,2025-07-08T12:37:00Z,REGIONAL_DISTRIB,298.9,5,61,8.78,PHARMA_GDP,26,COMPLETED
DSP-13152,RT-JAX_-LOC-32,JAX_FL,07/08/2025 17:48,LOCAL_URBAN,113.1,9,96,8.14,PERISHABLE_FOOD,24,COMPLETED
DSP-13153,RT-HUB_-REG-33,HUB_03,2025-07-09 07:41:00,REGIONAL_DISTRIB,263.2,6,63,8.27,PERISHABLE_FOOD,26,COMPLETED
DSP-13154,RT-HUB_-REG-34,HUB_03,2025-07-09T10:11:00Z,REGIONAL_DISTRIB,282.5,5,63,8.39,PHARMA_GDP,26,COMPLETED
DSP-13155,RT-JAX_-REG-35,JAX_FL,07/09/2025 12:43,REGIONAL_DISTRIB,264.3,6,65,8.29,PERISHABLE_FOOD,26,COMPLETED
DSP-13156,RT-HUB_-LOC-36,HUB_03,2025-07-09 18:13:00,LOCAL_URBAN,131.5,9,103,8.98,PHARMA_GDP,24,COMPLETED
DSP-13157,RT-HUB_-REG-37,HUB_03,2025-07-10T15:56:00Z,REGIONAL_DISTRIB,286.9,5,66,8.5,PERISHABLE_FOOD,26,COMPLETED
DSP-13158,RT-HUB_-LIN-38,HUB_S,07/10/2025 11:40,LINEHAUL_CORRIDOR,464.6,2,40,9.6,PERISHABLE_FOOD,26,COMPLETED
DSP-13159,RT-JAX_-LIN-39,JAX_FL,2025-07-10 05:59:00,LINEHAUL_CORRIDOR,457.2,3,29,9.79,PERISHABLE_FOOD,26,COMPLETED
DSP-13160,RT-HUB_-LIN-40,HUB_03,2025-07-10T17:01:00Z,LINEHAUL_CORRIDOR,469.8,2,40,9.7,PERISHABLE_FOOD,26,COMPLETED
DSP-13161,RT-HUB_-LIN-01,HUB_03,07/11/2025 13:52,LINEHAUL_CORRIDOR,458.4,3,27,9.82,PERISHABLE_FOOD,26,COMPLETED
DSP-13162,RT-JAX_-REG-02,JAX_FL,2025-07-11 11:15:00,REGIONAL_DISTRIB,261.9,6,61,8.24,PERISHABLE_FOOD,26,COMPLETED
DSP-13163,RT-HUB_-LOC-03,HUB_S,2025-07-11T11:09:00Z,LOCAL_URBAN,110.6,10,86,8.36,PHARMA_GDP,25,COMPLETED
DSP-13164,RT-JAX_-LIN-04,JAX_FL,07/11/2025 15:20,LINEHAUL_CORRIDOR,455.5,2,21,9.43,PERISHABLE_FOOD,26,COMPLETED
DSP-13165,RT-JAX_-LOC-05,JAX_FL,2025-07-12 06:55:00,LOCAL_URBAN,123.6,8,113,8.28,PHARMA_GDP,26,COMPLETED
DSP-13166,RT-HUB_-LOC-06,HUB_S,2025-07-12T11:58:00Z,LOCAL_URBAN,130.0,8,115,8.58,PERISHABLE_FOOD,26,COMPLETED
DSP-13167,RT-HUB_-REG-07,HUB_S,07/12/2025 16:20,REGIONAL_DISTRIB,268.9,5,70,8.07,PERISHABLE_FOOD,26,COMPLETED
DSP-13168,RT-JAX_-REG-08,JAX_FL,2025-07-12 10:19:00,REGIONAL_DISTRIB,262.0,4,69,7.57,PHARMA_GDP,26,COMPLETED
DSP-13169,RT-HUB_-REG-09,HUB_S,2025-07-13T06:47:00Z,REGIONAL_DISTRIB,275.5,4,79,7.89,PHARMA_GDP,26,COMPLETED
DSP-13170,RT-JAX_-REG-10,JAX_FL,07/13/2025 11:55,REGIONAL_DISTRIB,298.6,4,70,8.44,PERISHABLE_FOOD,26,COMPLETED
DSP-13171,RT-HUB_-REG-11,HUB_S,2025-07-13 16:47:00,REGIONAL_DISTRIB,292.1,6,73,8.95,PHARMA_GDP,26,COMPLETED
DSP-13172,RT-HUB_-LOC-12,HUB_S,2025-07-13T16:44:00Z,LOCAL_URBAN,129.2,7,83,8.21,PERISHABLE_FOOD,26,COMPLETED
DSP-13173,RT-JAX_-REG-13,JAX_FL,07/14/2025 10:41,REGIONAL_DISTRIB,276.4,4,67,7.91,PERISHABLE_FOOD,26,COMPLETED
DSP-13174,RT-JAX_-REG-14,JAX_FL,2025-07-14 17:19:00,REGIONAL_DISTRIB,300.4,5,80,8.82,PERISHABLE_FOOD,26,COMPLETED
DSP-13175,RT-HUB_-LIN-15,HUB_S,2025-07-14T07:21:00Z,LINEHAUL_CORRIDOR,461.8,3,32,9.88,PERISHABLE_FOOD,26,COMPLETED
DSP-13176,RT-HUB_-LIN-16,HUB_S,07/14/2025 11:25,LINEHAUL_CORRIDOR,457.8,1,22,9.14,PHARMA_GDP,26,COMPLETED
DSP-13177,RT-HUB_-LOC-17,HUB_03,2025-07-15 11:21:00,LOCAL_URBAN,112.7,10,114,8.46,PERISHABLE_FOOD,24,COMPLETED
DSP-13178,RT-HUB_-REG-18,HUB_03,2025-07-15T12:28:00Z,REGIONAL_DISTRIB,294.1,5,69,8.67,PERISHABLE_FOOD,26,COMPLETED
DSP-13179,RT-HUB_-LOC-19,HUB_S,07/15/2025 07:03,LOCAL_URBAN,127.2,9,97,8.78,PHARMA_GDP,24,COMPLETED
DSP-13180,RT-JAX_-REG-20,JAX_FL,2025-07-15 12:42:00,REGIONAL_DISTRIB,298.3,6,65,9.1,PHARMA_GDP,26,COMPLETED
DSP-13181,RT-HUB_-REG-21,HUB_S,2025-07-16T17:07:00Z,REGIONAL_DISTRIB,266.5,4,72,7.68,PERISHABLE_FOOD,26,COMPLETED
DSP-13182,RT-JAX_-REG-22,JAX_FL,07/16/2025 12:35,REGIONAL_DISTRIB,273.5,4,72,7.85,PERISHABLE_FOOD,26,COMPLETED
DSP-13183,RT-JAX_-LOC-23,JAX_FL,2025-07-16 08:45:00,LOCAL_URBAN,110.7,7,96,7.37,PERISHABLE_FOOD,24,COMPLETED
DSP-13184,RT-HUB_-LIN-24,HUB_S,2025-07-16T05:42:00Z,LINEHAUL_CORRIDOR,416.7,2,25,8.68,PERISHABLE_FOOD,26,VOID_TEST
DSP-13185,RT-HUB_-LIN-25,HUB_03,07/17/2025 17:06,LINEHAUL_CORRIDOR,433.7,2,34,9.01,PERISHABLE_FOOD,26,VOID_TEST
DSP-13186,RT-HUB_-REG-26,HUB_03,2025-07-17 11:39:00,REGIONAL_DISTRIB,281.7,4,72,8.04,PHARMA_GDP,26,COMPLETED
DSP-13187,RT-HUB_-LOC-27,HUB_03,2025-07-17T07:01:00Z,LOCAL_URBAN,120.5,10,84,8.81,PERISHABLE_FOOD,24,COMPLETED
DSP-13188,RT-HUB_-REG-28,HUB_03,07/17/2025 07:02,REGIONAL_DISTRIB,298.0,5,72,8.76,PHARMA_GDP,26,COMPLETED
DSP-13189,RT-JAX_-REG-29,JAX_FL,2025-07-18 15:51:00,REGIONAL_DISTRIB,270.2,6,60,8.43,PHARMA_GDP,26,COMPLETED
DSP-13190,RT-HUB_-REG-30,HUB_03,2025-07-18T05:50:00Z,REGIONAL_DISTRIB,281.0,4,73,8.02,PERISHABLE_FOOD,26,COMPLETED
DSP-13191,RT-JAX_-LIN-31,JAX_FL,07/18/2025 18:21,LINEHAUL_CORRIDOR,446.6,1,32,8.92,PERISHABLE_FOOD,26,COMPLETED
DSP-13192,RT-JAX_-LIN-32,JAX_FL,2025-07-18 11:22:00,LINEHAUL_CORRIDOR,455.0,3,20,9.75,PHARMA_GDP,26,COMPLETED
DSP-13193,RT-HUB_-LIN-33,HUB_S,2025-07-19T17:25:00Z,LINEHAUL_CORRIDOR,445.8,3,21,9.57,PHARMA_GDP,26,COMPLETED
DSP-13194,RT-JAX_-LOC-34,JAX_FL,07/19/2025 12:47,LOCAL_URBAN,119.9,8,105,8.12,PERISHABLE_FOOD,24,COMPLETED
DSP-13195,RT-HUB_-LIN-35,HUB_03,2025-07-19 18:25:00,LINEHAUL_CORRIDOR,414.0,1,40,8.29,PERISHABLE_FOOD,26,COMPLETED
DSP-13196,RT-HUB_-REG-36,HUB_S,2025-07-19T14:15:00Z,REGIONAL_DISTRIB,260.2,4,58,7.53,PERISHABLE_FOOD,26,COMPLETED
DSP-13197,RT-HUB_-LIN-37,HUB_03,07/20/2025 13:44,LINEHAUL_CORRIDOR,440.9,1,39,8.81,PHARMA_GDP,26,COMPLETED
DSP-13198,RT-HUB_-LOC-38,HUB_03,2025-07-20 09:26:00,LOCAL_URBAN,131.0,7,80,8.29,PHARMA_GDP,25,COMPLETED
DSP-13199,RT-HUB_-REG-39,HUB_S,2025-07-20T06:31:00Z,REGIONAL_DISTRIB,275.2,5,67,8.22,PERISHABLE_FOOD,26,COMPLETED
DSP-13200,RT-JAX_-LOC-40,JAX_FL,07/20/2025 08:35,LOCAL_URBAN,111.2,7,89,7.39,PERISHABLE_FOOD,24,COMPLETED
DSP-13201,RT-HUB_-REG-01,HUB_03,2025-07-21 08:51:00,REGIONAL_DISTRIB,288.6,6,70,8.87,PERISHABLE_FOOD,26,COMPLETED
DSP-13202,RT-JAX_-REG-02,JAX_FL,2025-07-21T08:32:00Z,REGIONAL_DISTRIB,282.2,5,57,8.39,PERISHABLE_FOOD,26,COMPLETED
DSP-13203,RT-JAX_-REG-03,JAX_FL,07/21/2025 16:54,REGIONAL_DISTRIB,262.6,6,64,8.25,PHARMA_GDP,26,VOID_TEST
DSP-13204,RT-HUB_-LIN-04,HUB_S,2025-07-21 08:45:00,LINEHAUL_CORRIDOR,425.2,1,40,8.51,PERISHABLE_FOOD,26,COMPLETED
DSP-13205,RT-JAX_-REG-05,JAX_FL,2025-07-22T13:25:00Z,REGIONAL_DISTRIB,294.0,5,79,8.67,PERISHABLE_FOOD,26,COMPLETED
DSP-13206,RT-HUB_-LOC-06,HUB_S,07/22/2025 17:29,LOCAL_URBAN,117.0,9,100,8.32,PERISHABLE_FOOD,26,COMPLETED
DSP-13207,RT-JAX_-REG-07,JAX_FL,2025-07-22 17:45:00,REGIONAL_DISTRIB,288.6,4,81,8.2,PHARMA_GDP,26,COMPLETED
DSP-13208,RT-HUB_-LOC-08,HUB_S,2025-07-22T10:25:00Z,LOCAL_URBAN,124.5,10,108,8.99,PHARMA_GDP,25,COMPLETED
DSP-13209,RT-HUB_-REG-09,HUB_S,07/23/2025 17:25,REGIONAL_DISTRIB,272.6,6,82,8.49,PHARMA_GDP,26,COMPLETED
DSP-13210,RT-JAX_-LIN-10,JAX_FL,2025-07-23 06:24:00,LINEHAUL_CORRIDOR,460.6,3,22,9.86,PERISHABLE_FOOD,26,COMPLETED
DSP-13211,RT-HUB_-LOC-11,HUB_03,2025-07-23T06:36:00Z,LOCAL_URBAN,111.3,9,99,8.06,PERISHABLE_FOOD,25,COMPLETED
DSP-13212,RT-HUB_-LIN-12,HUB_03,07/23/2025 10:13,LINEHAUL_CORRIDOR,444.6,2,29,9.22,PERISHABLE_FOOD,26,COMPLETED
DSP-13213,RT-HUB_-REG-13,HUB_03,2025-07-24 12:13:00,REGIONAL_DISTRIB,266.7,6,80,8.35,PERISHABLE_FOOD,26,COMPLETED
DSP-13214,RT-HUB_-REG-14,HUB_03,2025-07-24T15:02:00Z,REGIONAL_DISTRIB,272.1,6,55,8.48,PERISHABLE_FOOD,26,COMPLETED
DSP-13215,RT-JAX_-REG-15,JAX_FL,07/24/2025 12:16,REGIONAL_DISTRIB,298.6,6,68,9.11,PHARMA_GDP,26,COMPLETED
DSP-13216,RT-JAX_-LOC-16,JAX_FL,2025-07-24 12:20:00,LOCAL_URBAN,131.6,10,84,9.32,PHARMA_GDP,24,COMPLETED
DSP-13217,RT-HUB_-REG-17,HUB_S,2025-07-25T12:32:00Z,REGIONAL_DISTRIB,298.8,5,83,8.78,PERISHABLE_FOOD,26,COMPLETED
DSP-13218,RT-HUB_-REG-18,HUB_S,07/25/2025 13:07,REGIONAL_DISTRIB,300.2,5,59,8.81,PHARMA_GDP,26,COMPLETED
DSP-13219,RT-JAX_-LIN-19,JAX_FL,2025-07-25 17:45:00,LINEHAUL_CORRIDOR,465.4,1,22,9.28,PHARMA_GDP,26,COMPLETED
DSP-13220,RT-HUB_-LOC-20,HUB_S,2025-07-25T12:04:00Z,LOCAL_URBAN,124.9,8,91,8.34,PERISHABLE_FOOD,24,COMPLETED
DSP-13221,RT-JAX_-LIN-21,JAX_FL,07/26/2025 06:20,LINEHAUL_CORRIDOR,427.2,1,27,8.55,PHARMA_GDP,26,COMPLETED
DSP-13222,RT-JAX_-REG-22,JAX_FL,2025-07-26 17:26:00,REGIONAL_DISTRIB,270.3,5,67,8.1,PHARMA_GDP,26,COMPLETED
DSP-13223,RT-HUB_-REG-23,HUB_03,2025-07-26T12:09:00Z,REGIONAL_DISTRIB,303.8,6,62,9.23,PERISHABLE_FOOD,26,COMPLETED
DSP-13224,RT-HUB_-LOC-24,HUB_S,07/26/2025 09:35,LOCAL_URBAN,120.9,10,100,8.83,PERISHABLE_FOOD,26,COMPLETED
DSP-13225,RT-HUB_-REG-25,HUB_03,2025-07-27 10:03:00,REGIONAL_DISTRIB,292.2,4,56,8.29,PERISHABLE_FOOD,26,COMPLETED
DSP-13226,RT-JAX_-REG-26,JAX_FL,2025-07-27T09:40:00Z,REGIONAL_DISTRIB,283.9,5,62,8.43,PHARMA_GDP,26,COMPLETED
DSP-13227,RT-HUB_-LIN-27,HUB_03,07/27/2025 12:18,LINEHAUL_CORRIDOR,441.8,1,30,8.83,PHARMA_GDP,26,COMPLETED
DSP-13228,RT-HUB_-REG-28,HUB_S,2025-07-27 14:03:00,REGIONAL_DISTRIB,296.0,5,72,8.71,PERISHABLE_FOOD,26,COMPLETED
DSP-13229,RT-HUB_-REG-29,HUB_03,2025-07-28T07:37:00Z,REGIONAL_DISTRIB,261.2,4,56,7.55,PHARMA_GDP,26,COMPLETED
DSP-13230,RT-HUB_-LIN-30,HUB_S,07/28/2025 13:55,LINEHAUL_CORRIDOR,412.1,1,39,8.26,PERISHABLE_FOOD,26,COMPLETED
DSP-13231,RT-HUB_-LIN-31,HUB_S,2025-07-28 15:03:00,LINEHAUL_CORRIDOR,456.5,3,24,9.78,PERISHABLE_FOOD,26,COMPLETED
DSP-13232,RT-HUB_-LIN-32,HUB_S,2025-07-28T17:49:00Z,LINEHAUL_CORRIDOR,441.2,1,22,8.82,PHARMA_GDP,26,COMPLETED
DSP-13233,RT-HUB_-LOC-33,HUB_03,07/29/2025 11:30,LOCAL_URBAN,130.4,10,105,9.26,PHARMA_GDP,24,COMPLETED
DSP-13234,RT-HUB_-REG-34,HUB_S,2025-07-29 16:32:00,REGIONAL_DISTRIB,282.8,5,55,8.4,PHARMA_GDP,26,COMPLETED
DSP-13235,RT-HUB_-REG-35,HUB_03,2025-07-29T17:15:00Z,REGIONAL_DISTRIB,290.8,4,85,8.26,PHARMA_GDP,26,COMPLETED
DSP-13236,RT-HUB_-LOC-36,HUB_S,07/29/2025 06:55,LOCAL_URBAN,132.2,9,99,9.01,PHARMA_GDP,25,COMPLETED
DSP-13237,RT-HUB_-REG-37,HUB_03,2025-07-30 11:56:00,REGIONAL_DISTRIB,289.6,6,57,8.9,PHARMA_GDP,26,COMPLETED
DSP-13238,RT-HUB_-REG-38,HUB_03,2025-07-30T09:47:00Z,REGIONAL_DISTRIB,293.3,4,66,8.32,PHARMA_GDP,26,COMPLETED
DSP-13239,RT-HUB_-REG-39,HUB_S,07/30/2025 10:17,REGIONAL_DISTRIB,292.5,4,70,8.3,PERISHABLE_FOOD,26,COMPLETED
DSP-13240,RT-HUB_-REG-40,HUB_S,2025-07-30 09:14:00,REGIONAL_DISTRIB,285.8,5,71,8.47,PERISHABLE_FOOD,26,COMPLETED
DSP-13241,RT-HUB_-REG-01,HUB_03,2025-07-31T10:58:00Z,REGIONAL_DISTRIB,289.0,5,56,8.55,PERISHABLE_FOOD,26,COMPLETED
DSP-13242,RT-HUB_-REG-02,HUB_S,07/31/2025 14:15,REGIONAL_DISTRIB,278.1,4,63,7.95,PERISHABLE_FOOD,26,COMPLETED
DSP-13243,RT-JAX_-REG-03,JAX_FL,2025-07-31 13:08:00,REGIONAL_DISTRIB,264.3,4,78,7.63,PHARMA_GDP,26,COMPLETED
DSP-13244,RT-HUB_-REG-04,HUB_03,2025-07-31T05:37:00Z,REGIONAL_DISTRIB,261.2,4,66,7.55,PHARMA_GDP,26,COMPLETED
DSP-13245,RT-HUB_-REG-05,HUB_S,08/01/2025 14:58,REGIONAL_DISTRIB,292.4,4,62,8.3,PHARMA_GDP,26,COMPLETED
DSP-13246,RT-HUB_-REG-06,HUB_03,2025-08-01 15:28:00,REGIONAL_DISTRIB,298.3,5,73,8.77,PHARMA_GDP,26,COMPLETED
DSP-13247,RT-JAX_-LIN-07,JAX_FL,2025-08-01T12:23:00Z,LINEHAUL_CORRIDOR,447.9,2,30,9.28,PERISHABLE_FOOD,26,COMPLETED
DSP-13248,RT-JAX_-REG-08,JAX_FL,08/01/2025 11:23,REGIONAL_DISTRIB,263.7,6,60,8.28,PERISHABLE_FOOD,26,COMPLETED
DSP-13249,RT-HUB_-REG-09,HUB_03,2025-08-02 09:07:00,REGIONAL_DISTRIB,265.0,5,84,7.98,PHARMA_GDP,26,COMPLETED
DSP-13250,RT-HUB_-LOC-10,HUB_03,2025-08-02T15:20:00Z,LOCAL_URBAN,125.0,8,84,8.35,PHARMA_GDP,26,COMPLETED
DSP-13251,RT-JAX_-REG-11,JAX_FL,08/02/2025 12:40,REGIONAL_DISTRIB,294.2,6,68,9.0,PERISHABLE_FOOD,26,COMPLETED
DSP-13252,RT-HUB_-REG-12,HUB_03,2025-08-02 15:27:00,REGIONAL_DISTRIB,288.6,4,75,8.2,PERISHABLE_FOOD,26,COMPLETED
DSP-13253,RT-HUB_-LOC-13,HUB_03,2025-08-03T12:18:00Z,LOCAL_URBAN,134.4,10,103,9.44,PERISHABLE_FOOD,25,COMPLETED
DSP-13254,RT-HUB_-REG-14,HUB_03,08/03/2025 15:28,REGIONAL_DISTRIB,283.3,6,75,8.75,PHARMA_GDP,26,COMPLETED
DSP-13255,RT-HUB_-REG-15,HUB_S,2025-08-03 13:07:00,REGIONAL_DISTRIB,284.0,4,75,8.1,PHARMA_GDP,26,COMPLETED
DSP-13256,RT-HUB_-REG-16,HUB_S,2025-08-03T12:14:00Z,REGIONAL_DISTRIB,292.4,6,64,8.96,PHARMA_GDP,26,COMPLETED
DSP-13257,RT-HUB_-REG-17,HUB_S,08/04/2025 07:53,REGIONAL_DISTRIB,265.7,4,67,7.66,PHARMA_GDP,26,COMPLETED
DSP-13258,RT-HUB_-LIN-18,HUB_S,2025-08-04 16:47:00,LINEHAUL_CORRIDOR,423.2,3,27,9.14,PHARMA_GDP,26,COMPLETED
DSP-13259,RT-JAX_-LIN-19,JAX_FL,2025-08-04T07:15:00Z,LINEHAUL_CORRIDOR,464.7,3,30,9.94,PHARMA_GDP,26,COMPLETED
DSP-13260,RT-HUB_-LOC-20,HUB_03,08/04/2025 12:06,LOCAL_URBAN,114.6,9,84,8.21,PHARMA_GDP,25,COMPLETED
DSP-13261,RT-HUB_-LIN-21,HUB_S,2025-08-05 08:51:00,LINEHAUL_CORRIDOR,448.0,3,28,9.62,PHARMA_GDP,26,COMPLETED
DSP-13262,RT-JAX_-REG-22,JAX_FL,2025-08-05T18:18:00Z,REGIONAL_DISTRIB,296.1,4,60,8.38,PERISHABLE_FOOD,26,COMPLETED
DSP-13263,RT-HUB_-REG-23,HUB_03,08/05/2025 10:45,REGIONAL_DISTRIB,290.8,6,70,8.92,PERISHABLE_FOOD,26,COMPLETED
DSP-13264,RT-HUB_-LIN-24,HUB_S,2025-08-05 11:50:00,LINEHAUL_CORRIDOR,420.0,1,29,8.41,PERISHABLE_FOOD,26,VOID_TEST
DSP-13265,RT-JAX_-REG-25,JAX_FL,2025-08-06T11:49:00Z,REGIONAL_DISTRIB,287.2,4,73,8.17,PHARMA_GDP,26,COMPLETED
DSP-13266,RT-HUB_-LOC-26,HUB_03,08/06/2025 12:45,LOCAL_URBAN,131.0,9,99,8.95,PHARMA_GDP,26,COMPLETED
DSP-13267,RT-JAX_-REG-27,JAX_FL,2025-08-06 15:45:00,REGIONAL_DISTRIB,271.7,4,77,7.8,PERISHABLE_FOOD,26,COMPLETED
DSP-13268,RT-JAX_-REG-28,JAX_FL,2025-08-06T12:53:00Z,REGIONAL_DISTRIB,266.5,6,78,8.35,PHARMA_GDP,26,COMPLETED
DSP-13269,RT-HUB_-LIN-29,HUB_03,08/07/2025 14:31,LINEHAUL_CORRIDOR,423.5,1,29,8.48,PERISHABLE_FOOD,26,COMPLETED
DSP-13270,RT-HUB_-LIN-30,HUB_S,2025-08-07 14:14:00,LINEHAUL_CORRIDOR,450.3,1,31,8.99,PHARMA_GDP,26,COMPLETED
DSP-13271,RT-HUB_-LOC-31,HUB_03,2025-08-07T08:47:00Z,LOCAL_URBAN,130.7,7,94,8.27,PHARMA_GDP,25,COMPLETED
DSP-13272,RT-JAX_-LIN-32,JAX_FL,08/07/2025 09:36,LINEHAUL_CORRIDOR,450.8,1,25,9.0,PERISHABLE_FOOD,26,COMPLETED
DSP-13273,RT-HUB_-REG-33,HUB_S,2025-08-08 09:15:00,REGIONAL_DISTRIB,281.4,5,55,8.37,PERISHABLE_FOOD,26,COMPLETED
DSP-13274,RT-HUB_-LOC-34,HUB_S,2025-08-08T05:38:00Z,LOCAL_URBAN,115.8,7,100,7.6,PERISHABLE_FOOD,25,COMPLETED
DSP-13275,RT-HUB_-REG-35,HUB_S,08/08/2025 11:04,REGIONAL_DISTRIB,296.8,5,77,8.73,PHARMA_GDP,26,COMPLETED
DSP-13276,RT-HUB_-LIN-36,HUB_S,2025-08-08 09:39:00,LINEHAUL_CORRIDOR,467.4,2,40,9.66,PERISHABLE_FOOD,26,COMPLETED
DSP-13277,RT-JAX_-LIN-37,JAX_FL,2025-08-09T15:09:00Z,LINEHAUL_CORRIDOR,450.5,2,32,9.33,PHARMA_GDP,26,COMPLETED
DSP-13278,RT-HUB_-LIN-38,HUB_03,08/09/2025 13:19,LINEHAUL_CORRIDOR,417.9,1,36,8.37,PERISHABLE_FOOD,26,COMPLETED
DSP-13279,RT-JAX_-LOC-39,JAX_FL,2025-08-09 09:16:00,LOCAL_URBAN,116.2,9,81,8.28,PHARMA_GDP,26,COMPLETED
DSP-13280,RT-JAX_-LIN-40,JAX_FL,2025-08-09T06:51:00Z,LINEHAUL_CORRIDOR,465.9,1,39,9.29,PERISHABLE_FOOD,26,COMPLETED
DSP-13281,RT-HUB_-REG-01,HUB_03,08/10/2025 14:10,REGIONAL_DISTRIB,302.7,5,68,8.87,PERISHABLE_FOOD,26,COMPLETED
DSP-13282,RT-HUB_-REG-02,HUB_03,2025-08-10 07:12:00,REGIONAL_DISTRIB,260.8,5,58,7.88,PERISHABLE_FOOD,26,COMPLETED
DSP-13283,RT-JAX_-REG-03,JAX_FL,2025-08-10T06:25:00Z,REGIONAL_DISTRIB,300.1,6,68,9.15,PHARMA_GDP,26,COMPLETED
DSP-13284,RT-HUB_-REG-04,HUB_03,08/10/2025 15:05,REGIONAL_DISTRIB,263.3,4,64,7.6,PHARMA_GDP,26,COMPLETED
DSP-13285,RT-JAX_-LIN-05,JAX_FL,2025-08-11 09:42:00,LINEHAUL_CORRIDOR,450.1,2,39,9.32,PERISHABLE_FOOD,26,COMPLETED
DSP-13286,RT-JAX_-LIN-06,JAX_FL,2025-08-11T06:32:00Z,LINEHAUL_CORRIDOR,411.4,3,21,8.91,PERISHABLE_FOOD,26,COMPLETED
DSP-13287,RT-HUB_-LIN-07,HUB_03,08/11/2025 13:23,LINEHAUL_CORRIDOR,435.1,1,21,8.7,PERISHABLE_FOOD,26,COMPLETED
DSP-13288,RT-JAX_-REG-08,JAX_FL,2025-08-11 15:37:00,REGIONAL_DISTRIB,284.2,4,56,8.1,PHARMA_GDP,26,COMPLETED
DSP-13289,RT-HUB_-REG-09,HUB_S,2025-08-12T07:03:00Z,REGIONAL_DISTRIB,265.1,6,70,8.31,PERISHABLE_FOOD,26,COMPLETED
DSP-13290,RT-HUB_-LIN-10,HUB_03,08/12/2025 10:55,LINEHAUL_CORRIDOR,465.9,1,31,9.29,PERISHABLE_FOOD,26,COMPLETED
DSP-13291,RT-JAX_-LIN-11,JAX_FL,2025-08-12 08:15:00,LINEHAUL_CORRIDOR,432.8,1,36,8.66,PHARMA_GDP,26,COMPLETED
DSP-13292,RT-HUB_-LIN-12,HUB_S,2025-08-12T12:43:00Z,LINEHAUL_CORRIDOR,469.0,1,29,9.35,PERISHABLE_FOOD,26,COMPLETED
DSP-13293,RT-HUB_-LOC-13,HUB_03,08/13/2025 14:58,LOCAL_URBAN,122.9,7,114,7.92,PHARMA_GDP,25,COMPLETED
DSP-13294,RT-JAX_-LIN-14,JAX_FL,2025-08-13 10:48:00,LINEHAUL_CORRIDOR,445.0,3,31,9.56,PHARMA_GDP,26,COMPLETED
DSP-13295,RT-HUB_-REG-15,HUB_S,2025-08-13T11:54:00Z,REGIONAL_DISTRIB,300.1,5,67,8.81,PERISHABLE_FOOD,26,COMPLETED
DSP-13296,RT-JAX_-REG-16,JAX_FL,08/13/2025 06:57,REGIONAL_DISTRIB,276.8,6,65,8.59,PERISHABLE_FOOD,26,COMPLETED
DSP-13297,RT-HUB_-LOC-17,HUB_03,2025-08-14 09:29:00,LOCAL_URBAN,126.7,9,105,8.76,PHARMA_GDP,25,COMPLETED
DSP-13298,RT-JAX_-LOC-18,JAX_FL,2025-08-14T06:16:00Z,LOCAL_URBAN,125.6,10,93,9.04,PERISHABLE_FOOD,24,COMPLETED
DSP-13299,RT-HUB_-REG-19,HUB_03,08/14/2025 09:19,REGIONAL_DISTRIB,303.3,5,65,8.89,PERISHABLE_FOOD,26,COMPLETED
DSP-13300,RT-HUB_-REG-20,HUB_03,2025-08-14 17:05:00,REGIONAL_DISTRIB,270.9,6,61,8.45,PHARMA_GDP,26,COMPLETED
DSP-13301,RT-JAX_-LIN-21,JAX_FL,2025-08-15T15:39:00Z,LINEHAUL_CORRIDOR,460.4,1,31,9.19,PHARMA_GDP,26,VOID_TEST
DSP-13302,RT-HUB_-LOC-22,HUB_S,08/15/2025 10:50,LOCAL_URBAN,126.6,8,103,8.42,PERISHABLE_FOOD,25,COMPLETED
DSP-13303,RT-HUB_-LIN-23,HUB_S,2025-08-15 16:06:00,LINEHAUL_CORRIDOR,427.7,1,36,8.56,PERISHABLE_FOOD,26,COMPLETED
DSP-13304,RT-JAX_-LIN-24,JAX_FL,2025-08-15T14:02:00Z,LINEHAUL_CORRIDOR,444.1,2,32,9.21,PERISHABLE_FOOD,26,COMPLETED
DSP-13305,RT-HUB_-REG-25,HUB_03,08/16/2025 09:03,REGIONAL_DISTRIB,277.6,4,61,7.94,PERISHABLE_FOOD,26,COMPLETED
DSP-13306,RT-JAX_-LOC-26,JAX_FL,2025-08-16 14:49:00,LOCAL_URBAN,110.7,7,98,7.37,PHARMA_GDP,24,COMPLETED
DSP-13307,RT-HUB_-LIN-27,HUB_S,2025-08-16T10:47:00Z,LINEHAUL_CORRIDOR,439.5,3,28,9.45,PHARMA_GDP,26,COMPLETED
DSP-13308,RT-HUB_-LOC-28,HUB_03,08/16/2025 17:54,LOCAL_URBAN,125.5,8,102,8.37,PHARMA_GDP,26,COMPLETED
DSP-13309,RT-HUB_-LOC-29,HUB_03,2025-08-17 08:32:00,LOCAL_URBAN,129.4,10,83,9.22,PHARMA_GDP,24,COMPLETED
DSP-13310,RT-HUB_-LOC-30,HUB_03,2025-08-17T07:53:00Z,LOCAL_URBAN,119.6,10,108,8.77,PERISHABLE_FOOD,24,COMPLETED
DSP-13311,RT-HUB_-REG-31,HUB_03,08/17/2025 18:25,REGIONAL_DISTRIB,293.1,5,58,8.65,PERISHABLE_FOOD,26,COMPLETED
DSP-13312,RT-HUB_-REG-32,HUB_S,2025-08-17 07:43:00,REGIONAL_DISTRIB,278.6,5,56,8.3,PERISHABLE_FOOD,26,COMPLETED
DSP-13313,RT-HUB_-REG-33,HUB_03,2025-08-18T15:05:00Z,REGIONAL_DISTRIB,273.2,5,70,8.17,PERISHABLE_FOOD,26,COMPLETED
DSP-13314,RT-HUB_-REG-34,HUB_S,08/18/2025 09:49,REGIONAL_DISTRIB,274.7,5,67,8.21,PERISHABLE_FOOD,26,COMPLETED
DSP-13315,RT-HUB_-LOC-35,HUB_S,2025-08-18 09:16:00,LOCAL_URBAN,134.4,8,96,8.78,PERISHABLE_FOOD,25,COMPLETED
DSP-13316,RT-HUB_-REG-36,HUB_03,2025-08-18T07:28:00Z,REGIONAL_DISTRIB,263.5,5,56,7.94,PHARMA_GDP,26,COMPLETED
DSP-13317,RT-JAX_-LOC-37,JAX_FL,08/19/2025 17:45,LOCAL_URBAN,127.0,7,96,8.11,PERISHABLE_FOOD,26,COMPLETED
DSP-13318,RT-HUB_-LOC-38,HUB_03,2025-08-19 14:06:00,LOCAL_URBAN,112.1,9,109,8.1,PERISHABLE_FOOD,24,COMPLETED
DSP-13319,RT-HUB_-LIN-39,HUB_S,2025-08-19T16:13:00Z,LINEHAUL_CORRIDOR,458.9,3,24,9.82,PERISHABLE_FOOD,26,COMPLETED
DSP-13320,RT-HUB_-LIN-40,HUB_03,08/19/2025 08:46,LINEHAUL_CORRIDOR,434.6,3,26,9.36,PHARMA_GDP,26,COMPLETED
DSP-13321,RT-HUB_-LOC-01,HUB_S,2025-08-20 15:36:00,LOCAL_URBAN,111.7,7,87,7.41,PERISHABLE_FOOD,26,COMPLETED
DSP-13322,RT-HUB_-LIN-02,HUB_03,2025-08-20T13:25:00Z,LINEHAUL_CORRIDOR,451.8,1,25,9.02,PHARMA_GDP,26,COMPLETED
DSP-13323,RT-HUB_-REG-03,HUB_S,08/20/2025 17:33,REGIONAL_DISTRIB,280.3,6,66,8.67,PHARMA_GDP,26,COMPLETED
DSP-13324,RT-HUB_-REG-04,HUB_03,2025-08-20 05:42:00,REGIONAL_DISTRIB,273.3,6,69,8.51,PERISHABLE_FOOD,26,COMPLETED
DSP-13325,RT-HUB_-LIN-05,HUB_03,2025-08-21T12:50:00Z,LINEHAUL_CORRIDOR,433.4,2,35,9.0,PHARMA_GDP,26,COMPLETED
DSP-13326,RT-HUB_-REG-06,HUB_03,08/21/2025 09:24,REGIONAL_DISTRIB,295.6,5,78,8.7,PHARMA_GDP,26,COMPLETED
DSP-13327,RT-HUB_-REG-07,HUB_03,2025-08-21 06:08:00,REGIONAL_DISTRIB,287.8,6,74,8.85,PERISHABLE_FOOD,26,COMPLETED
DSP-13328,RT-HUB_-REG-08,HUB_S,2025-08-21T06:41:00Z,REGIONAL_DISTRIB,291.9,5,78,8.62,PERISHABLE_FOOD,26,COMPLETED
DSP-13329,RT-HUB_-LIN-09,HUB_03,08/22/2025 18:21,LINEHAUL_CORRIDOR,414.2,2,20,8.63,PHARMA_GDP,26,COMPLETED
DSP-13330,RT-HUB_-LIN-10,HUB_S,2025-08-22 08:35:00,LINEHAUL_CORRIDOR,452.2,3,21,9.7,PHARMA_GDP,26,COMPLETED
DSP-13331,RT-HUB_-LOC-11,HUB_S,2025-08-22T07:50:00Z,LOCAL_URBAN,134.9,10,101,9.47,PHARMA_GDP,24,COMPLETED
DSP-13332,RT-HUB_-REG-12,HUB_S,08/22/2025 13:08,REGIONAL_DISTRIB,273.0,4,63,7.83,PERISHABLE_FOOD,26,COMPLETED
DSP-13333,RT-JAX_-REG-13,JAX_FL,2025-08-23 13:46:00,REGIONAL_DISTRIB,288.6,6,81,8.87,PERISHABLE_FOOD,26,COMPLETED
DSP-13334,RT-HUB_-LOC-14,HUB_03,2025-08-23T13:21:00Z,LOCAL_URBAN,126.2,10,86,9.07,PHARMA_GDP,24,COMPLETED
DSP-13335,RT-HUB_-REG-15,HUB_S,08/23/2025 14:42,REGIONAL_DISTRIB,302.7,4,75,8.54,PERISHABLE_FOOD,26,COMPLETED
DSP-13336,RT-HUB_-REG-16,HUB_S,2025-08-23 05:32:00,REGIONAL_DISTRIB,264.6,4,69,7.63,PHARMA_GDP,26,COMPLETED
DSP-13337,RT-HUB_-LOC-17,HUB_S,2025-08-24T11:24:00Z,LOCAL_URBAN,112.3,9,98,8.1,PHARMA_GDP,25,COMPLETED
DSP-13338,RT-HUB_-REG-18,HUB_03,08/24/2025 17:29,REGIONAL_DISTRIB,270.5,6,76,8.44,PERISHABLE_FOOD,26,COMPLETED
DSP-13339,RT-HUB_-REG-19,HUB_S,2025-08-24 16:44:00,REGIONAL_DISTRIB,304.4,5,79,8.91,PERISHABLE_FOOD,26,COMPLETED
DSP-13340,RT-HUB_-LIN-20,HUB_S,2025-08-24T12:10:00Z,LINEHAUL_CORRIDOR,455.4,2,39,9.42,PERISHABLE_FOOD,26,COMPLETED
DSP-13341,RT-HUB_-REG-21,HUB_03,08/25/2025 16:23,REGIONAL_DISTRIB,277.4,4,85,7.94,PERISHABLE_FOOD,26,COMPLETED
DSP-13342,RT-HUB_-LIN-22,HUB_S,2025-08-25 10:02:00,LINEHAUL_CORRIDOR,423.0,3,29,9.13,PERISHABLE_FOOD,26,COMPLETED
DSP-13343,RT-JAX_-LOC-23,JAX_FL,2025-08-25T15:45:00Z,LOCAL_URBAN,133.0,9,113,9.05,PHARMA_GDP,25,COMPLETED
DSP-13344,RT-HUB_-LIN-24,HUB_S,08/25/2025 10:14,LINEHAUL_CORRIDOR,449.5,2,37,9.31,PERISHABLE_FOOD,26,COMPLETED
DSP-13345,RT-HUB_-REG-25,HUB_S,2025-08-26 13:29:00,REGIONAL_DISTRIB,269.0,4,83,7.74,PERISHABLE_FOOD,26,COMPLETED
DSP-13346,RT-HUB_-REG-26,HUB_S,2025-08-26T13:08:00Z,REGIONAL_DISTRIB,285.2,4,70,8.12,PERISHABLE_FOOD,26,COMPLETED
DSP-13347,RT-JAX_-LOC-27,JAX_FL,08/26/2025 14:09,LOCAL_URBAN,113.4,7,105,7.49,PERISHABLE_FOOD,26,COMPLETED
DSP-13348,RT-HUB_-LIN-28,HUB_03,2025-08-26 05:36:00,LINEHAUL_CORRIDOR,433.6,2,26,9.01,PERISHABLE_FOOD,26,COMPLETED
DSP-13349,RT-JAX_-LIN-29,JAX_FL,2025-08-27T15:15:00Z,LINEHAUL_CORRIDOR,448.8,2,35,9.3,PHARMA_GDP,26,COMPLETED
DSP-13350,RT-JAX_-LOC-30,JAX_FL,08/27/2025 17:07,LOCAL_URBAN,127.4,7,114,8.12,PERISHABLE_FOOD,25,COMPLETED
DSP-13351,RT-HUB_-REG-31,HUB_03,2025-08-27 11:33:00,REGIONAL_DISTRIB,287.2,6,56,8.84,PHARMA_GDP,26,VOID_TEST
DSP-13352,RT-JAX_-LOC-32,JAX_FL,2025-08-27T11:34:00Z,LOCAL_URBAN,134.0,7,83,8.42,PHARMA_GDP,25,COMPLETED
DSP-13353,RT-JAX_-REG-33,JAX_FL,08/28/2025 07:35,REGIONAL_DISTRIB,285.3,5,85,8.46,PERISHABLE_FOOD,26,COMPLETED
DSP-13354,RT-HUB_-LOC-34,HUB_S,2025-08-28 15:54:00,LOCAL_URBAN,128.5,8,92,8.51,PERISHABLE_FOOD,25,COMPLETED
DSP-13355,RT-JAX_-LOC-35,JAX_FL,2025-08-28T08:34:00Z,LOCAL_URBAN,127.0,10,110,9.11,PHARMA_GDP,26,COMPLETED
DSP-13356,RT-JAX_-REG-36,JAX_FL,08/28/2025 15:45,REGIONAL_DISTRIB,265.6,6,83,8.32,PERISHABLE_FOOD,26,COMPLETED
DSP-13357,RT-HUB_-LIN-37,HUB_03,2025-08-29 07:34:00,LINEHAUL_CORRIDOR,466.3,2,33,9.63,PHARMA_GDP,26,COMPLETED
DSP-13358,RT-JAX_-REG-38,JAX_FL,2025-08-29T14:16:00Z,REGIONAL_DISTRIB,299.5,4,68,8.46,PHARMA_GDP,26,COMPLETED
DSP-13359,RT-HUB_-LOC-39,HUB_03,08/29/2025 10:18,LOCAL_URBAN,119.6,8,81,8.1,PHARMA_GDP,25,COMPLETED
DSP-13360,RT-JAX_-REG-40,JAX_FL,2025-08-29 12:24:00,REGIONAL_DISTRIB,270.7,6,61,8.45,PHARMA_GDP,26,COMPLETED
DSP-13361,RT-HUB_-LOC-01,HUB_03,2025-08-30T09:12:00Z,LOCAL_URBAN,116.1,8,84,7.94,PERISHABLE_FOOD,26,COMPLETED
DSP-13362,RT-HUB_-LOC-02,HUB_03,08/30/2025 07:54,LOCAL_URBAN,132.5,8,105,8.69,PERISHABLE_FOOD,24,COMPLETED
DSP-13363,RT-HUB_-REG-03,HUB_S,2025-08-30 07:50:00,REGIONAL_DISTRIB,271.7,6,73,8.47,PHARMA_GDP,26,COMPLETED
DSP-13364,RT-JAX_-REG-04,JAX_FL,2025-08-30T18:28:00Z,REGIONAL_DISTRIB,271.6,5,76,8.13,PERISHABLE_FOOD,26,COMPLETED
DSP-13365,RT-HUB_-LIN-05,HUB_03,08/31/2025 06:49,LINEHAUL_CORRIDOR,453.8,2,36,9.39,PHARMA_GDP,26,COMPLETED
DSP-13366,RT-HUB_-REG-06,HUB_S,2025-08-31 11:05:00,REGIONAL_DISTRIB,279.2,4,74,7.98,PERISHABLE_FOOD,26,COMPLETED
DSP-13367,RT-HUB_-LIN-07,HUB_S,2025-08-31T18:10:00Z,LINEHAUL_CORRIDOR,429.0,2,39,8.92,PERISHABLE_FOOD,26,COMPLETED
DSP-13368,RT-JAX_-LIN-08,JAX_FL,08/31/2025 08:29,LINEHAUL_CORRIDOR,456.8,3,35,9.78,PERISHABLE_FOOD,26,COMPLETED
DSP-13369,RT-HUB_-REG-09,HUB_S,2025-09-01 12:40:00,REGIONAL_DISTRIB,260.7,6,63,8.21,PERISHABLE_FOOD,26,COMPLETED
DSP-13370,RT-HUB_-LIN-10,HUB_S,2025-09-01T11:02:00Z,LINEHAUL_CORRIDOR,468.0,2,20,9.67,PHARMA_GDP,26,COMPLETED
DSP-13371,RT-JAX_-LIN-11,JAX_FL,09/01/2025 13:19,LINEHAUL_CORRIDOR,420.5,2,31,8.75,PERISHABLE_FOOD,26,COMPLETED
DSP-13372,RT-HUB_-LIN-12,HUB_03,2025-09-01 14:50:00,LINEHAUL_CORRIDOR,457.8,1,39,9.14,PERISHABLE_FOOD,26,COMPLETED
DSP-13373,RT-HUB_-REG-13,HUB_S,2025-09-02T15:35:00Z,REGIONAL_DISTRIB,289.0,4,63,8.21,PERISHABLE_FOOD,26,COMPLETED
DSP-13374,RT-HUB_-REG-14,HUB_03,09/02/2025 07:52,REGIONAL_DISTRIB,304.4,5,55,8.91,PHARMA_GDP,26,COMPLETED
DSP-13375,RT-JAX_-REG-15,JAX_FL,2025-09-02 17:24:00,REGIONAL_DISTRIB,279.4,4,60,7.99,PHARMA_GDP,26,COMPLETED
DSP-13376,RT-HUB_-LOC-16,HUB_S,2025-09-02T06:17:00Z,LOCAL_URBAN,110.4,7,103,7.35,PHARMA_GDP,24,COMPLETED
DSP-13377,RT-JAX_-LOC-17,JAX_FL,09/03/2025 09:28,LOCAL_URBAN,134.1,9,115,9.1,PHARMA_GDP,25,COMPLETED
DSP-13378,RT-HUB_-LIN-18,HUB_S,2025-09-03 08:10:00,LINEHAUL_CORRIDOR,412.4,2,36,8.6,PERISHABLE_FOOD,26,COMPLETED
DSP-13379,RT-JAX_-REG-19,JAX_FL,2025-09-03T06:00:00Z,REGIONAL_DISTRIB,275.9,5,72,8.24,PHARMA_GDP,26,COMPLETED
DSP-13380,RT-HUB_-REG-20,HUB_S,09/03/2025 10:23,REGIONAL_DISTRIB,298.0,6,64,9.1,PHARMA_GDP,26,COMPLETED
DSP-13381,RT-HUB_-REG-21,HUB_03,2025-09-04 15:55:00,REGIONAL_DISTRIB,267.2,6,77,8.36,PERISHABLE_FOOD,26,COMPLETED
DSP-13382,RT-HUB_-REG-22,HUB_S,2025-09-04T05:53:00Z,REGIONAL_DISTRIB,292.9,5,65,8.64,PHARMA_GDP,26,COMPLETED
DSP-13383,RT-HUB_-REG-23,HUB_S,09/04/2025 07:57,REGIONAL_DISTRIB,287.8,6,72,8.85,PERISHABLE_FOOD,26,COMPLETED
DSP-13384,RT-HUB_-REG-24,HUB_S,2025-09-04 07:45:00,REGIONAL_DISTRIB,260.6,5,55,7.87,PERISHABLE_FOOD,26,COMPLETED
DSP-13385,RT-HUB_-LIN-25,HUB_S,2025-09-05T15:47:00Z,LINEHAUL_CORRIDOR,441.7,1,26,8.83,PERISHABLE_FOOD,26,COMPLETED
DSP-13386,RT-HUB_-REG-26,HUB_03,09/05/2025 13:31,REGIONAL_DISTRIB,269.2,4,68,7.74,PERISHABLE_FOOD,26,COMPLETED
DSP-13387,RT-HUB_-LIN-27,HUB_S,2025-09-05 14:54:00,LINEHAUL_CORRIDOR,452.6,1,23,9.04,PERISHABLE_FOOD,26,COMPLETED
DSP-13388,RT-HUB_-LIN-28,HUB_03,2025-09-05T10:47:00Z,LINEHAUL_CORRIDOR,428.3,1,26,8.57,PERISHABLE_FOOD,26,COMPLETED
DSP-13389,RT-HUB_-LIN-29,HUB_S,09/06/2025 05:31,LINEHAUL_CORRIDOR,433.4,2,32,9.0,PHARMA_GDP,26,COMPLETED
DSP-13390,RT-HUB_-REG-30,HUB_03,2025-09-06 12:56:00,REGIONAL_DISTRIB,293.0,6,55,8.98,PHARMA_GDP,26,COMPLETED
DSP-13391,RT-JAX_-LIN-31,JAX_FL,2025-09-06T09:36:00Z,LINEHAUL_CORRIDOR,459.8,1,36,9.18,PHARMA_GDP,26,COMPLETED
DSP-13392,RT-HUB_-REG-32,HUB_S,09/06/2025 07:16,REGIONAL_DISTRIB,260.8,6,85,8.21,PERISHABLE_FOOD,26,COMPLETED
DSP-13393,RT-HUB_-LOC-33,HUB_S,2025-09-07 16:40:00,LOCAL_URBAN,130.9,9,103,8.95,PHARMA_GDP,24,COMPLETED
DSP-13394,RT-JAX_-LIN-34,JAX_FL,2025-09-07T15:49:00Z,LINEHAUL_CORRIDOR,429.5,3,26,9.26,PERISHABLE_FOOD,26,COMPLETED
DSP-13395,RT-HUB_-LIN-35,HUB_03,09/07/2025 07:51,LINEHAUL_CORRIDOR,467.3,3,29,9.99,PERISHABLE_FOOD,26,COMPLETED
DSP-13396,RT-JAX_-LOC-36,JAX_FL,2025-09-07 17:40:00,LOCAL_URBAN,119.1,7,85,7.75,PHARMA_GDP,25,COMPLETED
DSP-13397,RT-HUB_-REG-37,HUB_03,2025-09-08T11:32:00Z,REGIONAL_DISTRIB,279.6,4,69,7.99,PERISHABLE_FOOD,26,COMPLETED
DSP-13398,RT-HUB_-REG-38,HUB_03,09/08/2025 18:27,REGIONAL_DISTRIB,286.4,4,55,8.15,PHARMA_GDP,26,COMPLETED
DSP-13399,RT-JAX_-LOC-39,JAX_FL,2025-09-08 07:21:00,LOCAL_URBAN,129.0,10,87,9.2,PERISHABLE_FOOD,25,COMPLETED
DSP-13400,RT-HUB_-LIN-40,HUB_03,2025-09-08T17:19:00Z,LINEHAUL_CORRIDOR,417.9,3,27,9.04,PHARMA_GDP,26,COMPLETED
DSP-13401,RT-JAX_-REG-01,JAX_FL,09/09/2025 14:56,REGIONAL_DISTRIB,299.6,4,65,8.47,PERISHABLE_FOOD,26,COMPLETED
DSP-13402,RT-HUB_-REG-02,HUB_03,2025-09-09 15:21:00,REGIONAL_DISTRIB,287.3,4,58,8.17,PERISHABLE_FOOD,26,COMPLETED
DSP-13403,RT-HUB_-LIN-03,HUB_S,2025-09-09T09:50:00Z,LINEHAUL_CORRIDOR,455.5,2,33,9.43,PERISHABLE_FOOD,26,COMPLETED
DSP-13404,RT-JAX_-LOC-04,JAX_FL,09/09/2025 14:06,LOCAL_URBAN,134.9,7,115,8.47,PERISHABLE_FOOD,25,COMPLETED
DSP-13405,RT-HUB_-LIN-05,HUB_S,2025-09-10 08:54:00,LINEHAUL_CORRIDOR,416.5,2,25,8.68,PHARMA_GDP,26,COMPLETED
DSP-13406,RT-JAX_-LIN-06,JAX_FL,2025-09-10T16:17:00Z,LINEHAUL_CORRIDOR,413.6,3,26,8.95,PHARMA_GDP,26,COMPLETED
DSP-13407,RT-JAX_-REG-07,JAX_FL,09/10/2025 06:13,REGIONAL_DISTRIB,286.0,6,73,8.81,PERISHABLE_FOOD,26,COMPLETED
DSP-13408,RT-HUB_-REG-08,HUB_03,2025-09-10 15:26:00,REGIONAL_DISTRIB,300.6,6,58,9.16,PERISHABLE_FOOD,26,COMPLETED
DSP-13409,RT-JAX_-LOC-09,JAX_FL,2025-09-11T09:03:00Z,LOCAL_URBAN,112.6,9,105,8.12,PERISHABLE_FOOD,24,COMPLETED
DSP-13410,RT-JAX_-REG-10,JAX_FL,09/11/2025 17:11,REGIONAL_DISTRIB,283.4,5,83,8.41,PERISHABLE_FOOD,26,COMPLETED
DSP-13411,RT-JAX_-LIN-11,JAX_FL,2025-09-11 17:45:00,LINEHAUL_CORRIDOR,440.7,3,40,9.47,PHARMA_GDP,26,COMPLETED
DSP-13412,RT-HUB_-REG-12,HUB_03,2025-09-11T15:30:00Z,REGIONAL_DISTRIB,270.9,6,84,8.45,PERISHABLE_FOOD,26,COMPLETED
DSP-13413,RT-HUB_-REG-13,HUB_03,09/12/2025 17:47,REGIONAL_DISTRIB,287.7,6,82,8.85,PERISHABLE_FOOD,26,COMPLETED
DSP-13414,RT-JAX_-LIN-14,JAX_FL,2025-09-12 12:55:00,LINEHAUL_CORRIDOR,449.6,2,28,9.31,PHARMA_GDP,26,COMPLETED
DSP-13415,RT-HUB_-LIN-15,HUB_S,2025-09-12T10:19:00Z,LINEHAUL_CORRIDOR,418.1,3,30,9.04,PHARMA_GDP,26,COMPLETED
DSP-13416,RT-HUB_-LIN-16,HUB_03,09/12/2025 08:51,LINEHAUL_CORRIDOR,416.5,2,20,8.68,PERISHABLE_FOOD,26,COMPLETED
DSP-13417,RT-JAX_-REG-17,JAX_FL,2025-09-13 13:21:00,REGIONAL_DISTRIB,287.5,5,85,8.51,PERISHABLE_FOOD,26,COMPLETED
DSP-13418,RT-JAX_-LIN-18,JAX_FL,2025-09-13T16:01:00Z,LINEHAUL_CORRIDOR,431.8,2,34,8.97,PERISHABLE_FOOD,26,COMPLETED
DSP-13419,RT-JAX_-LIN-19,JAX_FL,09/13/2025 10:13,LINEHAUL_CORRIDOR,443.1,2,35,9.19,PERISHABLE_FOOD,26,COMPLETED
DSP-13420,RT-JAX_-REG-20,JAX_FL,2025-09-13 12:54:00,REGIONAL_DISTRIB,304.8,6,76,9.26,PHARMA_GDP,26,COMPLETED
DSP-13421,RT-JAX_-REG-21,JAX_FL,2025-09-14T13:02:00Z,REGIONAL_DISTRIB,268.7,6,55,8.4,PERISHABLE_FOOD,26,COMPLETED
DSP-13422,RT-HUB_-REG-22,HUB_03,09/14/2025 09:30,REGIONAL_DISTRIB,266.7,4,77,7.68,PERISHABLE_FOOD,26,COMPLETED
DSP-13423,RT-HUB_-REG-23,HUB_S,2025-09-14 16:19:00,REGIONAL_DISTRIB,286.5,5,59,8.49,PERISHABLE_FOOD,26,COMPLETED
DSP-13424,RT-HUB_-REG-24,HUB_S,2025-09-14T10:42:00Z,REGIONAL_DISTRIB,294.4,4,84,8.34,PERISHABLE_FOOD,26,COMPLETED
DSP-13425,RT-HUB_-REG-25,HUB_S,09/15/2025 07:46,REGIONAL_DISTRIB,290.2,5,80,8.58,PHARMA_GDP,26,COMPLETED
DSP-13426,RT-HUB_-LOC-26,HUB_S,2025-09-15 09:57:00,LOCAL_URBAN,134.2,8,97,8.77,PERISHABLE_FOOD,24,COMPLETED
DSP-13427,RT-HUB_-LIN-27,HUB_03,2025-09-15T16:58:00Z,LINEHAUL_CORRIDOR,445.1,3,31,9.56,PHARMA_GDP,26,COMPLETED
DSP-13428,RT-HUB_-LIN-28,HUB_S,09/15/2025 06:42,LINEHAUL_CORRIDOR,418.9,1,33,8.39,PHARMA_GDP,26,COMPLETED
DSP-13429,RT-HUB_-REG-29,HUB_03,2025-09-16 17:55:00,REGIONAL_DISTRIB,302.0,5,73,8.86,PHARMA_GDP,26,COMPLETED
DSP-13430,RT-HUB_-LOC-30,HUB_S,2025-09-16T18:20:00Z,LOCAL_URBAN,124.1,7,89,7.97,PERISHABLE_FOOD,26,VOID_TEST
DSP-13431,RT-HUB_-REG-31,HUB_03,09/16/2025 08:28,REGIONAL_DISTRIB,279.7,5,58,8.33,PERISHABLE_FOOD,26,COMPLETED
DSP-13432,RT-JAX_-REG-32,JAX_FL,2025-09-16 12:05:00,REGIONAL_DISTRIB,292.0,4,66,8.29,PHARMA_GDP,26,COMPLETED
DSP-13433,RT-HUB_-REG-33,HUB_S,2025-09-17T14:51:00Z,REGIONAL_DISTRIB,302.2,5,66,8.86,PHARMA_GDP,26,COMPLETED
DSP-13434,RT-HUB_-REG-34,HUB_03,09/17/2025 17:43,REGIONAL_DISTRIB,275.0,4,70,7.88,PERISHABLE_FOOD,26,COMPLETED
DSP-13435,RT-HUB_-REG-35,HUB_S,2025-09-17 10:13:00,REGIONAL_DISTRIB,298.6,4,73,8.44,PERISHABLE_FOOD,26,COMPLETED
DSP-13436,RT-HUB_-LOC-36,HUB_S,2025-09-17T16:22:00Z,LOCAL_URBAN,114.4,8,105,7.87,PERISHABLE_FOOD,26,COMPLETED
DSP-13437,RT-HUB_-LIN-37,HUB_03,09/18/2025 10:51,LINEHAUL_CORRIDOR,443.8,1,25,8.87,PHARMA_GDP,26,COMPLETED
DSP-13438,RT-HUB_-LOC-38,HUB_03,2025-09-18 06:28:00,LOCAL_URBAN,129.3,7,107,8.21,PERISHABLE_FOOD,25,COMPLETED
DSP-13439,RT-HUB_-REG-39,HUB_03,2025-09-18T09:49:00Z,REGIONAL_DISTRIB,267.8,4,61,7.71,PERISHABLE_FOOD,26,COMPLETED
DSP-13440,RT-HUB_-REG-40,HUB_03,09/18/2025 16:34,REGIONAL_DISTRIB,281.4,4,84,8.03,PHARMA_GDP,26,COMPLETED
DSP-13441,RT-HUB_-REG-01,HUB_S,2025-09-19 17:08:00,REGIONAL_DISTRIB,294.0,4,73,8.33,PERISHABLE_FOOD,26,COMPLETED
DSP-13442,RT-HUB_-LIN-02,HUB_03,2025-09-19T06:00:00Z,LINEHAUL_CORRIDOR,446.6,1,20,8.92,PERISHABLE_FOOD,26,COMPLETED
DSP-13443,RT-HUB_-LIN-03,HUB_S,09/19/2025 13:44,LINEHAUL_CORRIDOR,412.5,1,37,8.27,PHARMA_GDP,26,COMPLETED
DSP-13444,RT-HUB_-LIN-04,HUB_03,2025-09-19 13:17:00,LINEHAUL_CORRIDOR,420.9,1,30,8.43,PHARMA_GDP,26,COMPLETED
DSP-13445,RT-HUB_-LIN-05,HUB_03,2025-09-20T08:14:00Z,LINEHAUL_CORRIDOR,463.4,1,21,9.24,PHARMA_GDP,26,COMPLETED
DSP-13446,RT-JAX_-LIN-06,JAX_FL,09/20/2025 09:46,LINEHAUL_CORRIDOR,411.5,1,25,8.25,PERISHABLE_FOOD,26,COMPLETED
DSP-13447,RT-HUB_-REG-07,HUB_03,2025-09-20 11:30:00,REGIONAL_DISTRIB,286.1,4,78,8.15,PERISHABLE_FOOD,26,COMPLETED
DSP-13448,RT-HUB_-LIN-08,HUB_03,2025-09-20T12:39:00Z,LINEHAUL_CORRIDOR,459.3,3,33,9.83,PERISHABLE_FOOD,26,COMPLETED
DSP-13449,RT-HUB_-LIN-09,HUB_03,09/21/2025 13:59,LINEHAUL_CORRIDOR,470.0,1,31,9.37,PERISHABLE_FOOD,26,COMPLETED
DSP-13450,RT-HUB_-REG-10,HUB_03,2025-09-21 11:50:00,REGIONAL_DISTRIB,300.8,5,55,8.83,PERISHABLE_FOOD,26,COMPLETED
DSP-13451,RT-HUB_-LIN-11,HUB_03,2025-09-21T08:04:00Z,LINEHAUL_CORRIDOR,413.2,2,22,8.61,PHARMA_GDP,26,COMPLETED
DSP-13452,RT-HUB_-REG-12,HUB_03,09/21/2025 12:13,REGIONAL_DISTRIB,295.8,4,71,8.38,PERISHABLE_FOOD,26,COMPLETED
DSP-13453,RT-JAX_-REG-13,JAX_FL,2025-09-22 09:25:00,REGIONAL_DISTRIB,277.0,4,69,7.93,PHARMA_GDP,26,COMPLETED
DSP-13454,RT-JAX_-REG-14,JAX_FL,2025-09-22T14:02:00Z,REGIONAL_DISTRIB,279.1,5,67,8.31,PERISHABLE_FOOD,26,VOID_TEST
DSP-13455,RT-HUB_-LOC-15,HUB_S,09/22/2025 15:23,LOCAL_URBAN,131.0,10,104,9.29,PHARMA_GDP,25,COMPLETED
DSP-13456,RT-HUB_-LOC-16,HUB_S,2025-09-22 08:05:00,LOCAL_URBAN,124.6,8,87,8.33,PERISHABLE_FOOD,25,COMPLETED
DSP-13457,RT-HUB_-LIN-17,HUB_S,2025-09-23T07:06:00Z,LINEHAUL_CORRIDOR,450.3,2,22,9.33,PERISHABLE_FOOD,26,COMPLETED
DSP-13458,RT-JAX_-REG-18,JAX_FL,09/23/2025 12:30,REGIONAL_DISTRIB,271.8,4,71,7.8,PERISHABLE_FOOD,26,COMPLETED
DSP-13459,RT-JAX_-REG-19,JAX_FL,2025-09-23 13:11:00,REGIONAL_DISTRIB,281.9,4,66,8.05,PHARMA_GDP,26,COMPLETED
DSP-13460,RT-HUB_-REG-20,HUB_S,2025-09-23T16:58:00Z,REGIONAL_DISTRIB,272.8,5,62,8.16,PHARMA_GDP,26,COMPLETED
DSP-13461,RT-HUB_-REG-21,HUB_03,09/24/2025 10:34,REGIONAL_DISTRIB,289.2,5,68,8.55,PHARMA_GDP,26,COMPLETED
DSP-13462,RT-JAX_-LIN-22,JAX_FL,2025-09-24 14:17:00,LINEHAUL_CORRIDOR,413.1,2,21,8.61,PERISHABLE_FOOD,26,COMPLETED
DSP-13463,RT-JAX_-LOC-23,JAX_FL,2025-09-24T12:40:00Z,LOCAL_URBAN,119.3,8,102,8.09,PERISHABLE_FOOD,26,COMPLETED
DSP-13464,RT-JAX_-REG-24,JAX_FL,09/24/2025 15:27,REGIONAL_DISTRIB,290.7,4,56,8.25,PHARMA_GDP,26,COMPLETED
DSP-13465,RT-HUB_-LIN-25,HUB_03,2025-09-25 15:44:00,LINEHAUL_CORRIDOR,457.4,2,28,9.46,PERISHABLE_FOOD,26,COMPLETED
DSP-13466,RT-HUB_-REG-26,HUB_03,2025-09-25T10:39:00Z,REGIONAL_DISTRIB,299.0,5,78,8.79,PHARMA_GDP,26,COMPLETED
DSP-13467,RT-JAX_-REG-27,JAX_FL,09/25/2025 09:35,REGIONAL_DISTRIB,294.4,5,76,8.68,PERISHABLE_FOOD,26,COMPLETED
DSP-13468,RT-HUB_-REG-28,HUB_S,2025-09-25 07:27:00,REGIONAL_DISTRIB,292.3,5,64,8.63,PHARMA_GDP,26,COMPLETED
DSP-13469,RT-HUB_-REG-29,HUB_S,2025-09-26T17:57:00Z,REGIONAL_DISTRIB,302.2,6,79,9.2,PHARMA_GDP,26,COMPLETED
DSP-13470,RT-HUB_-LIN-30,HUB_03,09/26/2025 17:13,LINEHAUL_CORRIDOR,456.3,3,39,9.78,PERISHABLE_FOOD,26,COMPLETED
DSP-13471,RT-HUB_-LIN-31,HUB_S,2025-09-26 10:08:00,LINEHAUL_CORRIDOR,429.2,2,22,8.92,PERISHABLE_FOOD,26,COMPLETED
DSP-13472,RT-HUB_-REG-32,HUB_03,2025-09-26T10:07:00Z,REGIONAL_DISTRIB,287.7,5,71,8.52,PERISHABLE_FOOD,26,COMPLETED
DSP-13473,RT-JAX_-LOC-33,JAX_FL,09/27/2025 16:32,LOCAL_URBAN,133.9,9,112,9.09,PHARMA_GDP,25,COMPLETED
DSP-13474,RT-HUB_-REG-34,HUB_03,2025-09-27 08:41:00,REGIONAL_DISTRIB,274.9,6,74,8.55,PERISHABLE_FOOD,26,COMPLETED
DSP-13475,RT-HUB_-REG-35,HUB_S,2025-09-27T07:14:00Z,REGIONAL_DISTRIB,303.8,6,73,9.23,PHARMA_GDP,26,COMPLETED
DSP-13476,RT-JAX_-REG-36,JAX_FL,09/27/2025 15:57,REGIONAL_DISTRIB,296.0,4,85,8.38,PERISHABLE_FOOD,26,COMPLETED
DSP-13477,RT-JAX_-REG-37,JAX_FL,2025-09-28 06:45:00,REGIONAL_DISTRIB,304.8,5,74,8.92,PHARMA_GDP,26,COMPLETED
DSP-13478,RT-JAX_-REG-38,JAX_FL,2025-09-28T17:14:00Z,REGIONAL_DISTRIB,282.5,4,56,8.06,PERISHABLE_FOOD,26,COMPLETED
DSP-13479,RT-HUB_-REG-39,HUB_03,09/28/2025 08:12,REGIONAL_DISTRIB,298.3,4,83,8.44,PERISHABLE_FOOD,26,COMPLETED
DSP-13480,RT-HUB_-LOC-40,HUB_03,2025-09-28 10:04:00,LOCAL_URBAN,125.4,10,88,9.03,PHARMA_GDP,25,COMPLETED
DSP-13481,RT-JAX_-REG-01,JAX_FL,2025-09-29T17:09:00Z,REGIONAL_DISTRIB,299.8,5,84,8.8,PERISHABLE_FOOD,26,COMPLETED
DSP-13482,RT-HUB_-LIN-02,HUB_S,09/29/2025 12:49,LINEHAUL_CORRIDOR,458.3,2,28,9.48,PERISHABLE_FOOD,26,COMPLETED
DSP-13483,RT-HUB_-LOC-03,HUB_03,2025-09-29 10:13:00,LOCAL_URBAN,116.2,10,86,8.62,PERISHABLE_FOOD,26,COMPLETED
DSP-13484,RT-HUB_-LOC-04,HUB_S,2025-09-29T06:21:00Z,LOCAL_URBAN,120.7,10,91,8.82,PERISHABLE_FOOD,26,COMPLETED
DSP-13485,RT-HUB_-REG-05,HUB_S,09/30/2025 15:28,REGIONAL_DISTRIB,300.4,5,69,8.82,PERISHABLE_FOOD,26,COMPLETED
DSP-13486,RT-JAX_-REG-06,JAX_FL,2025-09-30 10:48:00,REGIONAL_DISTRIB,286.5,6,71,8.82,PERISHABLE_FOOD,26,COMPLETED
DSP-13487,RT-JAX_-REG-07,JAX_FL,2025-09-30T05:37:00Z,REGIONAL_DISTRIB,280.3,5,85,8.34,PHARMA_GDP,26,COMPLETED
DSP-13488,RT-HUB_-LIN-08,HUB_S,09/30/2025 16:51,LINEHAUL_CORRIDOR,444.9,3,26,9.56,PHARMA_GDP,26,COMPLETED
DSP-13489,RT-HUB_-LOC-09,HUB_03,2025-10-01 14:08:00,LOCAL_URBAN,121.3,7,93,7.85,PHARMA_GDP,24,COMPLETED
DSP-13490,RT-HUB_-LIN-10,HUB_S,2025-10-01T14:45:00Z,LINEHAUL_CORRIDOR,460.5,3,29,9.86,PERISHABLE_FOOD,26,COMPLETED
DSP-13491,RT-JAX_-REG-11,JAX_FL,10/01/2025 08:15,REGIONAL_DISTRIB,265.3,4,66,7.65,PHARMA_GDP,26,COMPLETED
DSP-13492,RT-HUB_-LIN-12,HUB_S,2025-10-01 14:46:00,LINEHAUL_CORRIDOR,413.7,2,20,8.62,PERISHABLE_FOOD,26,COMPLETED
DSP-13493,RT-HUB_-LIN-13,HUB_03,2025-10-02T16:29:00Z,LINEHAUL_CORRIDOR,416.1,1,24,8.34,PERISHABLE_FOOD,26,COMPLETED
DSP-13494,RT-HUB_-LOC-14,HUB_S,10/02/2025 16:11,LOCAL_URBAN,130.9,8,111,8.62,PHARMA_GDP,25,COMPLETED
DSP-13495,RT-HUB_-REG-15,HUB_03,2025-10-02 08:10:00,REGIONAL_DISTRIB,299.3,5,61,8.79,PERISHABLE_FOOD,26,COMPLETED
DSP-13496,RT-JAX_-REG-16,JAX_FL,2025-10-02T11:56:00Z,REGIONAL_DISTRIB,282.1,4,72,8.05,PERISHABLE_FOOD,26,COMPLETED
DSP-13497,RT-JAX_-LIN-17,JAX_FL,10/03/2025 08:52,LINEHAUL_CORRIDOR,430.8,3,30,9.28,PERISHABLE_FOOD,26,COMPLETED
DSP-13498,RT-JAX_-LIN-18,JAX_FL,2025-10-03 10:38:00,LINEHAUL_CORRIDOR,414.8,1,25,8.31,PERISHABLE_FOOD,26,COMPLETED
DSP-13499,RT-HUB_-LIN-19,HUB_S,2025-10-03T11:23:00Z,LINEHAUL_CORRIDOR,441.4,3,32,9.49,PERISHABLE_FOOD,26,COMPLETED
DSP-13500,RT-HUB_-REG-20,HUB_03,10/03/2025 14:02,REGIONAL_DISTRIB,301.5,6,71,9.18,PERISHABLE_FOOD,26,COMPLETED
DSP-13501,RT-JAX_-LIN-21,JAX_FL,2025-10-04 08:35:00,LINEHAUL_CORRIDOR,469.4,2,21,9.69,PHARMA_GDP,26,COMPLETED
DSP-13502,RT-JAX_-LOC-22,JAX_FL,2025-10-04T09:17:00Z,LOCAL_URBAN,125.4,10,85,9.03,PERISHABLE_FOOD,24,COMPLETED
DSP-13503,RT-HUB_-REG-23,HUB_S,10/04/2025 08:20,REGIONAL_DISTRIB,279.5,5,71,8.32,PERISHABLE_FOOD,26,COMPLETED
DSP-13504,RT-JAX_-REG-24,JAX_FL,2025-10-04 08:00:00,REGIONAL_DISTRIB,277.5,5,85,8.27,PERISHABLE_FOOD,26,COMPLETED
DSP-13505,RT-HUB_-LIN-25,HUB_03,2025-10-05T13:05:00Z,LINEHAUL_CORRIDOR,468.9,3,27,10.02,PHARMA_GDP,26,COMPLETED
DSP-13506,RT-HUB_-REG-26,HUB_03,10/05/2025 08:47,REGIONAL_DISTRIB,263.6,6,55,8.28,PHARMA_GDP,26,COMPLETED
DSP-13507,RT-HUB_-LIN-27,HUB_03,2025-10-05 11:41:00,LINEHAUL_CORRIDOR,455.3,3,31,9.76,PERISHABLE_FOOD,26,COMPLETED
DSP-13508,RT-JAX_-LOC-28,JAX_FL,2025-10-05T05:46:00Z,LOCAL_URBAN,130.1,10,111,9.25,PERISHABLE_FOOD,24,COMPLETED
DSP-13509,RT-HUB_-REG-29,HUB_03,10/06/2025 17:59,REGIONAL_DISTRIB,291.8,5,61,8.61,PHARMA_GDP,26,COMPLETED
DSP-13510,RT-JAX_-REG-30,JAX_FL,2025-10-06 05:49:00,REGIONAL_DISTRIB,265.7,6,66,8.33,PERISHABLE_FOOD,26,COMPLETED
DSP-13511,RT-HUB_-LOC-31,HUB_03,2025-10-06T12:03:00Z,LOCAL_URBAN,128.2,8,101,8.49,PHARMA_GDP,25,COMPLETED
DSP-13512,RT-JAX_-REG-32,JAX_FL,10/06/2025 15:32,REGIONAL_DISTRIB,304.1,5,83,8.91,PERISHABLE_FOOD,26,COMPLETED
DSP-13513,RT-HUB_-REG-33,HUB_S,2025-10-07 18:07:00,REGIONAL_DISTRIB,303.7,6,82,9.23,PERISHABLE_FOOD,26,COMPLETED
DSP-13514,RT-HUB_-REG-34,HUB_03,2025-10-07T12:08:00Z,REGIONAL_DISTRIB,289.0,4,71,8.21,PHARMA_GDP,26,VOID_TEST
DSP-13515,RT-HUB_-REG-35,HUB_03,10/07/2025 16:44,REGIONAL_DISTRIB,301.7,5,78,8.85,PERISHABLE_FOOD,26,COMPLETED
DSP-13516,RT-JAX_-LOC-36,JAX_FL,2025-10-07 11:04:00,LOCAL_URBAN,131.2,8,98,8.63,PERISHABLE_FOOD,25,COMPLETED
DSP-13517,RT-JAX_-REG-37,JAX_FL,2025-10-08T11:07:00Z,REGIONAL_DISTRIB,260.5,5,83,7.87,PHARMA_GDP,26,COMPLETED
DSP-13518,RT-JAX_-LIN-38,JAX_FL,10/08/2025 06:10,LINEHAUL_CORRIDOR,467.5,2,28,9.66,PHARMA_GDP,26,COMPLETED
DSP-13519,RT-HUB_-REG-39,HUB_03,2025-10-08 15:02:00,REGIONAL_DISTRIB,263.8,6,56,8.28,PHARMA_GDP,26,COMPLETED
DSP-13520,RT-HUB_-REG-40,HUB_S,2025-10-08T08:04:00Z,REGIONAL_DISTRIB,302.5,5,57,8.87,PERISHABLE_FOOD,26,COMPLETED
DSP-13521,RT-HUB_-REG-01,HUB_03,10/09/2025 06:04,REGIONAL_DISTRIB,288.1,5,83,8.53,PERISHABLE_FOOD,26,COMPLETED
DSP-13522,RT-HUB_-REG-02,HUB_S,2025-10-09 10:55:00,REGIONAL_DISTRIB,269.8,5,63,8.09,PERISHABLE_FOOD,26,COMPLETED
DSP-13523,RT-HUB_-REG-03,HUB_S,2025-10-09T11:29:00Z,REGIONAL_DISTRIB,280.2,4,71,8.0,PERISHABLE_FOOD,26,COMPLETED
DSP-13524,RT-JAX_-REG-04,JAX_FL,10/09/2025 11:01,REGIONAL_DISTRIB,287.9,5,77,8.52,PERISHABLE_FOOD,26,COMPLETED
DSP-13525,RT-HUB_-REG-05,HUB_03,2025-10-10 15:45:00,REGIONAL_DISTRIB,276.7,5,55,8.25,PERISHABLE_FOOD,26,COMPLETED
DSP-13526,RT-HUB_-LOC-06,HUB_03,2025-10-10T11:26:00Z,LOCAL_URBAN,127.8,7,108,8.14,PHARMA_GDP,26,COMPLETED
DSP-13527,RT-HUB_-LIN-07,HUB_03,10/10/2025 08:17,LINEHAUL_CORRIDOR,443.5,3,31,9.53,PERISHABLE_FOOD,26,COMPLETED
DSP-13528,RT-HUB_-LOC-08,HUB_03,2025-10-10 08:19:00,LOCAL_URBAN,133.3,10,113,9.39,PERISHABLE_FOOD,26,COMPLETED
DSP-13529,RT-HUB_-REG-09,HUB_03,2025-10-11T06:49:00Z,REGIONAL_DISTRIB,264.3,4,74,7.63,PERISHABLE_FOOD,26,COMPLETED
DSP-13530,RT-HUB_-REG-10,HUB_03,10/11/2025 06:20,REGIONAL_DISTRIB,292.0,5,59,8.62,PHARMA_GDP,26,COMPLETED
DSP-13531,RT-HUB_-REG-11,HUB_S,2025-10-11 06:02:00,REGIONAL_DISTRIB,277.4,6,83,8.6,PHARMA_GDP,26,COMPLETED
DSP-13532,RT-JAX_-LOC-12,JAX_FL,2025-10-11T08:16:00Z,LOCAL_URBAN,133.8,8,103,8.75,PERISHABLE_FOOD,24,COMPLETED
DSP-13533,RT-HUB_-LIN-13,HUB_S,10/12/2025 14:42,LINEHAUL_CORRIDOR,427.1,2,20,8.88,PERISHABLE_FOOD,26,COMPLETED
DSP-13534,RT-HUB_-REG-14,HUB_03,2025-10-12 18:15:00,REGIONAL_DISTRIB,289.0,4,73,8.21,PHARMA_GDP,26,COMPLETED
DSP-13535,RT-JAX_-LIN-15,JAX_FL,2025-10-12T15:06:00Z,LINEHAUL_CORRIDOR,431.7,3,25,9.3,PHARMA_GDP,26,COMPLETED
DSP-13536,RT-HUB_-REG-16,HUB_S,10/12/2025 18:28,REGIONAL_DISTRIB,296.8,6,84,9.07,PHARMA_GDP,26,COMPLETED
DSP-13537,RT-HUB_-REG-17,HUB_S,2025-10-13 17:37:00,REGIONAL_DISTRIB,278.3,4,72,7.96,PERISHABLE_FOOD,26,COMPLETED
DSP-13538,RT-HUB_-LIN-18,HUB_03,2025-10-13T12:34:00Z,LINEHAUL_CORRIDOR,453.8,1,28,9.06,PERISHABLE_FOOD,26,COMPLETED
DSP-13539,RT-JAX_-LIN-19,JAX_FL,10/13/2025 13:56,LINEHAUL_CORRIDOR,447.4,3,25,9.6,PERISHABLE_FOOD,26,COMPLETED
DSP-13540,RT-HUB_-REG-20,HUB_03,2025-10-13 17:40:00,REGIONAL_DISTRIB,296.9,4,79,8.4,PHARMA_GDP,26,COMPLETED
DSP-13541,RT-JAX_-LIN-21,JAX_FL,2025-10-14T13:32:00Z,LINEHAUL_CORRIDOR,440.2,1,21,8.8,PHARMA_GDP,26,COMPLETED
DSP-13542,RT-JAX_-LIN-22,JAX_FL,10/14/2025 14:54,LINEHAUL_CORRIDOR,413.0,3,40,8.94,PERISHABLE_FOOD,26,COMPLETED
DSP-13543,RT-HUB_-LIN-23,HUB_03,2025-10-14 13:39:00,LINEHAUL_CORRIDOR,419.5,1,38,8.4,PHARMA_GDP,26,COMPLETED
DSP-13544,RT-HUB_-LOC-24,HUB_S,2025-10-14T09:18:00Z,LOCAL_URBAN,119.8,8,86,8.11,PERISHABLE_FOOD,24,COMPLETED
DSP-13545,RT-JAX_-REG-25,JAX_FL,10/15/2025 12:35,REGIONAL_DISTRIB,262.4,5,84,7.91,PERISHABLE_FOOD,26,VOID_TEST
DSP-13546,RT-JAX_-REG-26,JAX_FL,2025-10-15 09:32:00,REGIONAL_DISTRIB,284.7,6,57,8.78,PERISHABLE_FOOD,26,COMPLETED
DSP-13547,RT-HUB_-LOC-27,HUB_S,2025-10-15T10:21:00Z,LOCAL_URBAN,128.1,8,81,8.49,PERISHABLE_FOOD,24,COMPLETED
DSP-13548,RT-HUB_-REG-28,HUB_03,10/15/2025 17:55,REGIONAL_DISTRIB,303.1,4,63,8.55,PERISHABLE_FOOD,26,COMPLETED
DSP-13549,RT-JAX_-REG-29,JAX_FL,2025-10-16 07:44:00,REGIONAL_DISTRIB,275.6,6,59,8.56,PHARMA_GDP,26,COMPLETED
DSP-13550,RT-HUB_-LIN-30,HUB_03,2025-10-16T16:02:00Z,LINEHAUL_CORRIDOR,422.5,2,20,8.79,PERISHABLE_FOOD,26,COMPLETED
DSP-13551,RT-HUB_-REG-31,HUB_S,10/16/2025 05:42,REGIONAL_DISTRIB,298.4,6,79,9.1,PHARMA_GDP,26,COMPLETED
DSP-13552,RT-JAX_-REG-32,JAX_FL,2025-10-16 05:30:00,REGIONAL_DISTRIB,298.7,4,56,8.45,PERISHABLE_FOOD,26,COMPLETED
DSP-13553,RT-JAX_-REG-33,JAX_FL,2025-10-17T16:38:00Z,REGIONAL_DISTRIB,301.1,5,67,8.84,PERISHABLE_FOOD,26,COMPLETED
DSP-13554,RT-HUB_-REG-34,HUB_S,10/17/2025 14:22,REGIONAL_DISTRIB,280.8,4,70,8.02,PHARMA_GDP,26,VOID_TEST
DSP-13555,RT-HUB_-REG-35,HUB_S,2025-10-17 08:45:00,REGIONAL_DISTRIB,299.0,4,63,8.45,PERISHABLE_FOOD,26,COMPLETED
DSP-13556,RT-HUB_-REG-36,HUB_03,2025-10-17T09:48:00Z,REGIONAL_DISTRIB,261.4,5,65,7.89,PERISHABLE_FOOD,26,COMPLETED
DSP-13557,RT-JAX_-REG-37,JAX_FL,10/18/2025 12:51,REGIONAL_DISTRIB,284.8,6,83,8.78,PERISHABLE_FOOD,26,COMPLETED
DSP-13558,RT-HUB_-LIN-38,HUB_S,2025-10-18 14:23:00,LINEHAUL_CORRIDOR,439.6,1,36,8.79,PERISHABLE_FOOD,26,COMPLETED
DSP-13559,RT-JAX_-REG-39,JAX_FL,2025-10-18T09:09:00Z,REGIONAL_DISTRIB,302.5,6,63,9.2,PHARMA_GDP,26,COMPLETED
DSP-13560,RT-JAX_-LIN-40,JAX_FL,10/18/2025 18:18,LINEHAUL_CORRIDOR,456.9,1,29,9.12,PERISHABLE_FOOD,26,COMPLETED
DSP-13561,RT-HUB_-REG-01,HUB_03,2025-10-19 15:23:00,REGIONAL_DISTRIB,300.9,6,77,9.16,PERISHABLE_FOOD,26,COMPLETED
DSP-13562,RT-HUB_-LIN-02,HUB_S,2025-10-19T09:58:00Z,LINEHAUL_CORRIDOR,441.9,1,28,8.83,PERISHABLE_FOOD,26,COMPLETED
DSP-13563,RT-HUB_-REG-03,HUB_03,10/19/2025 16:47,REGIONAL_DISTRIB,300.4,5,71,8.82,PERISHABLE_FOOD,26,COMPLETED
DSP-13564,RT-HUB_-REG-04,HUB_S,2025-10-19 10:52:00,REGIONAL_DISTRIB,264.0,4,67,7.62,PHARMA_GDP,26,COMPLETED
DSP-13565,RT-JAX_-REG-05,JAX_FL,2025-10-20T06:02:00Z,REGIONAL_DISTRIB,278.0,4,63,7.95,PHARMA_GDP,26,COMPLETED
DSP-13566,RT-JAX_-LIN-06,JAX_FL,10/20/2025 16:49,LINEHAUL_CORRIDOR,425.2,1,31,8.51,PERISHABLE_FOOD,26,COMPLETED
DSP-13567,RT-JAX_-REG-07,JAX_FL,2025-10-20 09:54:00,REGIONAL_DISTRIB,263.1,5,72,7.93,PHARMA_GDP,26,COMPLETED
DSP-13568,RT-HUB_-LIN-08,HUB_S,2025-10-20T17:51:00Z,LINEHAUL_CORRIDOR,414.6,3,39,8.97,PHARMA_GDP,26,COMPLETED
DSP-13569,RT-JAX_-REG-09,JAX_FL,10/21/2025 13:45,REGIONAL_DISTRIB,277.1,5,84,8.26,PHARMA_GDP,26,COMPLETED
DSP-13570,RT-HUB_-LIN-10,HUB_03,2025-10-21 17:31:00,LINEHAUL_CORRIDOR,466.6,1,35,9.31,PERISHABLE_FOOD,26,COMPLETED
DSP-13571,RT-JAX_-REG-11,JAX_FL,2025-10-21T15:56:00Z,REGIONAL_DISTRIB,290.9,5,65,8.59,PERISHABLE_FOOD,26,COMPLETED
DSP-13572,RT-HUB_-LOC-12,HUB_S,10/21/2025 15:38,LOCAL_URBAN,134.8,7,85,8.46,PERISHABLE_FOOD,25,COMPLETED
DSP-13573,RT-HUB_-LIN-13,HUB_S,2025-10-22 15:38:00,LINEHAUL_CORRIDOR,468.1,2,38,9.67,PERISHABLE_FOOD,26,COMPLETED
DSP-13574,RT-JAX_-LIN-14,JAX_FL,2025-10-22T13:53:00Z,LINEHAUL_CORRIDOR,468.0,2,26,9.67,PHARMA_GDP,26,COMPLETED
DSP-13575,RT-HUB_-LIN-15,HUB_S,10/22/2025 09:31,LINEHAUL_CORRIDOR,429.5,3,40,9.26,PERISHABLE_FOOD,26,COMPLETED
DSP-13576,RT-JAX_-REG-16,JAX_FL,2025-10-22 08:56:00,REGIONAL_DISTRIB,278.3,5,56,8.29,PERISHABLE_FOOD,26,COMPLETED
DSP-13577,RT-HUB_-LIN-17,HUB_03,2025-10-23T13:47:00Z,LINEHAUL_CORRIDOR,455.2,1,27,9.09,PHARMA_GDP,26,COMPLETED
DSP-13578,RT-JAX_-LIN-18,JAX_FL,10/23/2025 18:01,LINEHAUL_CORRIDOR,458.8,1,20,9.16,PERISHABLE_FOOD,26,COMPLETED
DSP-13579,RT-HUB_-LIN-19,HUB_03,2025-10-23 14:52:00,LINEHAUL_CORRIDOR,444.6,3,23,9.55,PHARMA_GDP,26,COMPLETED
DSP-13580,RT-JAX_-LIN-20,JAX_FL,2025-10-23T17:18:00Z,LINEHAUL_CORRIDOR,435.7,2,29,9.05,PHARMA_GDP,26,COMPLETED
DSP-13581,RT-JAX_-REG-21,JAX_FL,10/24/2025 13:30,REGIONAL_DISTRIB,275.9,5,59,8.24,PERISHABLE_FOOD,26,COMPLETED
DSP-13582,RT-HUB_-REG-22,HUB_S,2025-10-24 08:47:00,REGIONAL_DISTRIB,301.9,6,82,9.19,PHARMA_GDP,26,COMPLETED
DSP-13583,RT-JAX_-REG-23,JAX_FL,2025-10-24T15:37:00Z,REGIONAL_DISTRIB,272.8,5,73,8.16,PHARMA_GDP,26,COMPLETED
DSP-13584,RT-JAX_-REG-24,JAX_FL,10/24/2025 16:35,REGIONAL_DISTRIB,270.3,4,68,7.77,PHARMA_GDP,26,COMPLETED
DSP-13585,RT-JAX_-LIN-25,JAX_FL,2025-10-25 08:13:00,LINEHAUL_CORRIDOR,413.2,2,20,8.61,PERISHABLE_FOOD,26,COMPLETED
DSP-13586,RT-HUB_-REG-26,HUB_03,2025-10-25T06:24:00Z,REGIONAL_DISTRIB,275.2,5,85,8.22,PHARMA_GDP,26,COMPLETED
DSP-13587,RT-JAX_-REG-27,JAX_FL,10/25/2025 16:15,REGIONAL_DISTRIB,272.7,6,84,8.49,PERISHABLE_FOOD,26,COMPLETED
DSP-13588,RT-HUB_-REG-28,HUB_S,2025-10-25 15:43:00,REGIONAL_DISTRIB,275.8,4,80,7.9,PERISHABLE_FOOD,26,COMPLETED
DSP-13589,RT-JAX_-REG-29,JAX_FL,2025-10-26T15:05:00Z,REGIONAL_DISTRIB,281.2,5,82,8.36,PHARMA_GDP,26,COMPLETED
DSP-13590,RT-HUB_-LOC-30,HUB_S,10/26/2025 17:00,LOCAL_URBAN,113.5,9,104,8.16,PHARMA_GDP,25,COMPLETED
DSP-13591,RT-HUB_-REG-31,HUB_S,2025-10-26 06:13:00,REGIONAL_DISTRIB,285.2,6,78,8.79,PERISHABLE_FOOD,26,COMPLETED
DSP-13592,RT-JAX_-REG-32,JAX_FL,2025-10-26T06:56:00Z,REGIONAL_DISTRIB,302.0,4,70,8.52,PERISHABLE_FOOD,26,COMPLETED
DSP-13593,RT-HUB_-LIN-33,HUB_03,10/27/2025 15:24,LINEHAUL_CORRIDOR,425.5,2,40,8.85,PHARMA_GDP,26,COMPLETED
DSP-13594,RT-HUB_-LIN-34,HUB_S,2025-10-27 12:43:00,LINEHAUL_CORRIDOR,437.4,2,25,9.08,PERISHABLE_FOOD,26,COMPLETED
DSP-13595,RT-JAX_-REG-35,JAX_FL,2025-10-27T09:01:00Z,REGIONAL_DISTRIB,284.6,6,79,8.78,PHARMA_GDP,26,COMPLETED
DSP-13596,RT-JAX_-REG-36,JAX_FL,10/27/2025 12:30,REGIONAL_DISTRIB,273.2,6,81,8.5,PERISHABLE_FOOD,26,COMPLETED
DSP-13597,RT-JAX_-REG-37,JAX_FL,2025-10-28 06:40:00,REGIONAL_DISTRIB,265.4,4,65,7.65,PHARMA_GDP,26,COMPLETED
DSP-13598,RT-JAX_-LIN-38,JAX_FL,2025-10-28T12:00:00Z,LINEHAUL_CORRIDOR,443.3,1,37,8.86,PERISHABLE_FOOD,26,COMPLETED
DSP-13599,RT-JAX_-LOC-39,JAX_FL,10/28/2025 13:57,LOCAL_URBAN,120.2,10,106,8.8,PERISHABLE_FOOD,24,COMPLETED
DSP-13600,RT-JAX_-LIN-40,JAX_FL,2025-10-28 12:34:00,LINEHAUL_CORRIDOR,443.0,1,38,8.85,PERISHABLE_FOOD,26,COMPLETED
